日期,價格(元/公斤),價格(元/公斤)_lag1,價格(元/公斤)_lag7,價格(元/公斤)_lag14,價格(元/公斤)_ma3,價格(元/公斤)_ma7,氣溫(℃)_rollmean_7d,最低氣溫(℃)_rollmean_7d,最低氣溫(℃)_rollmin_7d,降水量(mm)_rollsum_7d,日照時數(hour)_rollmean_7d,相對溼度(%)_rollmean_7d,最大陣風(m/s)_rollmax_7d,is_cold_wave,is_strong_cold,is_frost_risk,is_heavy_rain,is_strong_wind,consecutive_rainy_days,month_sin,month_cos,is_winter
107/11/01,14.554285714285712,,,,,,,,,,,,,,,,,,,-0.5000000000000004,0.8660254037844384,1.0
107/11/02,17.332857142857144,,,,,,,,,,,,,,,,,,,-0.5000000000000004,0.8660254037844384,1.0
107/11/03,19.85384615384616,,,,,,,,,,,,,,,,,,,-0.5000000000000004,0.8660254037844384,1.0
107/11/04,19.545,,,,,,,,,,,,,,,,,,,-0.5000000000000004,0.8660254037844384,1.0
107/11/05,16.5,,,,,,,,,,,,,,,,,,,-0.5000000000000004,0.8660254037844384,1.0
107/11/06,18.446,,,,,,,,,,,,,,,,,,,-0.5000000000000004,0.8660254037844384,1.0
107/11/07,18.57857142857143,,,,,,,,,,,,,,,,,,,-0.5000000000000004,0.8660254037844384,1.0
107/11/08,16.876923076923077,,,,,,,,,,,,,,,,,,,-0.5000000000000004,0.8660254037844384,1.0
107/11/09,18.37,,,,,,,,,,,,,,,,,,,-0.5000000000000004,0.8660254037844384,1.0
107/11/10,19.30538461538461,,,,,,,,,,,,,,,,,,,-0.5000000000000004,0.8660254037844384,1.0
107/11/11,19.59583333333333,,,,,,,,,,,,,,,,,,,-0.5000000000000004,0.8660254037844384,1.0
107/11/12,16.6,,,,,,,,,,,,,,,,,,,-0.5000000000000004,0.8660254037844384,1.0
107/11/13,21.38142857142857,,,,,,,,,,,,,,,,,,,-0.5000000000000004,0.8660254037844384,1.0
107/11/14,21.752857142857145,,,,,,,,,,,,,,,,,,,-0.5000000000000004,0.8660254037844384,1.0
107/11/15,23.18428571428572,,,,,,,,,,,,,,,,,,,-0.5000000000000004,0.8660254037844384,1.0
107/11/16,26.21,,,,,,,,,,,,,,,,,,,-0.5000000000000004,0.8660254037844384,1.0
107/11/17,26.69,,,,,,,,,,,,,,,,,,,-0.5000000000000004,0.8660254037844384,1.0
107/11/18,29.17083333333333,,,,,,,,,,,,,,,,,,,-0.5000000000000004,0.8660254037844384,1.0
107/11/19,26.1,,,,,,,,,,,,,,,,,,,-0.5000000000000004,0.8660254037844384,1.0
107/11/20,29.638571428571428,,,,,,,,,,,,,,,,,,,-0.5000000000000004,0.8660254037844384,1.0
107/11/21,29.979333333333333,,,,,,,,,,,,,,,,,,,-0.5000000000000004,0.8660254037844384,1.0
107/11/22,30.462857142857143,,,,,,,,,,,,,,,,,,,-0.5000000000000004,0.8660254037844384,1.0
107/11/23,30.324285714285715,,,,,,,,,,,,,,,,,,,-0.5000000000000004,0.8660254037844384,1.0
107/11/24,33.095,,,,,,,,,,,,,,,,,,,-0.5000000000000004,0.8660254037844384,1.0
107/11/25,34.71,,,,,,,,,,,,,,,,,,,-0.5000000000000004,0.8660254037844384,1.0
107/11/26,27.933333333333334,,,,,,,,,,,,,,,,,,,-0.5000000000000004,0.8660254037844384,1.0
107/11/27,35.66,,,,,,,,,,,,,,,,,,,-0.5000000000000004,0.8660254037844384,1.0
107/11/28,37.65307692307693,,,,,,,,,,,,,,,,,,,-0.5000000000000004,0.8660254037844384,1.0
107/11/29,34.809999999999995,,,,,,,,,,,,,,,,,,,-0.5000000000000004,0.8660254037844384,1.0
107/11/30,30.86928571428572,,,,,,,,,,,,,,,,,,,-0.5000000000000004,0.8660254037844384,1.0
107/12/01,27.33142857142857,,,,,,,,,,,,,,,,,,,-2.4492935982947064e-16,1.0,1.0
107/12/02,34.596666666666664,,,,,,,,,,,,,,,,,,,-2.4492935982947064e-16,1.0,1.0
107/12/03,28.4,,,,,,,,,,,,,,,,,,,-2.4492935982947064e-16,1.0,1.0
107/12/04,31.61642857142857,,,,,,,,,,,,,,,,,,,-2.4492935982947064e-16,1.0,1.0
107/12/05,27.953333333333333,,,,,,,,,,,,,,,,,,,-2.4492935982947064e-16,1.0,1.0
107/12/06,27.76153846153846,,,,,,,,,,,,,,,,,,,-2.4492935982947064e-16,1.0,1.0
107/12/07,25.60076923076923,,,,,,,,,,,,,,,,,,,-2.4492935982947064e-16,1.0,1.0
107/12/08,23.818571428571428,,,,,,,,,,,,,,,,,,,-2.4492935982947064e-16,1.0,1.0
107/12/09,26.954545454545453,,,,,,,,,,,,,,,,,,,-2.4492935982947064e-16,1.0,1.0
107/12/10,20.4,,,,,,,,,,,,,,,,,,,-2.4492935982947064e-16,1.0,1.0
107/12/11,22.88714285714286,,,,,,,,,,,,,,,,,,,-2.4492935982947064e-16,1.0,1.0
107/12/12,23.45,,,,,,,,,,,,,,,,,,,-2.4492935982947064e-16,1.0,1.0
107/12/13,22.074666666666666,,,,,,,,,,,,,,,,,,,-2.4492935982947064e-16,1.0,1.0
107/12/14,24.243571428571432,,,,,,,,,,,,,,,,,,,-2.4492935982947064e-16,1.0,1.0
107/12/15,23.72153846153846,,,,,,,,,,,,,,,,,,,-2.4492935982947064e-16,1.0,1.0
107/12/16,23.15833333333333,,,,,,,,,,,,,,,,,,,-2.4492935982947064e-16,1.0,1.0
107/12/17,22.95,,,,,,,,,,,,,,,,,,,-2.4492935982947064e-16,1.0,1.0
107/12/18,25.252142857142854,,,,,,,,,,,,,,,,,,,-2.4492935982947064e-16,1.0,1.0
107/12/19,24.445,,,,,,,,,,,,,,,,,,,-2.4492935982947064e-16,1.0,1.0
107/12/20,24.828461538461536,,,,,,,,,,,,,,,,,,,-2.4492935982947064e-16,1.0,1.0
107/12/21,24.069230769230767,,,,,,,,,,,,,,,,,,,-2.4492935982947064e-16,1.0,1.0
107/12/22,22.13428571428572,,,,,,,,,,,,,,,,,,,-2.4492935982947064e-16,1.0,1.0
107/12/23,23.94181818181818,,,,,,,,,,,,,,,,,,,-2.4492935982947064e-16,1.0,1.0
107/12/24,19.4,,,,,,,,,,,,,,,,,,,-2.4492935982947064e-16,1.0,1.0
107/12/25,20.76384615384616,,,,,,,,,,,,,,,,,,,-2.4492935982947064e-16,1.0,1.0
107/12/26,17.375714285714285,,,,,,,,,,,,,,,,,,,-2.4492935982947064e-16,1.0,1.0
107/12/27,17.13714285714286,,,,,,,,,,,,,,,,,,,-2.4492935982947064e-16,1.0,1.0
107/12/28,16.44214285714286,,,,,,,,,,,,,,,,,,,-2.4492935982947064e-16,1.0,1.0
107/12/29,16.784285714285712,,,,,,,,,,,,,,,,,,,-2.4492935982947064e-16,1.0,1.0
107/12/30,18.284166666666668,,,,,,,,,,,,,,,,,,,-2.4492935982947064e-16,1.0,1.0
107/12/31,16.7,,,,,,,,,,,,,,,,,,,-2.4492935982947064e-16,1.0,1.0
108/01/01,19.37142857142857,,,,,,,,,,,,,,,,,,,0.4999999999999999,0.8660254037844387,1.0
108/01/02,18.659333333333333,,,,,,,,,,,,,,,,,,,0.4999999999999999,0.8660254037844387,1.0
108/01/03,16.02,,,,,,,,,,,,,,,,,,,0.4999999999999999,0.8660254037844387,1.0
108/01/04,18.04866666666667,,,,,,,,,,,,,,,,,,,0.4999999999999999,0.8660254037844387,1.0
108/01/05,15.940714285714288,,,,,,,,,,,,,,,,,,,0.4999999999999999,0.8660254037844387,1.0
108/01/06,14.6025,,,,,,,,,,,,,,,,,,,0.4999999999999999,0.8660254037844387,1.0
108/01/07,16.25,,,,,,,,,,,,,,,,,,,0.4999999999999999,0.8660254037844387,1.0
108/01/08,13.813076923076922,,,,,,,,,,,,,,,,,,,0.4999999999999999,0.8660254037844387,1.0
108/01/09,14.442666666666666,,,,,,,,,,,,,,,,,,,0.4999999999999999,0.8660254037844387,1.0
108/01/10,12.028571428571428,,,,,,,,,,,,,,,,,,,0.4999999999999999,0.8660254037844387,1.0
108/01/11,13.233571428571429,,,,,,,,,,,,,,,,,,,0.4999999999999999,0.8660254037844387,1.0
108/01/12,12.684285714285712,,,,,,,,,,,,,,,,,,,0.4999999999999999,0.8660254037844387,1.0
108/01/13,13.264166666666666,,,,,,,,,,,,,,,,,,,0.4999999999999999,0.8660254037844387,1.0
108/01/14,16.099999999999998,,,,,,,,,,,,,,,,,,,0.4999999999999999,0.8660254037844387,1.0
108/01/15,13.305714285714286,,,,,,,,,,,,,,,,,,,0.4999999999999999,0.8660254037844387,1.0
108/01/16,12.97,,,,,,,,,,,,,,,,,,,0.4999999999999999,0.8660254037844387,1.0
108/01/17,13.841333333333331,,,,,,,,,,,,,,,,,,,0.4999999999999999,0.8660254037844387,1.0
108/01/18,14.598571428571429,,,,,,,,,,,,,,,,,,,0.4999999999999999,0.8660254037844387,1.0
108/01/19,14.035714285714286,,,,,,,,,,,,,,,,,,,0.4999999999999999,0.8660254037844387,1.0
108/01/20,14.984615384615385,,,,,,,,,,,,,,,,,,,0.4999999999999999,0.8660254037844387,1.0
108/01/21,19.825,,,,,,,,,,,,,,,,,,,0.4999999999999999,0.8660254037844387,1.0
108/01/22,17.926,,,,,,,,,,,,,,,,,,,0.4999999999999999,0.8660254037844387,1.0
108/01/23,15.680714285714286,,,,,,,,,,,,,,,,,,,0.4999999999999999,0.8660254037844387,1.0
108/01/24,16.312666666666665,,,,,,,,,,,,,,,,,,,0.4999999999999999,0.8660254037844387,1.0
108/01/25,18.040666666666667,,,,,,,,,,,,,,,,,,,0.4999999999999999,0.8660254037844387,1.0
108/01/26,17.147142857142857,,,,,,,,,,,,,,,,,,,0.4999999999999999,0.8660254037844387,1.0
108/01/27,18.466666666666665,,,,,,,,,,,,,,,,,,,0.4999999999999999,0.8660254037844387,1.0
108/01/28,25.866666666666664,,,,,,,,,,,,,,,,,,,0.4999999999999999,0.8660254037844387,1.0
108/01/29,19.44,,,,,,,,,,,,,,,,,,,0.4999999999999999,0.8660254037844387,1.0
108/01/30,18.40357142857143,,,,,,,,,,,,,,,,,,,0.4999999999999999,0.8660254037844387,1.0
108/01/31,19.88714285714286,,,,,,,,,,,,,,,,,,,0.4999999999999999,0.8660254037844387,1.0
108/11/01,19.275714285714287,,,,,,,,,,,,,,,,,,,-0.5000000000000004,0.8660254037844384,1.0
108/11/02,21.14846153846154,,,,,,,,,,,,,,,,,,,-0.5000000000000004,0.8660254037844384,1.0
108/11/03,23.07166666666667,,,,,,,,,,,,,,,,,,,-0.5000000000000004,0.8660254037844384,1.0
108/11/04,16.4,,,,,,,,,,,,,,,,,,,-0.5000000000000004,0.8660254037844384,1.0
108/11/05,20.764285714285712,,,,,,,,,,,,,,,,,,,-0.5000000000000004,0.8660254037844384,1.0
108/11/06,20.91333333333333,,,,,,,,,,,,,,,,,,,-0.5000000000000004,0.8660254037844384,1.0
108/11/07,20.985714285714288,,,,,,,,,,,,,,,,,,,-0.5000000000000004,0.8660254037844384,1.0
108/11/08,21.12142857142857,,,,,,,,,,,,,,,,,,,-0.5000000000000004,0.8660254037844384,1.0
108/11/09,24.092857142857145,,,,,,,,,,,,,,,,,,,-0.5000000000000004,0.8660254037844384,1.0
108/11/10,25.745,,,,,,,,,,,,,,,,,,,-0.5000000000000004,0.8660254037844384,1.0
108/11/11,24.6,,,,,,,,,,,,,,,,,,,-0.5000000000000004,0.8660254037844384,1.0
108/11/12,29.025384615384613,,,,,,,,,,,,,,,,,,,-0.5000000000000004,0.8660254037844384,1.0
108/11/13,30.071538461538463,,,,,,,,,,,,,,,,,,,-0.5000000000000004,0.8660254037844384,1.0
108/11/14,29.6,,,,,,,,,,,,,,,,,,,-0.5000000000000004,0.8660254037844384,1.0
108/11/15,29.47,,,,,,,,,,,,,,,,,,,-0.5000000000000004,0.8660254037844384,1.0
108/11/16,31.273333333333333,,,,,,,,,,,,,,,,,,,-0.5000000000000004,0.8660254037844384,1.0
108/11/17,29.71,,,,,,,,,,,,,,,,,,,-0.5000000000000004,0.8660254037844384,1.0
108/11/18,27.8,,,,,,,,,,,,,,,,,,,-0.5000000000000004,0.8660254037844384,1.0
108/11/19,26.98857142857143,,,,,,,,,,,,,,,,,,,-0.5000000000000004,0.8660254037844384,1.0
108/11/20,23.63533333333333,,,,,,,,,,,,,,,,,,,-0.5000000000000004,0.8660254037844384,1.0
108/11/21,24.555333333333333,,,,,,,,,,,,,,,,,,,-0.5000000000000004,0.8660254037844384,1.0
108/11/22,24.724666666666668,,,,,,,,,,,,,,,,,,,-0.5000000000000004,0.8660254037844384,1.0
108/11/23,26.70230769230769,,,,,,,,,,,,,,,,,,,-0.5000000000000004,0.8660254037844384,1.0
108/11/24,28.348000000000003,,,,,,,,,,,,,,,,,,,-0.5000000000000004,0.8660254037844384,1.0
108/11/25,23.9,,,,,,,,,,,,,,,,,,,-0.5000000000000004,0.8660254037844384,1.0
108/11/26,27.182666666666663,,,,,,,,,,,,,,,,,,,-0.5000000000000004,0.8660254037844384,1.0
108/11/27,25.92933333333333,,,,,,,,,,,,,,,,,,,-0.5000000000000004,0.8660254037844384,1.0
108/11/28,24.99714285714285,,,,,,,,,,,,,,,,,,,-0.5000000000000004,0.8660254037844384,1.0
108/11/29,24.00642857142857,,,,,,,,,,,,,,,,,,,-0.5000000000000004,0.8660254037844384,1.0
108/11/30,26.22307692307692,,,,,,,,,,,,,,,,,,,-0.5000000000000004,0.8660254037844384,1.0
108/12/01,24.629166666666663,,,,,,,,,,,,,,,,,,,-2.4492935982947064e-16,1.0,1.0
108/12/02,26.1,,,,,,,,,,,,,,,,,,,-2.4492935982947064e-16,1.0,1.0
108/12/03,26.37857142857143,,,,,,,,,,,,,,,,,,,-2.4492935982947064e-16,1.0,1.0
108/12/04,29.048571428571428,,,,,,,,,,,,,,,,,,,-2.4492935982947064e-16,1.0,1.0
108/12/05,29.87642857142857,,,,,,,,,,,,,,,,,,,-2.4492935982947064e-16,1.0,1.0
108/12/06,31.91846153846154,,,,,,,,,,,,,,,,,,,-2.4492935982947064e-16,1.0,1.0
108/12/07,34.459230769230764,,,,,,,,,,,,,,,,,,,-2.4492935982947064e-16,1.0,1.0
108/12/08,36.59090909090909,,,,,,,,,,,,,,,,,,,-2.4492935982947064e-16,1.0,1.0
108/12/09,34.25,,,,,,,,,,,,,,,,,,,-2.4492935982947064e-16,1.0,1.0
108/12/10,37.055,,,,,,,,,,,,,,,,,,,-2.4492935982947064e-16,1.0,1.0
108/12/11,33.95428571428572,,,,,,,,,,,,,,,,,,,-2.4492935982947064e-16,1.0,1.0
108/12/12,33.79538461538462,,,,,,,,,,,,,,,,,,,-2.4492935982947064e-16,1.0,1.0
108/12/13,31.92,,,,,,,,,,,,,,,,,,,-2.4492935982947064e-16,1.0,1.0
108/12/14,29.53,,,,,,,,,,,,,,,,,,,-2.4492935982947064e-16,1.0,1.0
108/12/15,30.183333333333334,,,,,,,,,,,,,,,,,,,-2.4492935982947064e-16,1.0,1.0
108/12/16,32.6,,,,,,,,,,,,,,,,,,,-2.4492935982947064e-16,1.0,1.0
108/12/17,32.276428571428575,,,,,,,,,,,,,,,,,,,-2.4492935982947064e-16,1.0,1.0
108/12/18,30.77928571428572,,,,,,,,,,,,,,,,,,,-2.4492935982947064e-16,1.0,1.0
108/12/19,27.346,,,,,,,,,,,,,,,,,,,-2.4492935982947064e-16,1.0,1.0
108/12/20,23.573571428571427,,,,,,,,,,,,,,,,,,,-2.4492935982947064e-16,1.0,1.0
108/12/21,27.10571428571429,,,,,,,,,,,,,,,,,,,-2.4492935982947064e-16,1.0,1.0
108/12/22,25.225833333333338,,,,,,,,,,,,,,,,,,,-2.4492935982947064e-16,1.0,1.0
108/12/23,26.2,,,,,,,,,,,,,,,,,,,-2.4492935982947064e-16,1.0,1.0
108/12/24,23.407692307692308,,,,,,,,,,,,,,,,,,,-2.4492935982947064e-16,1.0,1.0
108/12/25,20.822142857142858,,,,,,,,,,,,,,,,,,,-2.4492935982947064e-16,1.0,1.0
108/12/26,22.35214285714286,,,,,,,,,,,,,,,,,,,-2.4492935982947064e-16,1.0,1.0
108/12/27,20.16,,,,,,,,,,,,,,,,,,,-2.4492935982947064e-16,1.0,1.0
108/12/28,22.15384615384616,,,,,,,,,,,,,,,,,,,-2.4492935982947064e-16,1.0,1.0
108/12/29,22.52,,,,,,,,,,,,,,,,,,,-2.4492935982947064e-16,1.0,1.0
108/12/30,20.75,,,,,,,,,,,,,,,,,,,-2.4492935982947064e-16,1.0,1.0
108/12/31,25.44066666666667,,,,,,,,,,,,,,,,,,,-2.4492935982947064e-16,1.0,1.0
109/01/01,24.018571428571427,,,,,,,,,,,,,,,,,,,0.4999999999999999,0.8660254037844387,1.0
109/01/02,23.59642857142857,,,,,,,,,,,,,,,,,,,0.4999999999999999,0.8660254037844387,1.0
109/01/03,23.014,,,,,,,,,,,,,,,,,,,0.4999999999999999,0.8660254037844387,1.0
109/01/04,21.75857142857143,,,,,,,,,,,,,,,,,,,0.4999999999999999,0.8660254037844387,1.0
109/01/05,22.43,,,,,,,,,,,,,,,,,,,0.4999999999999999,0.8660254037844387,1.0
109/01/06,20.75,,,,,,,,,,,,,,,,,,,0.4999999999999999,0.8660254037844387,1.0
109/01/07,23.90857142857143,,,,,,,,,,,,,,,,,,,0.4999999999999999,0.8660254037844387,1.0
109/01/08,23.317692307692308,,,,,,,,,,,,,,,,,,,0.4999999999999999,0.8660254037844387,1.0
109/01/09,22.713846153846152,,,,,,,,,,,,,,,,,,,0.4999999999999999,0.8660254037844387,1.0
109/01/10,26.53,,,,,,,,,,,,,,,,,,,0.4999999999999999,0.8660254037844387,1.0
109/01/11,24.59583333333333,,,,,,,,,,,,,,,,,,,0.4999999999999999,0.8660254037844387,1.0
109/01/12,24.54272727272728,,,,,,,,,,,,,,,,,,,0.4999999999999999,0.8660254037844387,1.0
109/01/13,20.85,,,,,,,,,,,,,,,,,,,0.4999999999999999,0.8660254037844387,1.0
109/01/14,27.691538461538464,,,,,,,,,,,,,,,,,,,0.4999999999999999,0.8660254037844387,1.0
109/01/15,30.21153846153846,,,,,,,,,,,,,,,,,,,0.4999999999999999,0.8660254037844387,1.0
109/01/16,30.374285714285715,,,,,,,,,,,,,,,,,,,0.4999999999999999,0.8660254037844387,1.0
109/01/17,26.63357142857143,,,,,,,,,,,,,,,,,,,0.4999999999999999,0.8660254037844387,1.0
109/01/18,26.409230769230767,,,,,,,,,,,,,,,,,,,0.4999999999999999,0.8660254037844387,1.0
109/01/19,27.827272727272728,,,,,,,,,,,,,,,,,,,0.4999999999999999,0.8660254037844387,1.0
109/01/20,23.25,,,,,,,,,,,,,,,,,,,0.4999999999999999,0.8660254037844387,1.0
109/01/21,25.26214285714286,,,,,,,,,,,,,,,,,,,0.4999999999999999,0.8660254037844387,1.0
109/01/22,25.45642857142857,,,,,,,,,,,,,,,,,,,0.4999999999999999,0.8660254037844387,1.0
109/01/23,19.608571428571427,,,,,,,,,,,,,,,,,,,0.4999999999999999,0.8660254037844387,1.0
109/01/24,16.165454545454544,,,,,,,,,,,,,,,,,,,0.4999999999999999,0.8660254037844387,1.0
109/01/29,23.5,,,,,,,,,,,,,,,,,,,0.4999999999999999,0.8660254037844387,1.0
109/01/30,24.405833333333334,,,,,,,,,,,,,,,,,,,0.4999999999999999,0.8660254037844387,1.0
109/01/31,25.8,,,,,,,,,,,,,,,,,,,0.4999999999999999,0.8660254037844387,1.0
109/11/01,29.31272727272728,,,,,,,,,,,,,,,,,,,-0.5000000000000004,0.8660254037844384,1.0
109/11/02,28.1,,,,,,,,,,,,,,,,,,,-0.5000000000000004,0.8660254037844384,1.0
109/11/03,33.48142857142857,,,,,,,,,,,,,,,,,,,-0.5000000000000004,0.8660254037844384,1.0
109/11/04,35.80142857142857,,,,,,,,,,,,,,,,,,,-0.5000000000000004,0.8660254037844384,1.0
109/11/05,34.98461538461539,,,,,,,,,,,,,,,,,,,-0.5000000000000004,0.8660254037844384,1.0
109/11/06,34.839230769230774,,,,,,,,,,,,,,,,,,,-0.5000000000000004,0.8660254037844384,1.0
109/11/07,35.033076923076926,,,,,,,,,,,,,,,,,,,-0.5000000000000004,0.8660254037844384,1.0
109/11/08,36.14833333333333,,,,,,,,,,,,,,,,,,,-0.5000000000000004,0.8660254037844384,1.0
109/11/09,32.6,,,,,,,,,,,,,,,,,,,-0.5000000000000004,0.8660254037844384,1.0
109/11/10,38.32142857142857,,,,,,,,,,,,,,,,,,,-0.5000000000000004,0.8660254037844384,1.0
109/11/11,42.75,,,,,,,,,,,,,,,,,,,-0.5000000000000004,0.8660254037844384,1.0
109/11/12,34.596666666666664,,,,,,,,,,,,,,,,,,,-0.5000000000000004,0.8660254037844384,1.0
109/11/13,40.03846153846154,,,,,,,,,,,,,,,,,,,-0.5000000000000004,0.8660254037844384,1.0
109/11/14,43.43076923076923,,,,,,,,,,,,,,,,,,,-0.5000000000000004,0.8660254037844384,1.0
109/11/15,40.96666666666666,,,,,,,,,,,,,,,,,,,-0.5000000000000004,0.8660254037844384,1.0
109/11/16,32.8,,,,,,,,,,,,,,,,,,,-0.5000000000000004,0.8660254037844384,1.0
109/11/17,40.64615384615384,,,,,,,,,,,,,,,,,,,-0.5000000000000004,0.8660254037844384,1.0
109/11/18,36.89571428571429,,,,,,,,,,,,,,,,,,,-0.5000000000000004,0.8660254037844384,1.0
109/11/19,34.47769230769231,,,,,,,,,,,,,,,,,,,-0.5000000000000004,0.8660254037844384,1.0
109/11/20,31.43230769230769,,,,,,,,,,,,,,,,,,,-0.5000000000000004,0.8660254037844384,1.0
109/11/21,35.19461538461538,,,,,,,,,,,,,,,,,,,-0.5000000000000004,0.8660254037844384,1.0
109/11/22,38.27,,,,,,,,,,,,,,,,,,,-0.5000000000000004,0.8660254037844384,1.0
109/11/23,36.43333333333334,,,,,,,,,,,,,,,,,,,-0.5000000000000004,0.8660254037844384,1.0
109/11/24,37.333333333333336,,,,,,,,,,,,,,,,,,,-0.5000000000000004,0.8660254037844384,1.0
109/11/25,33.77692307692308,,,,,,,,,,,,,,,,,,,-0.5000000000000004,0.8660254037844384,1.0
109/11/26,35.31428571428571,,,,,,,,,,,,,,,,,,,-0.5000000000000004,0.8660254037844384,1.0
109/11/27,35.169230769230765,,,,,,,,,,,,,,,,,,,-0.5000000000000004,0.8660254037844384,1.0
109/11/28,32.97769230769231,,,,,,,,,,,,,,,,,,,-0.5000000000000004,0.8660254037844384,1.0
109/11/29,32.303333333333335,,,,,,,,,,,,,,,,,,,-0.5000000000000004,0.8660254037844384,1.0
109/11/30,28.5,,,,,,,,,,,,,,,,,,,-0.5000000000000004,0.8660254037844384,1.0
109/12/01,32.62230769230769,,,,,,,,,,,,,,,,,,,-2.4492935982947064e-16,1.0,1.0
109/12/02,30.15357142857143,,,,,,,,,,,,,,,,,,,-2.4492935982947064e-16,1.0,1.0
109/12/03,26.05923076923077,,,,,,,,,,,,,,,,,,,-2.4492935982947064e-16,1.0,1.0
109/12/04,24.442857142857143,,,,,,,,,,,,,,,,,,,-2.4492935982947064e-16,1.0,1.0
109/12/05,25.04,,,,,,,,,,,,,,,,,,,-2.4492935982947064e-16,1.0,1.0
109/12/06,24.2125,,,,,,,,,,,,,,,,,,,-2.4492935982947064e-16,1.0,1.0
109/12/07,23.700000000000003,,,,,,,,,,,,,,,,,,,-2.4492935982947064e-16,1.0,1.0
109/12/08,23.95615384615385,,,,,,,,,,,,,,,,,,,-2.4492935982947064e-16,1.0,1.0
109/12/09,22.212857142857143,,,,,,,,,,,,,,,,,,,-2.4492935982947064e-16,1.0,1.0
109/12/10,23.03642857142857,,,,,,,,,,,,,,,,,,,-2.4492935982947064e-16,1.0,1.0
109/12/11,20.27846153846154,,,,,,,,,,,,,,,,,,,-2.4492935982947064e-16,1.0,1.0
109/12/12,18.407692307692308,,,,,,,,,,,,,,,,,,,-2.4492935982947064e-16,1.0,1.0
109/12/13,19.313333333333333,,,,,,,,,,,,,,,,,,,-2.4492935982947064e-16,1.0,1.0
109/12/14,18.4,,,,,,,,,,,,,,,,,,,-2.4492935982947064e-16,1.0,1.0
109/12/15,21.514285714285712,,,,,,,,,,,,,,,,,,,-2.4492935982947064e-16,1.0,1.0
109/12/16,21.49,,,,,,,,,,,,,,,,,,,-2.4492935982947064e-16,1.0,1.0
109/12/17,22.605833333333333,,,,,,,,,,,,,,,,,,,-2.4492935982947064e-16,1.0,1.0
109/12/18,27.717,,,,,,,,,,,,,,,,,,,-2.4492935982947064e-16,1.0,1.0
109/12/19,27.19,,,,,,,,,,,,,,,,,,,-2.4492935982947064e-16,1.0,1.0
109/12/20,30.47272727272728,,,,,,,,,,,,,,,,,,,-2.4492935982947064e-16,1.0,1.0
109/12/21,25.8,,,,,,,,,,,,,,,,,,,-2.4492935982947064e-16,1.0,1.0
109/12/22,28.72307692307692,,,,,,,,,,,,,,,,,,,-2.4492935982947064e-16,1.0,1.0
109/12/23,27.97,,,,,,,,,,,,,,,,,,,-2.4492935982947064e-16,1.0,1.0
109/12/24,24.146153846153844,,,,,,,,,,,,,,,,,,,-2.4492935982947064e-16,1.0,1.0
109/12/25,22.766153846153845,,,,,,,,,,,,,,,,,,,-2.4492935982947064e-16,1.0,1.0
109/12/26,22.385384615384616,,,,,,,,,,,,,,,,,,,-2.4492935982947064e-16,1.0,1.0
109/12/27,24.62076923076923,,,,,,,,,,,,,,,,,,,-2.4492935982947064e-16,1.0,1.0
109/12/28,19.85,,,,,,,,,,,,,,,,,,,-2.4492935982947064e-16,1.0,1.0
109/12/29,20.43076923076924,,,,,,,,,,,,,,,,,,,-2.4492935982947064e-16,1.0,1.0
109/12/30,20.62,,,,,,,,,,,,,,,,,,,-2.4492935982947064e-16,1.0,1.0
109/12/31,22.808333333333334,,,,,,,,,,,,,,,,,,,-2.4492935982947064e-16,1.0,1.0
110/01/01,23.58384615384616,,,,,,,,,,,,,,,,,,,0.4999999999999999,0.8660254037844387,1.0
110/01/02,23.47615384615385,,,,,,,,,,,,,,,,,,,0.4999999999999999,0.8660254037844387,1.0
110/01/03,24.379166666666663,,,,,,,,,,,,,,,,,,,0.4999999999999999,0.8660254037844387,1.0
110/01/04,23.35,,,,,,,,,,,,,,,,,,,0.4999999999999999,0.8660254037844387,1.0
110/01/05,25.697692307692307,,,,,,,,,,,,,,,,,,,0.4999999999999999,0.8660254037844387,1.0
110/01/06,24.810769230769232,,,,,,,,,,,,,,,,,,,0.4999999999999999,0.8660254037844387,1.0
110/01/07,26.62846153846154,,,,,,,,,,,,,,,,,,,0.4999999999999999,0.8660254037844387,1.0
110/01/08,30.23642857142857,,,,,,,,,,,,,,,,,,,0.4999999999999999,0.8660254037844387,1.0
110/01/09,30.58692307692308,,,,,,,,,,,,,,,,,,,0.4999999999999999,0.8660254037844387,1.0
110/01/10,32.1925,,,,,,,,,,,,,,,,,,,0.4999999999999999,0.8660254037844387,1.0
110/01/11,29.450000000000003,,,,,,,,,,,,,,,,,,,0.4999999999999999,0.8660254037844387,1.0
110/01/12,34.56923076923077,,,,,,,,,,,,,,,,,,,0.4999999999999999,0.8660254037844387,1.0
110/01/13,37.9,,,,,,,,,,,,,,,,,,,0.4999999999999999,0.8660254037844387,1.0
110/01/14,41.65714285714286,,,,,,,,,,,,,,,,,,,0.4999999999999999,0.8660254037844387,1.0
110/01/15,39.07833333333333,,,,,,,,,,,,,,,,,,,0.4999999999999999,0.8660254037844387,1.0
110/01/16,37.49818181818182,,,,,,,,,,,,,,,,,,,0.4999999999999999,0.8660254037844387,1.0
110/01/17,32.72416666666667,,,,,,,,,,,,,,,,,,,0.4999999999999999,0.8660254037844387,1.0
110/01/18,35.3,,,,,,,,,,,,,,,,,,,0.4999999999999999,0.8660254037844387,1.0
110/01/19,34.95230769230769,,,,,,,,,,,,,,,,,,,0.4999999999999999,0.8660254037844387,1.0
110/01/20,33.06153846153846,,,,,,,,,,,,,,,,,,,0.4999999999999999,0.8660254037844387,1.0
110/01/21,34.43785714285714,,,,,,,,,,,,,,,,,,,0.4999999999999999,0.8660254037844387,1.0
110/01/22,33.09,,,,,,,,,,,,,,,,,,,0.4999999999999999,0.8660254037844387,1.0
110/01/23,33.732727272727274,,,,,,,,,,,,,,,,,,,0.4999999999999999,0.8660254037844387,1.0
110/01/24,36.114444444444445,,,,,,,,,,,,,,,,,,,0.4999999999999999,0.8660254037844387,1.0
110/01/25,31.5,,,,,,,,,,,,,,,,,,,0.4999999999999999,0.8660254037844387,1.0
110/01/26,29.786363636363635,,,,,,,,,,,,,,,,,,,0.4999999999999999,0.8660254037844387,1.0
110/01/27,24.69076923076923,,,,,,,,,,,,,,,,,,,0.4999999999999999,0.8660254037844387,1.0
110/01/28,27.655833333333334,,,,,,,,,,,,,,,,,,,0.4999999999999999,0.8660254037844387,1.0
110/01/29,29.42090909090909,,,,,,,,,,,,,,,,,,,0.4999999999999999,0.8660254037844387,1.0
110/01/30,27.036153846153848,,,,,,,,,,,,,,,,,,,0.4999999999999999,0.8660254037844387,1.0
110/01/31,23.436666666666667,,,,,,,,,,,,,,,,,,,0.4999999999999999,0.8660254037844387,1.0
110/11/01,37.75,,,,,,,,,,,,,,,,,,,-0.5000000000000004,0.8660254037844384,1.0
110/11/02,45.325,,,,,,,,,,,,,,,,,,,-0.5000000000000004,0.8660254037844384,1.0
110/11/03,45.75833333333333,,,,,,,,,,,,,,,,,,,-0.5000000000000004,0.8660254037844384,1.0
110/11/04,41.27692307692308,,,,,,,,,,,,,,,,,,,-0.5000000000000004,0.8660254037844384,1.0
110/11/05,32.823571428571434,,,,,,,,,,,,,,,,,,,-0.5000000000000004,0.8660254037844384,1.0
110/11/06,33.141666666666666,,,,,,,,,,,,,,,,,,,-0.5000000000000004,0.8660254037844384,1.0
110/11/07,30.63636363636364,,,,,,,,,,,,,,,,,,,-0.5000000000000004,0.8660254037844384,1.0
110/11/08,31.5,,,,,,,,,,,,,,,,,,,-0.5000000000000004,0.8660254037844384,1.0
110/11/09,26.92214285714285,,,,,,,,,,,,,,,,,,,-0.5000000000000004,0.8660254037844384,1.0
110/11/10,25.89307692307693,,,,,,,,,,,,,,,,,,,-0.5000000000000004,0.8660254037844384,1.0
110/11/11,27.85833333333333,,,,,,,,,,,,,,,,,,,-0.5000000000000004,0.8660254037844384,1.0
110/11/12,22.83076923076923,,,,,,,,,,,,,,,,,,,-0.5000000000000004,0.8660254037844384,1.0
110/11/13,21.392307692307693,,,,,,,,,,,,,,,,,,,-0.5000000000000004,0.8660254037844384,1.0
110/11/14,24.5,,,,,,,,,,,,,,,,,,,-0.5000000000000004,0.8660254037844384,1.0
110/11/15,18.3,,,,,,,,,,,,,,,,,,,-0.5000000000000004,0.8660254037844384,1.0
110/11/16,26.15538461538461,,,,,,,,,,,,,,,,,,,-0.5000000000000004,0.8660254037844384,1.0
110/11/17,26.26692307692308,,,,,,,,,,,,,,,,,,,-0.5000000000000004,0.8660254037844384,1.0
110/11/18,24.934615384615388,,,,,,,,,,,,,,,,,,,-0.5000000000000004,0.8660254037844384,1.0
110/11/19,23.884615384615383,,,,,,,,,,,,,,,,,,,-0.5000000000000004,0.8660254037844384,1.0
110/11/20,21.9,,,,,,,,,,,,,,,,,,,-0.5000000000000004,0.8660254037844384,1.0
110/11/21,21.766666666666666,,,,,,,,,,,,,,,,,,,-0.5000000000000004,0.8660254037844384,1.0
110/11/22,18.3,,,,,,,,,,,,,,,,,,,-0.5000000000000004,0.8660254037844384,1.0
110/11/23,21.741666666666664,,,,,,,,,,,,,,,,,,,-0.5000000000000004,0.8660254037844384,1.0
110/11/24,22.866666666666664,,,,,,,,,,,,,,,,,,,-0.5000000000000004,0.8660254037844384,1.0
110/11/25,22.646153846153844,,,,,,,,,,,,,,,,,,,-0.5000000000000004,0.8660254037844384,1.0
110/11/26,24.49,,,,,,,,,,,,,,,,,,,,,
110/11/27,27.091666666666665,,,,,,,,,,,,,,,,,,,,,
110/11/28,22.30909090909091,,,,,,,,,,,,,,,,,,,-0.5000000000000004,0.8660254037844384,1.0
110/11/29,18.1,,,,,,,,,,,,,,,,,,,-0.5000000000000004,0.8660254037844384,1.0
110/11/30,25.766428571428573,,,,,,,,,,,,,,,,,,,-0.5000000000000004,0.8660254037844384,1.0
110/12/01,22.19538461538462,,,,,,,,,,,,,,,,,,,-2.4492935982947064e-16,1.0,1.0
110/12/02,21.70307692307692,,,,,,,,,,,,,,,,,,,-2.4492935982947064e-16,1.0,1.0
110/12/03,21.45384615384615,,,,,,,,,,,,,,,,,,,-2.4492935982947064e-16,1.0,1.0
110/12/04,22.17692307692308,,,,,,,,,,,,,,,,,,,-2.4492935982947064e-16,1.0,1.0
110/12/05,25.11818181818182,,,,,,,,,,,,,,,,,,,-2.4492935982947064e-16,1.0,1.0
110/12/06,26.5,,,,,,,,,,,,,,,,,,,-2.4492935982947064e-16,1.0,1.0
110/12/07,29.75833333333333,,,,,,,,,,,,,,,,,,,-2.4492935982947064e-16,1.0,1.0
110/12/08,30.51230769230769,,,,,,,,,,,,,,,,,,,-2.4492935982947064e-16,1.0,1.0
110/12/09,34.68,,,,,,,,,,,,,,,,,,,-2.4492935982947064e-16,1.0,1.0
110/12/10,27.896153846153844,,,,,,,,,,,,,,,,,,,-2.4492935982947064e-16,1.0,1.0
110/12/11,28.03333333333333,,,,,,,,,,,,,,,,,,,-2.4492935982947064e-16,1.0,1.0
110/12/12,28.43636363636364,,,,,,,,,,,,,,,,,,,-2.4492935982947064e-16,1.0,1.0
110/12/13,30.55,,,,,,,,,,,,,,,,,,,-2.4492935982947064e-16,1.0,1.0
110/12/14,27.81230769230769,,,,,,,,,,,,,,,,,,,-2.4492935982947064e-16,1.0,1.0
110/12/15,26.427692307692308,,,,,,,,,,,,,,,,,,,-2.4492935982947064e-16,1.0,1.0
110/12/16,22.52615384615385,,,,,,,,,,,,,,,,,,,-2.4492935982947064e-16,1.0,1.0
110/12/17,20.826153846153847,,,,,,,,,,,,,,,,,,,-2.4492935982947064e-16,1.0,1.0
110/12/18,25.99090909090909,,,,,,,,,,,,,,,,,,,-2.4492935982947064e-16,1.0,1.0
110/12/19,27.681818181818183,,,,,,,,,,,,,,,,,,,-2.4492935982947064e-16,1.0,1.0
110/12/20,24.0,,,,,,,,,,,,,,,,,,,-2.4492935982947064e-16,1.0,1.0
110/12/21,25.28076923076923,,,,,,,,,,,,,,,,,,,-2.4492935982947064e-16,1.0,1.0
110/12/22,24.180000000000003,,,,,,,,,,,,,,,,,,,-2.4492935982947064e-16,1.0,1.0
110/12/23,23.94538461538462,,,,,,,,,,,,,,,,,,,-2.4492935982947064e-16,1.0,1.0
110/12/24,23.338461538461537,,,,,,,,,,,,,,,,,,,-2.4492935982947064e-16,1.0,1.0
110/12/25,23.73846153846154,,,,,,,,,,,,,,,,,,,-2.4492935982947064e-16,1.0,1.0
110/12/26,27.627272727272725,,,,,,,,,,,,,,,,,,,-2.4492935982947064e-16,1.0,1.0
110/12/27,24.05,,,,,,,,,,,,,,,,,,,-2.4492935982947064e-16,1.0,1.0
110/12/28,28.166666666666668,,,,,,,,,,,,,,,,,,,-2.4492935982947064e-16,1.0,1.0
110/12/29,26.673076923076923,,,,,,,,,,,,,,,,,,,-2.4492935982947064e-16,1.0,1.0
110/12/30,26.825,,,,,,,,,,,,,,,,,,,-2.4492935982947064e-16,1.0,1.0
110/12/31,26.35384615384616,,,,,,,,,,,,,,,,,,,-2.4492935982947064e-16,1.0,1.0
111/01/01,30.8,,,,,,,,,,,,,,,,,,,0.4999999999999999,0.8660254037844387,1.0
111/01/02,27.141666666666666,,,,,,,,,,,,,,,,,,,0.4999999999999999,0.8660254037844387,1.0
111/01/03,26.9,,,,,,,,,,,,,,,,,,,0.4999999999999999,0.8660254037844387,1.0
111/01/04,29.346153846153847,,,,,,,,,,,,,,,,,,,0.4999999999999999,0.8660254037844387,1.0
111/01/05,26.428461538461537,,,,,,,,,,,,,,,,,,,0.4999999999999999,0.8660254037844387,1.0
111/01/06,25.315384615384616,,,,,,,,,,,,,,,,,,,0.4999999999999999,0.8660254037844387,1.0
111/01/07,24.62307692307693,,,,,,,,,,,,,,,,,,,0.4999999999999999,0.8660254037844387,1.0
111/01/08,25.071428571428573,,,,,,,,,,,,,,,,,,,0.4999999999999999,0.8660254037844387,1.0
111/01/09,23.105454545454545,,,,,,,,,,,,,,,,,,,0.4999999999999999,0.8660254037844387,1.0
111/01/10,23.0,,,,,,,,,,,,,,,,,,,0.4999999999999999,0.8660254037844387,1.0
111/01/11,22.753846153846155,,,,,,,,,,,,,,,,,,,0.4999999999999999,0.8660254037844387,1.0
111/01/12,25.16583333333333,,,,,,,,,,,,,,,,,,,0.4999999999999999,0.8660254037844387,1.0
111/01/13,27.03333333333333,,,,,,,,,,,,,,,,,,,0.4999999999999999,0.8660254037844387,1.0
111/01/14,20.44538461538462,,,,,,,,,,,,,,,,,,,0.4999999999999999,0.8660254037844387,1.0
111/01/15,19.457692307692305,,,,,,,,,,,,,,,,,,,0.4999999999999999,0.8660254037844387,1.0
111/01/16,20.584166666666665,,,,,,,,,,,,,,,,,,,0.4999999999999999,0.8660254037844387,1.0
111/01/17,20.5,,,,,,,,,,,,,,,,,,,0.4999999999999999,0.8660254037844387,1.0
111/01/18,19.623076923076923,,,,,,,,,,,,,,,,,,,0.4999999999999999,0.8660254037844387,1.0
111/01/19,18.67692307692308,,,,,,,,,,,,,,,,,,,0.4999999999999999,0.8660254037844387,1.0
111/01/20,17.279230769230768,,,,,,,,,,,,,,,,,,,0.4999999999999999,0.8660254037844387,1.0
111/01/21,13.624615384615383,,,,,,,,,,,,,,,,,,,0.4999999999999999,0.8660254037844387,1.0
111/01/22,12.176923076923078,,,,,,,,,,,,,,,,,,,0.4999999999999999,0.8660254037844387,1.0
111/01/23,13.181666666666668,,,,,,,,,,,,,,,,,,,0.4999999999999999,0.8660254037844387,1.0
111/01/24,16.35,,,,,,,,,,,,,,,,,,,0.4999999999999999,0.8660254037844387,1.0
111/01/25,15.026153846153846,,,,,,,,,,,,,,,,,,,0.4999999999999999,0.8660254037844387,1.0
111/01/26,13.323846153846151,,,,,,,,,,,,,,,,,,,0.4999999999999999,0.8660254037844387,1.0
111/01/27,12.056153846153846,,,,,,,,,,,,,,,,,,,0.4999999999999999,0.8660254037844387,1.0
111/01/28,13.457692307692309,,,,,,,,,,,,,,,,,,,0.4999999999999999,0.8660254037844387,1.0
111/01/29,15.753846153846151,,,,,,,,,,,,,,,,,,,0.4999999999999999,0.8660254037844387,1.0
111/01/30,16.808461538461536,,,,,,,,,,,,,,,,,,,0.4999999999999999,0.8660254037844387,1.0
111/01/31,13.832727272727272,,,,,,,,,,,,,,,,,,,0.4999999999999999,0.8660254037844387,1.0
111/11/01,31.11428571428572,,,,,,,,,,,,,,,,,,,-0.5000000000000004,0.8660254037844384,1.0
111/11/02,31.361538461538466,,,,,,,,,,,,,,,,,,,-0.5000000000000004,0.8660254037844384,1.0
111/11/03,29.76153846153846,,,,,,,,,,,,,,,,,,,-0.5000000000000004,0.8660254037844384,1.0
111/11/04,27.71538461538461,,,,,,,,,,,,,,,,,,,-0.5000000000000004,0.8660254037844384,1.0
111/11/05,29.71538461538461,,,,,,,,,,,,,,,,,,,-0.5000000000000004,0.8660254037844384,1.0
111/11/06,34.97,,,,,,,,,,,,,,,,,,,-0.5000000000000004,0.8660254037844384,1.0
111/11/07,32.05,,,,,,,,,,,,,,,,,,,-0.5000000000000004,0.8660254037844384,1.0
111/11/08,34.292857142857144,,,,,,,,,,,,,,,,,,,-0.5000000000000004,0.8660254037844384,1.0
111/11/09,37.31818181818182,,,,,,,,,,,,,,,,,,,-0.5000000000000004,0.8660254037844384,1.0
111/11/10,35.02,,,,,,,,,,,,,,,,,,,-0.5000000000000004,0.8660254037844384,1.0
111/11/11,30.99090909090909,,,,,,,,,,,,,,,,,,,-0.5000000000000004,0.8660254037844384,1.0
111/11/12,29.942857142857143,,,,,,,,,,,,,,,,,,,-0.5000000000000004,0.8660254037844384,1.0
111/11/13,25.9,,,,,,,,,,,,,,,,,,,-0.5000000000000004,0.8660254037844384,1.0
111/11/14,32.85,,,,,,,,,,,,,,,,,,,-0.5000000000000004,0.8660254037844384,1.0
111/11/15,26.457142857142856,,,,,,,,,,,,,,,,,,,-0.5000000000000004,0.8660254037844384,1.0
111/11/16,25.835714285714285,,,,,,,,,,,,,,,,,,,-0.5000000000000004,0.8660254037844384,1.0
111/11/17,24.933333333333334,,,,,,,,,,,,,,,,,,,-0.5000000000000004,0.8660254037844384,1.0
111/11/18,22.00769230769231,,,,,,,,,,,,,,,,,,,-0.5000000000000004,0.8660254037844384,1.0
111/11/19,23.32307692307692,,,,,,,,,,,,,,,,,,,-0.5000000000000004,0.8660254037844384,1.0
111/11/20,24.60833333333333,,,,,,,,,,,,,,,,,,,-0.5000000000000004,0.8660254037844384,1.0
111/11/21,26.9,,,,,,,,,,,,,,,,,,,-0.5000000000000004,0.8660254037844384,1.0
111/11/22,25.12142857142857,,,,,,,,,,,,,,,,,,,-0.5000000000000004,0.8660254037844384,1.0
111/11/23,25.115384615384617,,,,,,,,,,,,,,,,,,,-0.5000000000000004,0.8660254037844384,1.0
111/11/24,22.057142857142857,,,,,,,,,,,,,,,,,,,-0.5000000000000004,0.8660254037844384,1.0
111/11/25,21.67692307692308,,,,,,,,,,,,,,,,,,,-0.5000000000000004,0.8660254037844384,1.0
111/11/26,23.984615384615385,,,,,,,,,,,,,,,,,,,-0.5000000000000004,0.8660254037844384,1.0
111/11/27,25.308333333333334,,,,,,,,,,,,,,,,,,,-0.5000000000000004,0.8660254037844384,1.0
111/11/28,28.25,,,,,,,,,,,,,,,,,,,-0.5000000000000004,0.8660254037844384,1.0
111/11/29,27.67142857142857,,,,,,,,,,,,,,,,,,,-0.5000000000000004,0.8660254037844384,1.0
111/11/30,27.33076923076923,,,,,,,,,,,,,,,,,,,-0.5000000000000004,0.8660254037844384,1.0
111/12/01,29.50769230769231,,,,,,,,,,,,,,,,,,,-2.4492935982947064e-16,1.0,1.0
111/12/02,29.63846153846153,,,,,,,,,,,,,,,,,,,-2.4492935982947064e-16,1.0,1.0
111/12/03,30.615384615384617,,,,,,,,,,,,,,,,,,,-2.4492935982947064e-16,1.0,1.0
111/12/04,34.56666666666667,,,,,,,,,,,,,,,,,,,-2.4492935982947064e-16,1.0,1.0
111/12/05,28.05,,,,,,,,,,,,,,,,,,,-2.4492935982947064e-16,1.0,1.0
111/12/06,33.96923076923077,,,,,,,,,,,,,,,,,,,-2.4492935982947064e-16,1.0,1.0
111/12/07,33.5,,,,,,,,,,,,,,,,,,,-2.4492935982947064e-16,1.0,1.0
111/12/08,35.55833333333333,,,,,,,,,,,,,,,,,,,-2.4492935982947064e-16,1.0,1.0
111/12/09,36.73846153846154,,,,,,,,,,,,,,,,,,,-2.4492935982947064e-16,1.0,1.0
111/12/10,39.15833333333333,,,,,,,,,,,,,,,,,,,-2.4492935982947064e-16,1.0,1.0
111/12/11,40.23636363636364,,,,,,,,,,,,,,,,,,,-2.4492935982947064e-16,1.0,1.0
111/12/12,30.65,,,,,,,,,,,,,,,,,,,-2.4492935982947064e-16,1.0,1.0
111/12/13,44.33076923076923,,,,,,,,,,,,,,,,,,,-2.4492935982947064e-16,1.0,1.0
111/12/14,49.68,,,,,,,,,,,,,,,,,,,-2.4492935982947064e-16,1.0,1.0
111/12/15,44.3,,,,,,,,,,,,,,,,,,,-2.4492935982947064e-16,1.0,1.0
111/12/16,54.90833333333333,,,,,,,,,,,,,,,,,,,-2.4492935982947064e-16,1.0,1.0
111/12/17,59.75,,,,,,,,,,,,,,,,,,,-2.4492935982947064e-16,1.0,1.0
111/12/18,58.75,,,,,,,,,,,,,,,,,,,-2.4492935982947064e-16,1.0,1.0
111/12/19,47.05,,,,,,,,,,,,,,,,,,,-2.4492935982947064e-16,1.0,1.0
111/12/20,59.42307692307692,,,,,,,,,,,,,,,,,,,-2.4492935982947064e-16,1.0,1.0
111/12/21,57.81666666666666,,,,,,,,,,,,,,,,,,,-2.4492935982947064e-16,1.0,1.0
111/12/22,52.16923076923077,,,,,,,,,,,,,,,,,,,-2.4492935982947064e-16,1.0,1.0
111/12/23,49.96153846153846,,,,,,,,,,,,,,,,,,,-2.4492935982947064e-16,1.0,1.0
111/12/24,43.54615384615385,,,,,,,,,,,,,,,,,,,-2.4492935982947064e-16,1.0,1.0
111/12/25,44.1,,,,,,,,,,,,,,,,,,,-2.4492935982947064e-16,1.0,1.0
111/12/26,43.4,,,,,,,,,,,,,,,,,,,-2.4492935982947064e-16,1.0,1.0
111/12/27,45.06923076923077,,,,,,,,,,,,,,,,,,,-2.4492935982947064e-16,1.0,1.0
111/12/28,47.50833333333333,,,,,,,,,,,,,,,,,,,-2.4492935982947064e-16,1.0,1.0
111/12/29,49.43846153846154,,,,,,,,,,,,,,,,,,,-2.4492935982947064e-16,1.0,1.0
111/12/30,45.82307692307692,,,,,,,,,,,,,,,,,,,-2.4492935982947064e-16,1.0,1.0
111/12/31,46.71666666666667,,,,,,,,,,,,,,,,,,,-2.4492935982947064e-16,1.0,1.0
112/01/01,39.81666666666667,,,,,,,,,,,,,,,,,,,0.4999999999999999,0.8660254037844387,1.0
112/01/02,41.2,,,,,,,,,,,,,,,,,,,0.4999999999999999,0.8660254037844387,1.0
112/01/03,38.90769230769231,,,,,,,,,,,,,,,,,,,0.4999999999999999,0.8660254037844387,1.0
112/01/04,33.32857142857143,,,,,,,,,,,,,,,,,,,0.4999999999999999,0.8660254037844387,1.0
112/01/05,24.51538461538461,,,,,,,,,,,,,,,,,,,0.4999999999999999,0.8660254037844387,1.0
112/01/06,23.85,,,,,,,,,,,,,,,,,,,0.4999999999999999,0.8660254037844387,1.0
112/01/07,23.71538461538461,,,,,,,,,,,,,,,,,,,0.4999999999999999,0.8660254037844387,1.0
112/01/08,22.08333333333333,,,,,,,,,,,,,,,,,,,0.4999999999999999,0.8660254037844387,1.0
112/01/09,23.73333333333333,,,,,,,,,,,,,,,,,,,0.4999999999999999,0.8660254037844387,1.0
112/01/10,26.53076923076923,,,,,,,,,,,,,,,,,,,0.4999999999999999,0.8660254037844387,1.0
112/01/11,26.81538461538461,,,,,,,,,,,,,,,,,,,0.4999999999999999,0.8660254037844387,1.0
112/01/12,24.27692307692308,,,,,,,,,,,,,,,,,,,0.4999999999999999,0.8660254037844387,1.0
112/01/13,22.6,,,,,,,,,,,,,,,,,,,0.4999999999999999,0.8660254037844387,1.0
112/01/14,22.253846153846155,,,,,,,,,,,,,,,,,,,0.4999999999999999,0.8660254037844387,1.0
112/01/15,24.3,,,,,,,,,,,,,,,,,,,0.4999999999999999,0.8660254037844387,1.0
112/01/16,24.6,,,,,,,,,,,,,,,,,,,0.4999999999999999,0.8660254037844387,1.0
112/01/17,22.23076923076923,,,,,,,,,,,,,,,,,,,0.4999999999999999,0.8660254037844387,1.0
112/01/18,23.82307692307692,,,,,,,,,,,,,,,,,,,0.4999999999999999,0.8660254037844387,1.0
112/01/19,23.041666666666668,,,,,,,,,,,,,,,,,,,0.4999999999999999,0.8660254037844387,1.0
112/01/20,24.0,,,,,,,,,,,,,,,,,,,0.4999999999999999,0.8660254037844387,1.0
112/01/21,16.358333333333334,,,,,,,,,,,,,,,,,,,0.4999999999999999,0.8660254037844387,1.0
112/01/23,24.0,,,,,,,,,,,,,,,,,,,0.4999999999999999,0.8660254037844387,1.0
112/01/24,25.3,,,,,,,,,,,,,,,,,,,0.4999999999999999,0.8660254037844387,1.0
112/01/25,24.8,,,,,,,,,,,,,,,,,,,0.4999999999999999,0.8660254037844387,1.0
112/01/26,25.85,,,,,,,,,,,,,,,,,,,0.4999999999999999,0.8660254037844387,1.0
112/01/27,19.058333333333334,,,,,,,,,,,,,,,,,,,0.4999999999999999,0.8660254037844387,1.0
112/01/28,21.485714285714288,,,,,,,,,,,,,,,,,,,0.4999999999999999,0.8660254037844387,1.0
112/01/29,20.641666666666666,,,,,,,,,,,,,,,,,,,0.4999999999999999,0.8660254037844387,1.0
112/01/30,26.1,,,,,,,,,,,,,,,,,,,0.4999999999999999,0.8660254037844387,1.0
112/01/31,28.47272727272728,,,,,,,,,,,,,,,,,,,0.4999999999999999,0.8660254037844387,1.0
