觀測時間(hour),測站氣壓(hPa),氣溫(℃),相對溼度(%),風速(m/s),風向(360degree),最大陣風(m/s),最大陣風風向(360degree),降水量(mm),天全空日射量(MJ/㎡),TxSoil0cm,TxSoil5cm,TxSoil20cm,TxSoil50cm,TxSoil100cm,日照時數(hr),TxSoil10cm
2020-01-01 01:00:00,,,,,,,,0.0,,,,,,,,
2020-01-01 02:00:00,,,,,,,,0.0,,,,,,,,
2020-01-01 03:00:00,,,,,,,,0.0,,,,,,,,
2020-01-01 04:00:00,,,,,,,,0.0,,,,,,,,
2020-01-01 05:00:00,,,,,,,,0.0,,,,,,,,
2020-01-01 06:00:00,,,,,,,,0.0,,,,,,,,
2020-01-01 07:00:00,,,,,,,,0.0,,,,,,,,
2020-01-01 08:00:00,,,,,,,,0.0,,,,,,,,
2020-01-01 09:00:00,,,,,,,,0.0,,,,,,,,
2020-01-01 10:00:00,,,,,,,,0.0,,,,,,,,
2020-01-01 11:00:00,,,,,,,,1.0,,,,,,,,
2020-01-01 12:00:00,,,,,,,,0.0,,,,,,,,
2020-01-01 13:00:00,,,,,,,,0.0,,,,,,,,
2020-01-01 14:00:00,,,,,,,,0.0,,,,,,,,
2020-01-01 15:00:00,,,,,,,,0.0,,,,,,,,
2020-01-01 16:00:00,,,,,,,,0.0,,,,,,,,
2020-01-01 17:00:00,,,,,,,,0.0,,,,,,,,
2020-01-01 18:00:00,,,,,,,,0.0,,,,,,,,
2020-01-01 19:00:00,,,,,,,,0.0,,,,,,,,
2020-01-01 20:00:00,,,,,,,,0.0,,,,,,,,
2020-01-01 21:00:00,,,,,,,,0.0,,,,,,,,
2020-01-01 22:00:00,,,,,,,,0.0,,,,,,,,
2020-01-01 23:00:00,,,,,,,,0.0,,,,,,,,
2020-01-02 00:00:00,,,,,,,,0.0,,,,,,,,
2020-01-02 01:00:00,-9999.7,-99.7,-9997.0,-99.7,-999.7,,,0.0,,,,,,,,
2020-01-02 02:00:00,-9999.7,-99.7,-9997.0,-99.7,-999.7,,,0.0,,,,,,,,
2020-01-02 03:00:00,-9999.7,-99.7,-9997.0,-99.7,-999.7,,,0.0,,,,,,,,
2020-01-02 04:00:00,-9999.7,-99.7,-9997.0,-99.7,-999.7,,,0.0,,,,,,,,
2020-01-02 05:00:00,-9999.7,-99.7,-9997.0,-99.7,-999.7,,,0.0,,,,,,,,
2020-01-02 06:00:00,-9999.7,-99.7,-9997.0,-99.7,-999.7,,,0.0,,,,,,,,
2020-01-02 07:00:00,-9999.7,-99.7,-9997.0,-99.7,-999.7,,,0.0,,,,,,,,
2020-01-02 08:00:00,-9999.7,-99.7,-9997.0,-99.7,-999.7,,,0.0,,,,,,,,
2020-01-02 09:00:00,-9999.7,-99.7,-9997.0,-99.7,-999.7,,,0.0,,,,,,,,
2020-01-02 10:00:00,-9999.7,-99.7,-9997.0,-99.7,-999.7,,,0.0,,,,,,,,
2020-01-02 11:00:00,-9999.7,-99.7,-9997.0,-99.7,-999.7,,,0.0,,,,,,,,
2020-01-02 12:00:00,-9999.7,-99.7,-9997.0,-99.7,-999.7,,,0.0,,,,,,,,
2020-01-02 13:00:00,-9999.7,-99.7,-9997.0,-99.7,-999.7,,,0.0,,,,,,,,
2020-01-02 14:00:00,-9999.7,-99.7,-9997.0,-99.7,-999.7,,,0.0,,,,,,,,
2020-01-02 15:00:00,-9999.7,-99.7,-9997.0,-99.7,-999.7,,,0.0,,,,,,,,
2020-01-02 16:00:00,-9999.7,-99.7,-9997.0,-99.7,-999.7,,,0.0,,,,,,,,
2020-01-02 17:00:00,-9999.7,-99.7,-9997.0,-99.7,-999.7,,,0.0,,,,,,,,
2020-01-02 18:00:00,-9999.7,-99.7,-9997.0,-99.7,-999.7,,,0.0,,,,,,,,
2020-01-02 19:00:00,-9999.7,-99.7,-9997.0,-99.7,-999.7,,,0.0,,,,,,,,
2020-01-02 20:00:00,-9999.7,-99.7,-9997.0,-99.7,-999.7,,,0.0,,,,,,,,
2020-01-02 21:00:00,-9999.7,-99.7,-9997.0,-99.7,-999.7,,,0.0,,,,,,,,
2020-01-02 22:00:00,965.3,16.4,68.0,0.7,31.0,,,0.0,,,,,,,,
2020-01-02 23:00:00,965.0,14.7,89.0,0.5,122.0,,,0.0,,,,,,,,
2020-01-03 00:00:00,964.3,16.2,73.0,1.0,39.0,,,0.0,,,,,,,,
2020-01-03 01:00:00,964.0,16.0,76.0,0.6,338.0,,,0.0,,,,,,,,
2020-01-03 02:00:00,963.7,15.3,86.0,2.3,214.0,,,0.0,,,,,,,,
2020-01-03 03:00:00,963.5,14.7,94.0,2.6,195.0,,,0.0,,,,,,,,
2020-01-03 04:00:00,-9999.7,-99.7,-9997.0,-99.7,-999.7,,,0.0,,,,,,,,
2020-01-03 05:00:00,963.7,14.3,96.0,2.7,205.0,,,0.0,,,,,,,,
2020-01-03 06:00:00,964.0,14.4,96.0,3.4,204.0,,,0.0,,,,,,,,
2020-01-03 07:00:00,964.3,14.5,95.0,2.9,180.0,,,0.0,,,,,,,,
2020-01-03 08:00:00,965.3,15.7,93.0,1.6,246.0,,,0.0,,,,,,,,
2020-01-03 09:00:00,965.7,17.2,86.0,0.4,316.0,,,0.0,,,,,,,,
2020-01-03 10:00:00,965.7,18.6,79.0,1.0,144.0,,,0.0,,,,,,,,
2020-01-03 11:00:00,964.9,19.0,84.0,1.2,306.0,,,0.0,,,,,,,,
2020-01-03 12:00:00,964.2,17.5,87.0,1.7,294.0,,,0.0,,,,,,,,
2020-01-03 13:00:00,963.1,18.8,82.0,1.3,303.0,,,0.0,,,,,,,,
2020-01-03 14:00:00,962.4,19.9,79.0,1.7,299.0,,,0.0,,,,,,,,
2020-01-03 15:00:00,962.1,20.0,78.0,0.7,294.0,,,0.0,,,,,,,,
2020-01-03 16:00:00,962.1,17.6,87.0,1.2,293.0,,,0.0,,,,,,,,
2020-01-03 17:00:00,962.7,16.3,89.0,0.7,301.0,,,0.0,,,,,,,,
2020-01-03 18:00:00,963.0,16.0,93.0,1.6,59.0,,,0.0,,,,,,,,
2020-01-03 19:00:00,963.7,15.4,94.0,1.1,68.0,,,0.0,,,,,,,,
2020-01-03 20:00:00,964.0,14.8,96.0,1.5,97.0,,,0.0,,,,,,,,
2020-01-03 21:00:00,964.0,14.6,97.0,1.1,98.0,,,0.0,,,,,,,,
2020-01-03 22:00:00,963.8,15.7,94.0,0.4,98.0,,,0.0,,,,,,,,
2020-01-03 23:00:00,963.5,16.1,91.0,1.6,203.0,,,0.0,,,,,,,,
2020-01-04 00:00:00,962.9,16.6,89.0,1.6,204.0,,,0.0,,,,,,,,
2020-01-04 01:00:00,962.6,16.0,92.0,2.4,191.0,,,0.0,,,,,,,,
2020-01-04 02:00:00,962.1,16.0,92.0,1.9,205.0,,,0.0,,,,,,,,
2020-01-04 03:00:00,961.8,15.1,94.0,1.9,256.0,,,0.0,,,,,,,,
2020-01-04 04:00:00,961.8,14.5,96.0,2.0,183.0,,,0.0,,,,,,,,
2020-01-04 05:00:00,962.1,14.7,94.0,2.3,187.0,,,0.0,,,,,,,,
2020-01-04 06:00:00,962.7,14.9,95.0,2.5,185.0,,,0.0,,,,,,,,
2020-01-04 07:00:00,963.0,15.0,95.0,1.2,228.0,,,0.0,,,,,,,,
2020-01-04 08:00:00,963.5,15.8,95.0,1.1,182.0,,,0.0,,,,,,,,
2020-01-04 09:00:00,964.0,17.9,87.0,0.4,127.0,,,0.0,,,,,,,,
2020-01-04 10:00:00,963.9,18.8,83.0,1.6,301.0,,,0.0,,,,,,,,
2020-01-04 11:00:00,963.4,17.5,94.0,1.2,284.0,,,0.0,,,,,,,,
2020-01-04 12:00:00,962.0,18.3,88.0,1.6,316.0,,,0.0,,,,,,,,
2020-01-04 13:00:00,961.3,18.8,85.0,1.1,337.0,,,0.0,,,,,,,,
2020-01-04 14:00:00,961.0,19.4,84.0,0.7,342.0,,,0.0,,,,,,,,
2020-01-04 15:00:00,960.7,18.5,87.0,1.6,40.0,,,0.0,,,,,,,,
2020-01-04 16:00:00,960.8,17.5,90.0,0.4,1.0,,,0.0,,,,,,,,
2020-01-04 17:00:00,961.1,16.4,96.0,2.0,55.0,,,0.0,,,,,,,,
2020-01-04 18:00:00,961.4,15.9,97.0,2.4,87.0,,,0.0,,,,,,,,
2020-01-04 19:00:00,961.6,15.4,98.0,1.8,90.0,,,0.0,,,,,,,,
2020-01-04 20:00:00,961.8,16.2,98.0,0.0,0.0,,,0.0,,,,,,,,
2020-01-04 21:00:00,962.2,16.2,94.0,0.4,318.0,,,0.0,,,,,,,,
2020-01-04 22:00:00,962.6,16.5,90.0,0.5,313.0,,,0.0,,,,,,,,
2020-01-04 23:00:00,962.4,16.1,92.0,0.0,0.0,,,0.0,,,,,,,,
2020-01-05 00:00:00,962.0,16.3,91.0,2.1,192.0,,,0.0,,,,,,,,
2020-01-05 01:00:00,961.8,16.5,88.0,1.7,244.0,,,0.0,,,,,,,,
2020-01-05 02:00:00,961.7,15.2,93.0,0.0,0.0,,,0.0,,,,,,,,
2020-01-05 03:00:00,961.3,15.0,95.0,0.9,141.0,,,0.0,,,,,,,,
2020-01-05 04:00:00,961.3,15.1,96.0,1.0,136.0,,,0.0,,,,,,,,
2020-01-05 05:00:00,961.6,15.2,96.0,0.0,0.0,,,0.0,,,,,,,,
2020-01-05 06:00:00,962.0,15.3,96.0,0.0,0.0,,,0.0,,,,,,,,
2020-01-05 07:00:00,962.5,15.2,95.0,0.0,0.0,,,0.0,,,,,,,,
2020-01-05 08:00:00,963.0,16.9,89.0,1.8,182.0,,,0.0,,,,,,,,
2020-01-05 09:00:00,963.8,18.7,80.0,1.5,198.0,,,0.0,,,,,,,,
2020-01-05 10:00:00,964.2,17.8,90.0,1.3,297.0,,,0.0,,,,,,,,
2020-01-05 11:00:00,963.7,19.0,86.0,1.9,270.0,,,0.0,,,,,,,,
2020-01-05 12:00:00,962.7,20.1,77.0,2.3,230.0,,,0.0,,,,,,,,
2020-01-05 13:00:00,962.1,19.0,89.0,1.9,250.0,,,0.0,,,,,,,,
2020-01-05 14:00:00,961.6,18.2,92.0,1.2,261.0,,,0.0,,,,,,,,
2020-01-05 15:00:00,961.1,18.6,90.0,1.7,277.0,,,0.0,,,,,,,,
2020-01-05 16:00:00,961.7,17.7,92.0,1.1,295.0,,,0.0,,,,,,,,
2020-01-05 17:00:00,962.6,17.1,96.0,0.8,320.0,,,0.0,,,,,,,,
2020-01-05 18:00:00,963.0,16.8,97.0,0.0,0.0,,,0.0,,,,,,,,
2020-01-05 19:00:00,963.4,16.6,98.0,0.4,308.0,,,0.0,,,,,,,,
2020-01-05 20:00:00,963.6,16.5,98.0,0.0,0.0,,,0.0,,,,,,,,
2020-01-05 21:00:00,963.3,16.4,99.0,1.4,74.0,,,0.0,,,,,,,,
2020-01-05 22:00:00,963.2,15.8,99.0,0.5,130.0,,,0.0,,,,,,,,
2020-01-05 23:00:00,963.2,15.7,99.0,0.7,131.0,,,0.0,,,,,,,,
2020-01-06 00:00:00,962.9,16.1,98.0,2.1,187.0,,,0.0,,,,,,,,
2020-01-06 01:00:00,962.4,16.1,98.0,1.8,190.0,,,0.0,,,,,,,,
2020-01-06 02:00:00,962.2,15.7,98.0,1.9,183.0,,,0.0,,,,,,,,
2020-01-06 03:00:00,961.8,15.8,99.0,1.8,218.0,,,0.0,,,,,,,,
2020-01-06 04:00:00,961.8,15.8,99.0,1.1,228.0,,,0.0,,,,,,,,
2020-01-06 05:00:00,962.4,15.6,99.0,1.2,249.0,,,0.0,,,,,,,,
2020-01-06 06:00:00,962.6,14.8,99.0,2.0,175.0,,,0.0,,,,,,,,
2020-01-06 07:00:00,962.9,14.4,99.0,0.8,216.0,,,0.0,,,,,,,,
2020-01-06 08:00:00,963.5,15.0,99.0,1.1,291.0,,,0.0,,,,,,,,
2020-01-06 09:00:00,963.9,15.5,99.0,0.7,22.0,,,0.0,,,,,,,,
2020-01-06 10:00:00,963.8,15.6,99.0,1.0,34.0,,,0.0,,,,,,,,
2020-01-06 11:00:00,-9999.7,-99.7,-9997.0,-99.7,-999.7,,,0.0,,,,,,,,
2020-01-06 12:00:00,-9999.7,-99.7,-9997.0,-99.7,-999.7,,,0.0,,,,,,,,
2020-01-06 13:00:00,960.9,20.5,78.0,0.9,332.0,,,0.0,,,,,,,,
2020-01-06 14:00:00,960.8,18.9,94.0,0.9,299.0,,,0.0,,,,,,,,
2020-01-06 15:00:00,960.2,20.4,88.0,1.2,21.0,,,0.0,,,,,,,,
2020-01-06 16:00:00,960.4,20.4,86.0,0.3,354.0,,,0.0,,,,,,,,
2020-01-06 17:00:00,960.6,18.5,93.0,1.5,82.0,,,0.0,,,,,,,,
2020-01-06 18:00:00,960.6,17.7,96.0,0.3,112.0,,,0.0,,,,,,,,
2020-01-06 19:00:00,960.6,19.7,62.0,0.9,26.0,,,0.0,,,,,,,,
2020-01-06 20:00:00,960.6,20.1,56.0,1.6,53.0,,,0.0,,,,,,,,
2020-01-06 21:00:00,960.6,20.4,54.0,1.8,62.0,,,0.0,,,,,,,,
2020-01-06 22:00:00,960.6,20.8,56.0,1.4,65.0,,,0.0,,,,,,,,
2020-01-06 23:00:00,960.2,20.6,58.0,1.0,75.0,,,0.0,,,,,,,,
2020-01-07 00:00:00,959.6,20.6,59.0,0.0,0.0,,,0.0,,,,,,,,
2020-01-07 01:00:00,959.3,20.5,60.0,0.0,0.0,,,0.0,,,,,,,,
2020-01-07 02:00:00,958.4,19.9,63.0,2.3,177.0,,,0.0,,,,,,,,
2020-01-07 03:00:00,957.9,19.6,65.0,1.8,200.0,,,0.0,,,,,,,,
2020-01-07 04:00:00,958.0,20.1,65.0,2.7,199.0,,,0.0,,,,,,,,
2020-01-07 05:00:00,958.4,18.8,72.0,2.4,173.0,,,0.0,,,,,,,,
2020-01-07 06:00:00,959.1,16.0,96.0,1.4,287.0,,,0.0,,,,,,,,
2020-01-07 07:00:00,959.4,15.5,98.0,1.3,249.0,,,0.0,,,,,,,,
2020-01-07 08:00:00,959.0,16.4,99.0,3.9,162.0,,,0.0,,,,,,,,
2020-01-07 09:00:00,959.6,18.2,88.0,1.7,267.0,,,0.0,,,,,,,,
2020-01-07 10:00:00,961.1,18.0,97.0,1.3,271.0,,,0.0,,,,,,,,
2020-01-07 11:00:00,961.8,20.0,88.0,2.4,165.0,,,0.0,,,,,,,,
2020-01-07 12:00:00,961.5,21.6,73.0,1.7,206.0,,,0.0,,,,,,,,
2020-01-07 13:00:00,960.1,23.0,65.0,3.0,182.0,,,0.0,,,,,,,,
2020-01-07 14:00:00,958.7,23.4,62.0,3.0,184.0,,,0.0,,,,,,,,
2020-01-07 15:00:00,958.1,23.6,60.0,2.6,235.0,,,0.0,,,,,,,,
2020-01-07 16:00:00,958.8,22.6,69.0,1.1,217.0,,,0.0,,,,,,,,
2020-01-07 17:00:00,959.4,21.4,71.0,1.8,175.0,,,0.0,,,,,,,,
2020-01-07 18:00:00,959.9,20.6,73.0,2.0,182.0,,,0.0,,,,,,,,
2020-01-07 19:00:00,960.2,20.7,70.0,2.1,178.0,,,0.0,,,,,,,,
2020-01-07 20:00:00,960.3,20.5,70.0,2.4,158.0,,,0.0,,,,,,,,
2020-01-07 21:00:00,960.0,20.8,63.0,2.2,158.0,,,0.0,,,,,,,,
2020-01-07 22:00:00,959.8,20.4,61.0,0.0,0.0,,,0.0,,,,,,,,
2020-01-07 23:00:00,960.0,21.1,59.0,0.9,302.0,,,0.0,,,,,,,,
2020-01-08 00:00:00,960.3,20.2,64.0,0.3,327.0,,,0.0,,,,,,,,
2020-01-08 01:00:00,960.1,18.7,72.0,0.4,335.0,,,0.0,,,,,,,,
2020-01-08 02:00:00,960.0,18.4,76.0,1.0,342.0,,,0.0,,,,,,,,
2020-01-08 03:00:00,960.3,17.8,78.0,2.1,26.0,,,0.0,,,,,,,,
2020-01-08 04:00:00,960.2,17.6,84.0,2.1,30.0,,,0.0,,,,,,,,
2020-01-08 05:00:00,960.7,16.8,90.0,3.3,35.0,,,0.0,,,,,,,,
2020-01-08 06:00:00,960.8,15.7,93.0,3.8,48.0,,,0.0,,,,,,,,
2020-01-08 07:00:00,961.0,15.4,94.0,4.7,57.0,,,0.0,,,,,,,,
2020-01-08 08:00:00,961.3,15.6,97.0,4.8,56.0,,,0.0,,,,,,,,
2020-01-08 09:00:00,961.4,16.8,89.0,5.0,59.0,,,0.0,,,,,,,,
2020-01-08 10:00:00,961.6,18.6,75.0,4.5,47.0,,,0.0,,,,,,,,
2020-01-08 11:00:00,960.9,19.5,75.0,4.1,47.0,,,0.0,,,,,,,,
2020-01-08 12:00:00,960.1,20.0,71.0,3.9,41.0,,,0.0,,,,,,,,
2020-01-08 13:00:00,959.3,20.0,69.0,3.7,46.0,,,0.0,,,,,,,,
2020-01-08 14:00:00,958.7,20.3,68.0,3.2,45.0,,,0.0,,,,,,,,
2020-01-08 15:00:00,958.4,20.1,69.0,4.1,60.0,,,0.0,,,,,,,,
2020-01-08 16:00:00,958.6,18.5,72.0,3.6,52.0,,,0.0,,,,,,,,
2020-01-08 17:00:00,958.9,16.2,79.0,4.5,60.0,,,0.0,,,,,,,,
2020-01-08 18:00:00,959.1,14.4,85.0,4.6,58.0,,,0.0,,,,,,,,
2020-01-08 19:00:00,959.6,13.2,89.0,4.7,61.0,,,0.0,,,,,,,,
2020-01-08 20:00:00,959.9,12.4,93.0,5.1,61.0,,,0.0,,,,,,,,
2020-01-08 21:00:00,960.0,11.9,95.0,3.5,67.0,,,0.0,,,,,,,,
2020-01-08 22:00:00,960.3,11.6,96.0,3.9,60.0,,,0.0,,,,,,,,
2020-01-08 23:00:00,960.3,11.7,97.0,4.6,69.0,,,0.0,,,,,,,,
2020-01-09 00:00:00,960.3,11.9,96.0,3.3,55.0,,,0.0,,,,,,,,
2020-01-09 01:00:00,960.0,12.1,96.0,3.9,50.0,,,0.0,,,,,,,,
2020-01-09 02:00:00,959.4,11.9,96.0,2.6,40.0,,,0.0,,,,,,,,
2020-01-09 03:00:00,959.5,12.0,96.0,2.8,29.0,,,0.0,,,,,,,,
2020-01-09 04:00:00,959.3,12.0,96.0,2.4,43.0,,,0.0,,,,,,,,
2020-01-09 05:00:00,959.4,15.8,85.0,0.0,0.0,,,0.0,,,,,,,,
2020-01-09 06:00:00,960.1,12.7,93.0,2.7,47.0,,,0.0,,,,,,,,
2020-01-09 07:00:00,960.3,12.8,93.0,2.8,48.0,,,0.0,,,,,,,,
2020-01-09 08:00:00,961.3,13.2,91.0,3.6,56.0,,,0.0,,,,,,,,
2020-01-09 09:00:00,961.9,14.4,88.0,3.2,59.0,,,0.0,,,,,,,,
2020-01-09 10:00:00,962.0,20.3,75.0,1.4,148.0,,,0.0,,,,,,,,
2020-01-09 11:00:00,961.2,20.2,74.0,1.3,254.0,,,0.0,,,,,,,,
2020-01-09 12:00:00,960.2,21.8,70.0,0.8,273.0,,,0.0,,,,,,,,
2020-01-09 13:00:00,959.8,22.2,68.0,1.2,323.0,,,0.0,,,,,,,,
2020-01-09 14:00:00,959.2,21.9,70.0,1.6,300.0,,,0.0,,,,,,,,
2020-01-09 15:00:00,958.7,20.6,75.0,1.7,28.0,,,0.0,,,,,,,,
2020-01-09 16:00:00,958.6,19.8,77.0,1.7,61.0,,,0.0,,,,,,,,
2020-01-09 17:00:00,958.7,17.9,85.0,1.8,46.0,,,0.0,,,,,,,,
2020-01-09 18:00:00,958.8,15.9,94.0,2.8,78.0,,,0.0,,,,,,,,
2020-01-09 19:00:00,959.6,15.6,96.0,2.9,79.0,,,0.0,,,,,,,,
2020-01-09 20:00:00,959.4,16.3,95.0,1.8,120.0,,,0.0,,,,,,,,
2020-01-09 21:00:00,959.2,17.2,82.0,0.1,0.0,,,0.0,,,,,,,,
2020-01-09 22:00:00,958.9,16.2,90.0,0.9,98.0,,,0.0,,,,,,,,
2020-01-09 23:00:00,958.5,18.2,76.0,1.9,275.0,,,0.0,,,,,,,,
2020-01-10 00:00:00,958.3,15.3,93.0,2.0,96.0,,,0.0,,,,,,,,
2020-01-10 01:00:00,957.9,16.3,86.0,1.2,65.0,,,0.0,,,,,,,,
2020-01-10 02:00:00,957.7,17.2,74.0,0.9,307.0,,,0.0,,,,,,,,
2020-01-10 03:00:00,957.8,17.0,77.0,0.6,352.0,,,0.0,,,,,,,,
2020-01-10 04:00:00,958.2,14.1,95.0,1.5,75.0,,,0.0,,,,,,,,
2020-01-10 05:00:00,958.3,16.4,78.0,1.2,97.0,,,0.0,,,,,,,,
2020-01-10 06:00:00,958.8,16.8,78.0,2.8,242.0,,,0.0,,,,,,,,
2020-01-10 07:00:00,959.4,16.6,76.0,1.2,222.0,,,0.0,,,,,,,,
2020-01-10 08:00:00,959.5,17.7,66.0,3.2,176.0,,,0.0,,,,,,,,
2020-01-10 09:00:00,959.7,20.2,65.0,2.8,182.0,,,0.0,,,,,,,,
2020-01-10 10:00:00,959.7,21.7,65.0,0.6,195.0,,,0.0,,,,,,,,
2020-01-10 11:00:00,959.3,21.6,72.0,1.3,287.0,,,0.0,,,,,,,,
2020-01-10 12:00:00,958.7,21.7,73.0,1.6,305.0,,,0.0,,,,,,,,
2020-01-10 13:00:00,958.1,22.2,73.0,1.9,304.0,,,0.0,,,,,,,,
2020-01-10 14:00:00,957.7,19.8,86.0,1.6,309.0,,,0.0,,,,,,,,
2020-01-10 15:00:00,957.2,18.8,90.0,0.8,315.0,,,0.0,,,,,,,,
2020-01-10 16:00:00,956.8,18.8,89.0,1.3,31.0,,,0.0,,,,,,,,
2020-01-10 17:00:00,956.8,17.6,94.0,1.8,58.0,,,0.0,,,,,,,,
2020-01-10 18:00:00,956.8,17.1,97.0,2.8,74.0,,,0.0,,,,,,,,
2020-01-10 19:00:00,957.1,16.8,99.0,2.5,88.0,,,0.0,,,,,,,,
2020-01-10 20:00:00,957.4,16.6,99.0,1.7,122.0,,,0.0,,,,,,,,
2020-01-10 21:00:00,957.6,17.2,99.0,1.3,179.0,,,0.0,,,,,,,,
2020-01-10 22:00:00,957.8,17.1,99.0,1.5,173.0,,,0.0,,,,,,,,
2020-01-10 23:00:00,957.7,18.8,76.0,2.7,180.0,,,0.0,,,,,,,,
2020-01-11 00:00:00,957.5,19.2,71.0,2.1,181.0,,,0.0,,,,,,,,
2020-01-11 01:00:00,957.4,19.3,68.0,2.0,179.0,,,0.0,,,,,,,,
2020-01-11 02:00:00,957.1,16.7,93.0,1.8,246.0,,,0.0,,,,,,,,
2020-01-11 03:00:00,956.8,16.3,85.0,1.8,159.0,,,0.0,,,,,,,,
2020-01-11 04:00:00,956.7,15.8,96.0,0.0,0.0,,,0.0,,,,,,,,
2020-01-11 05:00:00,956.7,14.9,99.0,1.2,102.0,,,0.0,,,,,,,,
2020-01-11 06:00:00,957.0,15.3,99.0,2.1,54.0,,,0.0,,,,,,,,
2020-01-11 07:00:00,957.2,15.1,99.0,1.6,87.0,,,0.0,,,,,,,,
2020-01-11 08:00:00,957.7,15.6,99.0,1.5,72.0,,,0.0,,,,,,,,
2020-01-11 09:00:00,958.1,16.9,99.0,1.8,67.0,,,0.0,,,,,,,,
2020-01-11 10:00:00,958.4,17.3,99.0,0.9,291.0,,,0.0,,,,,,,,
2020-01-11 11:00:00,958.3,19.7,86.0,1.2,286.0,,,0.0,,,,,,,,
2020-01-11 12:00:00,957.6,19.3,88.0,1.8,289.0,,,0.0,,,,,,,,
2020-01-11 13:00:00,957.0,18.1,92.0,1.0,310.0,,,0.0,,,,,,,,
2020-01-11 14:00:00,956.4,18.8,91.0,1.1,338.0,,,0.0,,,,,,,,
2020-01-11 15:00:00,955.8,19.1,86.0,3.1,60.0,,,0.0,,,,,,,,
2020-01-11 16:00:00,956.2,18.0,89.0,3.1,57.0,,,0.0,,,,,,,,
2020-01-11 17:00:00,956.2,16.9,94.0,1.9,72.0,,,0.0,,,,,,,,
2020-01-11 18:00:00,956.7,16.0,98.0,3.6,59.0,,,0.0,,,,,,,,
2020-01-11 19:00:00,957.1,15.6,99.0,4.1,59.0,,,0.0,,,,,,,,
2020-01-11 20:00:00,957.0,15.4,99.0,3.4,73.0,,,0.0,,,,,,,,
2020-01-11 21:00:00,957.1,15.2,99.0,1.9,91.0,,,0.0,,,,,,,,
2020-01-11 22:00:00,957.2,15.2,99.0,2.7,65.0,,,0.0,,,,,,,,
2020-01-11 23:00:00,957.1,15.2,99.0,3.6,67.0,,,0.0,,,,,,,,
2020-01-12 00:00:00,956.8,14.8,99.0,3.1,71.0,,,0.0,,,,,,,,
2020-01-12 01:00:00,957.0,14.8,99.0,3.9,68.0,,,0.0,,,,,,,,
2020-01-12 02:00:00,956.5,14.6,99.0,3.9,72.0,,,0.0,,,,,,,,
2020-01-12 03:00:00,956.9,14.5,99.0,4.0,46.0,,,0.0,,,,,,,,
2020-01-12 04:00:00,956.7,14.5,99.0,4.9,55.0,,,0.0,,,,,,,,
2020-01-12 05:00:00,956.7,13.8,99.0,5.3,56.0,,,0.0,,,,,,,,
2020-01-12 06:00:00,957.3,13.3,99.0,4.5,55.0,,,0.0,,,,,,,,
2020-01-12 07:00:00,957.7,12.1,99.0,6.0,58.0,,,0.0,,,,,,,,
2020-01-12 08:00:00,958.0,11.9,99.0,6.2,58.0,,,0.0,,,,,,,,
2020-01-12 09:00:00,958.6,11.9,99.0,6.2,60.0,,,0.0,,,,,,,,
2020-01-12 10:00:00,959.2,12.0,99.0,6.1,62.0,,,0.0,,,,,,,,
2020-01-12 11:00:00,958.7,12.4,99.0,7.0,60.0,,,0.0,,,,,,,,
2020-01-12 12:00:00,957.8,12.7,99.0,6.4,60.0,,,0.0,,,,,,,,
2020-01-12 13:00:00,956.7,13.1,96.0,6.1,59.0,,,0.0,,,,,,,,
2020-01-12 14:00:00,956.3,12.5,96.0,5.4,59.0,,,0.0,,,,,,,,
2020-01-12 15:00:00,955.9,12.3,94.0,5.7,60.0,,,0.0,,,,,,,,
2020-01-12 16:00:00,955.9,11.9,94.0,6.5,61.0,,,0.0,,,,,,,,
2020-01-12 17:00:00,956.6,11.6,93.0,6.2,59.0,,,0.0,,,,,,,,
2020-01-12 18:00:00,956.5,11.1,95.0,5.7,63.0,,,0.0,,,,,,,,
2020-01-12 19:00:00,956.9,10.6,99.0,4.9,59.0,,,0.0,,,,,,,,
2020-01-12 20:00:00,957.1,10.7,99.0,5.9,63.0,,,0.0,,,,,,,,
2020-01-12 21:00:00,957.4,10.8,99.0,5.6,61.0,,,0.0,,,,,,,,
2020-01-12 22:00:00,958.1,11.3,99.0,5.1,63.0,,,0.0,,,,,,,,
2020-01-12 23:00:00,958.1,11.5,99.0,4.5,58.0,,,0.0,,,,,,,,
2020-01-13 00:00:00,958.0,11.5,99.0,4.9,59.0,,,0.0,,,,,,,,
2020-01-13 01:00:00,957.7,11.4,99.0,3.7,61.0,,,0.0,,,,,,,,
2020-01-13 02:00:00,957.4,11.2,99.0,3.9,57.0,,,0.0,,,,,,,,
2020-01-13 03:00:00,957.5,11.2,98.0,4.1,64.0,,,0.0,,,,,,,,
2020-01-13 04:00:00,957.4,11.2,98.0,4.2,61.0,,,0.0,,,,,,,,
2020-01-13 05:00:00,958.0,11.3,97.0,3.3,59.0,,,0.0,,,,,,,,
2020-01-13 06:00:00,958.7,11.3,96.0,4.1,67.0,,,0.0,,,,,,,,
2020-01-13 07:00:00,958.9,11.4,98.0,3.3,58.0,,,0.0,,,,,,,,
2020-01-13 08:00:00,959.0,11.9,99.0,3.5,72.0,,,0.0,,,,,,,,
2020-01-13 09:00:00,959.8,13.0,96.0,1.5,50.0,,,0.0,,,,,,,,
2020-01-13 10:00:00,960.9,14.2,88.0,2.1,25.0,,,0.0,,,,,,,,
2020-01-13 11:00:00,960.2,16.7,79.0,1.4,8.0,,,0.0,,,,,,,,
2020-01-13 12:00:00,959.5,16.6,79.0,2.3,38.0,,,0.0,,,,,,,,
2020-01-13 13:00:00,958.6,17.3,76.0,2.0,45.0,,,0.0,,,,,,,,
2020-01-13 14:00:00,957.7,17.9,76.0,2.2,48.0,,,0.0,,,,,,,,
2020-01-13 15:00:00,957.2,17.9,77.0,1.5,22.0,,,0.0,,,,,,,,
2020-01-13 16:00:00,957.5,15.9,85.0,1.6,38.0,,,0.0,,,,,,,,
2020-01-13 17:00:00,956.8,14.4,91.0,4.5,57.0,,,0.0,,,,,,,,
2020-01-13 18:00:00,958.4,14.0,93.0,5.4,59.0,,,0.0,,,,,,,,
2020-01-13 19:00:00,957.8,13.8,96.0,4.5,63.0,,,0.0,,,,,,,,
2020-01-13 20:00:00,956.1,13.0,99.0,3.5,70.0,,,0.0,,,,,,,,
2020-01-13 21:00:00,958.0,13.7,99.0,3.3,49.0,,,0.0,,,,,,,,
2020-01-13 22:00:00,958.4,13.8,99.0,4.0,56.0,,,0.0,,,,,,,,
2020-01-13 23:00:00,958.7,13.8,99.0,3.9,67.0,,,0.0,,,,,,,,
2020-01-14 00:00:00,959.1,13.4,99.0,1.5,103.0,,,0.0,,,,,,,,
2020-01-14 01:00:00,959.3,13.2,99.0,3.4,262.0,,,0.0,,,,,,,,
2020-01-14 02:00:00,960.2,13.3,99.0,1.0,273.0,,,0.0,,,,,,,,
2020-01-14 03:00:00,960.4,13.4,99.0,1.3,102.0,,,0.0,,,,,,,,
2020-01-14 04:00:00,960.3,14.2,99.0,0.3,36.0,,,0.0,,,,,,,,
2020-01-14 05:00:00,960.3,14.3,99.0,1.7,52.0,,,0.0,,,,,,,,
2020-01-14 06:00:00,960.8,14.3,99.0,2.0,50.0,,,0.0,,,,,,,,
2020-01-14 07:00:00,961.2,14.1,99.0,3.1,65.0,,,0.0,,,,,,,,
2020-01-14 08:00:00,962.1,14.2,99.0,2.7,58.0,,,0.0,,,,,,,,
2020-01-14 09:00:00,962.7,14.4,99.0,3.2,60.0,,,0.0,,,,,,,,
2020-01-14 10:00:00,963.1,15.3,99.0,4.6,67.0,,,0.0,,,,,,,,
2020-01-14 11:00:00,961.7,19.3,72.0,1.8,117.0,,,0.0,,,,,,,,
2020-01-14 12:00:00,961.1,20.1,74.0,1.4,330.0,,,0.0,,,,,,,,
2020-01-14 13:00:00,960.7,18.9,79.0,1.6,4.0,,,0.0,,,,,,,,
2020-01-14 14:00:00,960.3,17.3,89.0,4.3,58.0,,,0.0,,,,,,,,
2020-01-14 15:00:00,959.5,18.0,85.0,4.4,62.0,,,0.0,,,,,,,,
2020-01-14 16:00:00,959.5,17.2,85.0,4.3,51.0,,,0.0,,,,,,,,
2020-01-14 17:00:00,959.7,15.9,89.0,4.9,58.0,,,0.0,,,,,,,,
2020-01-14 18:00:00,960.0,14.5,97.0,4.8,57.0,,,0.0,,,,,,,,
2020-01-14 19:00:00,960.0,14.1,99.0,5.1,59.0,,,0.0,,,,,,,,
2020-01-14 20:00:00,960.6,13.9,99.0,5.8,62.0,,,0.0,,,,,,,,
2020-01-14 21:00:00,960.5,13.9,99.0,5.0,65.0,,,0.0,,,,,,,,
2020-01-14 22:00:00,960.5,13.9,99.0,4.7,62.0,,,0.0,,,,,,,,
2020-01-14 23:00:00,960.5,13.5,99.0,4.6,59.0,,,0.0,,,,,,,,
2020-01-15 00:00:00,960.1,13.2,99.0,4.6,70.0,,,0.0,,,,,,,,
2020-01-15 01:00:00,959.7,12.8,99.0,3.5,82.0,,,0.0,,,,,,,,
2020-01-15 02:00:00,959.4,12.5,99.0,3.1,51.0,,,0.0,,,,,,,,
2020-01-15 03:00:00,959.2,12.3,99.0,3.1,82.0,,,0.0,,,,,,,,
2020-01-15 04:00:00,959.3,12.3,99.0,2.0,28.0,,,0.0,,,,,,,,
2020-01-15 05:00:00,959.4,12.1,99.0,2.2,75.0,,,0.0,,,,,,,,
2020-01-15 06:00:00,959.8,14.9,69.0,0.7,46.0,,,0.0,,,,,,,,
2020-01-15 07:00:00,960.6,14.8,69.0,0.1,0.0,,,0.0,,,,,,,,
2020-01-15 08:00:00,961.1,17.3,63.0,0.0,0.0,,,0.0,,,,,,,,
2020-01-15 09:00:00,961.6,18.6,60.0,1.4,275.0,,,0.0,,,,,,,,
2020-01-15 10:00:00,962.1,18.5,67.0,1.5,270.0,,,0.0,,,,,,,,
2020-01-15 11:00:00,961.7,19.0,71.0,1.5,294.0,,,0.0,,,,,,,,
2020-01-15 12:00:00,960.6,20.8,63.0,1.8,287.0,,,0.0,,,,,,,,
2020-01-15 13:00:00,959.8,21.5,63.0,1.5,304.0,,,0.0,,,,,,,,
2020-01-15 14:00:00,959.2,21.1,68.0,1.1,312.0,,,0.0,,,,,,,,
2020-01-15 15:00:00,959.1,20.0,76.0,1.7,314.0,,,0.0,,,,,,,,
2020-01-15 16:00:00,959.6,17.3,93.0,2.1,31.0,,,0.0,,,,,,,,
2020-01-15 17:00:00,959.9,16.0,99.0,2.5,54.0,,,0.0,,,,,,,,
2020-01-15 18:00:00,960.0,15.7,99.0,3.0,65.0,,,0.0,,,,,,,,
2020-01-15 19:00:00,959.9,15.6,99.0,4.6,65.0,,,0.0,,,,,,,,
2020-01-15 20:00:00,959.9,15.7,99.0,3.0,67.0,,,0.0,,,,,,,,
2020-01-15 21:00:00,959.9,15.6,99.0,3.0,69.0,,,0.0,,,,,,,,
2020-01-15 22:00:00,959.7,14.9,99.0,2.3,95.0,,,0.0,,,,,,,,
2020-01-15 23:00:00,959.7,15.0,99.0,1.3,39.0,,,0.0,,,,,,,,
2020-01-16 00:00:00,959.7,14.8,99.0,1.6,52.0,,,0.0,,,,,,,,
2020-01-16 01:00:00,959.9,14.9,99.0,1.9,51.0,,,0.0,,,,,,,,
2020-01-16 02:00:00,959.9,14.8,99.0,1.7,65.0,,,0.0,,,,,,,,
2020-01-16 03:00:00,959.9,14.6,99.0,1.6,56.0,,,0.0,,,,,,,,
2020-01-16 04:00:00,959.8,14.4,99.0,3.4,75.0,,,0.0,,,,,,,,
2020-01-16 05:00:00,959.7,14.0,99.0,2.7,57.0,,,0.0,,,,,,,,
2020-01-16 06:00:00,960.2,14.3,99.0,3.9,82.0,,,0.0,,,,,,,,
2020-01-16 07:00:00,960.3,14.3,99.0,3.1,66.0,,,0.0,,,,,,,,
2020-01-16 08:00:00,960.5,14.7,99.0,3.1,68.0,,,0.0,,,,,,,,
2020-01-16 09:00:00,960.7,16.4,99.0,2.1,87.0,,,0.0,,,,,,,,
2020-01-16 10:00:00,961.0,20.7,68.0,0.6,102.0,,,0.0,,,,,,,,
2020-01-16 11:00:00,960.7,20.9,70.0,1.0,293.0,,,0.0,,,,,,,,
2020-01-16 12:00:00,959.9,21.6,73.0,1.2,14.0,,,0.0,,,,,,,,
2020-01-16 13:00:00,958.7,21.8,74.0,1.8,11.0,,,0.0,,,,,,,,
2020-01-16 14:00:00,958.1,21.9,72.0,1.7,327.0,,,0.0,,,,,,,,
2020-01-16 15:00:00,957.8,21.2,79.0,1.6,346.0,,,0.0,,,,,,,,
2020-01-16 16:00:00,958.1,18.9,88.0,1.7,37.0,,,0.0,,,,,,,,
2020-01-16 17:00:00,958.7,17.8,93.0,2.1,50.0,,,0.0,,,,,,,,
2020-01-16 18:00:00,959.0,16.2,99.0,3.4,68.0,,,0.0,,,,,,,,
2020-01-16 19:00:00,959.3,15.8,99.0,2.7,71.0,,,0.0,,,,,,,,
2020-01-16 20:00:00,959.4,14.9,99.0,0.5,113.0,,,0.0,,,,,,,,
2020-01-16 21:00:00,959.4,15.2,99.0,2.0,61.0,,,0.0,,,,,,,,
2020-01-16 22:00:00,959.5,15.0,99.0,3.5,63.0,,,0.0,,,,,,,,
2020-01-16 23:00:00,959.9,14.9,99.0,3.9,58.0,,,0.0,,,,,,,,
2020-01-17 00:00:00,959.6,14.7,99.0,4.5,63.0,,,0.0,,,,,,,,
2020-01-17 01:00:00,959.5,14.6,99.0,4.3,67.0,,,0.0,,,,,,,,
2020-01-17 02:00:00,959.4,14.3,99.0,4.3,59.0,,,0.0,,,,,,,,
2020-01-17 03:00:00,-9999.7,-99.7,-9997.0,-99.7,-999.7,,,0.0,,,,,,,,
2020-01-17 04:00:00,959.3,14.2,99.0,3.1,45.0,,,0.0,,,,,,,,
2020-01-17 05:00:00,959.7,14.0,99.0,3.8,55.0,,,0.0,,,,,,,,
2020-01-17 06:00:00,959.4,13.9,99.0,4.4,68.0,,,0.0,,,,,,,,
2020-01-17 07:00:00,960.4,13.2,99.0,3.5,45.0,,,0.0,,,,,,,,
2020-01-17 08:00:00,960.7,13.1,99.0,5.8,59.0,,,0.0,,,,,,,,
2020-01-17 09:00:00,960.7,13.4,99.0,6.4,73.0,,,0.0,,,,,,,,
2020-01-17 10:00:00,961.4,13.3,99.0,3.7,51.0,,,0.0,,,,,,,,
2020-01-17 11:00:00,961.1,13.1,99.0,5.1,60.0,,,0.0,,,,,,,,
2020-01-17 12:00:00,960.2,13.2,99.0,5.0,59.0,,,0.0,,,,,,,,
2020-01-17 13:00:00,959.2,12.9,99.0,6.0,61.0,,,0.0,,,,,,,,
2020-01-17 14:00:00,958.6,12.9,99.0,5.1,58.0,,,0.0,,,,,,,,
2020-01-17 15:00:00,958.5,12.4,99.0,5.7,57.0,,,0.0,,,,,,,,
2020-01-17 16:00:00,958.4,12.2,99.0,5.7,61.0,,,0.0,,,,,,,,
2020-01-17 17:00:00,959.0,12.0,99.0,5.5,58.0,,,0.0,,,,,,,,
2020-01-17 18:00:00,959.7,11.7,99.0,4.8,59.0,,,0.0,,,,,,,,
2020-01-17 19:00:00,960.3,11.4,99.0,5.0,53.0,,,0.0,,,,,,,,
2020-01-17 20:00:00,960.6,11.2,99.0,5.8,59.0,,,0.0,,,,,,,,
2020-01-17 21:00:00,960.6,11.0,99.0,6.2,60.0,,,0.0,,,,,,,,
2020-01-17 22:00:00,960.8,10.8,99.0,6.0,62.0,,,0.0,,,,,,,,
2020-01-17 23:00:00,960.7,10.5,99.0,6.0,61.0,,,0.0,,,,,,,,
2020-01-18 00:00:00,960.8,10.4,99.0,6.0,61.0,,,0.0,,,,,,,,
2020-01-18 01:00:00,960.7,10.4,99.0,5.3,61.0,,,0.0,,,,,,,,
2020-01-18 02:00:00,960.4,10.4,99.0,4.8,60.0,,,0.0,,,,,,,,
2020-01-18 03:00:00,960.3,10.0,99.0,5.8,63.0,,,0.0,,,,,,,,
2020-01-18 04:00:00,959.8,9.9,99.0,5.6,61.0,,,0.0,,,,,,,,
2020-01-18 05:00:00,959.8,9.7,99.0,6.3,62.0,,,0.0,,,,,,,,
2020-01-18 06:00:00,960.1,9.6,99.0,6.5,61.0,,,0.0,,,,,,,,
2020-01-18 07:00:00,960.3,9.6,99.0,6.3,63.0,,,0.0,,,,,,,,
2020-01-18 08:00:00,960.3,9.9,99.0,4.5,58.0,,,0.0,,,,,,,,
2020-01-18 09:00:00,961.2,10.2,99.0,6.0,60.0,,,0.0,,,,,,,,
2020-01-18 10:00:00,961.3,12.7,88.0,4.1,60.0,,,0.0,,,,,,,,
2020-01-18 11:00:00,961.1,13.9,79.0,5.1,51.0,,,0.0,,,,,,,,
2020-01-18 12:00:00,960.3,14.3,77.0,4.9,57.0,,,0.0,,,,,,,,
2020-01-18 13:00:00,959.1,14.9,75.0,4.5,51.0,,,0.0,,,,,,,,
2020-01-18 14:00:00,958.9,15.0,76.0,4.6,54.0,,,0.0,,,,,,,,
2020-01-18 15:00:00,958.7,13.8,81.0,4.7,54.0,,,0.0,,,,,,,,
2020-01-18 16:00:00,958.9,12.9,84.0,4.7,57.0,,,0.0,,,,,,,,
2020-01-18 17:00:00,959.0,11.7,90.0,5.4,61.0,,,0.0,,,,,,,,
2020-01-18 18:00:00,959.3,11.0,95.0,4.4,65.0,,,0.0,,,,,,,,
2020-01-18 19:00:00,959.7,10.7,99.0,2.8,74.0,,,0.0,,,,,,,,
2020-01-18 20:00:00,959.9,10.8,99.0,2.4,79.0,,,0.0,,,,,,,,
2020-01-18 21:00:00,960.3,10.6,99.0,2.2,62.0,,,0.0,,,,,,,,
2020-01-18 22:00:00,960.9,10.6,99.0,3.6,62.0,,,0.0,,,,,,,,
2020-01-18 23:00:00,960.9,10.8,99.0,3.8,64.0,,,0.0,,,,,,,,
2020-01-19 00:00:00,960.8,11.1,99.0,3.9,59.0,,,0.0,,,,,,,,
2020-01-19 01:00:00,960.5,11.2,99.0,2.8,73.0,,,0.0,,,,,,,,
2020-01-19 02:00:00,960.3,11.5,99.0,3.3,58.0,,,0.0,,,,,,,,
2020-01-19 03:00:00,960.3,11.5,99.0,1.8,34.0,,,0.0,,,,,,,,
2020-01-19 04:00:00,960.4,11.4,99.0,2.6,78.0,,,0.0,,,,,,,,
2020-01-19 05:00:00,960.8,11.6,99.0,2.5,50.0,,,0.0,,,,,,,,
2020-01-19 06:00:00,961.0,11.7,99.0,3.1,76.0,,,0.0,,,,,,,,
2020-01-19 07:00:00,961.3,11.6,99.0,2.3,51.0,,,0.0,,,,,,,,
2020-01-19 08:00:00,962.3,12.0,99.0,3.1,55.0,,,0.0,,,,,,,,
2020-01-19 09:00:00,962.4,13.1,99.0,3.4,92.0,,,0.0,,,,,,,,
2020-01-19 10:00:00,963.2,14.3,95.0,2.5,49.0,,,0.0,,,,,,,,
2020-01-19 11:00:00,963.0,15.0,89.0,4.0,70.0,,,0.0,,,,,,,,
2020-01-19 12:00:00,962.3,15.4,86.0,3.0,51.0,,,0.0,,,,,,,,
2020-01-19 13:00:00,961.1,16.4,82.0,3.0,61.0,,,0.0,,,,,,,,
2020-01-19 14:00:00,960.1,16.1,84.0,3.0,42.0,,,0.0,,,,,,,,
2020-01-19 15:00:00,960.1,13.8,96.0,3.5,52.0,,,0.0,,,,,,,,
2020-01-19 16:00:00,960.1,13.6,96.0,4.1,59.0,,,0.0,,,,,,,,
2020-01-19 17:00:00,960.8,12.9,98.0,3.7,59.0,,,0.0,,,,,,,,
2020-01-19 18:00:00,961.4,12.6,99.0,4.0,57.0,,,0.0,,,,,,,,
2020-01-19 19:00:00,962.0,12.5,99.0,4.5,62.0,,,0.0,,,,,,,,
2020-01-19 20:00:00,962.1,12.4,99.0,3.9,61.0,,,0.0,,,,,,,,
2020-01-19 21:00:00,962.1,12.3,99.0,4.2,65.0,,,0.0,,,,,,,,
2020-01-19 22:00:00,962.2,12.1,99.0,4.2,71.0,,,0.0,,,,,,,,
2020-01-19 23:00:00,962.1,12.0,99.0,2.2,94.0,,,0.0,,,,,,,,
2020-01-20 00:00:00,962.1,11.7,99.0,1.3,101.0,,,0.0,,,,,,,,
2020-01-20 01:00:00,962.1,11.9,99.0,3.6,61.0,,,0.0,,,,,,,,
2020-01-20 02:00:00,962.1,11.9,99.0,3.3,66.0,,,0.0,,,,,,,,
2020-01-20 03:00:00,962.1,11.8,99.0,3.1,58.0,,,0.0,,,,,,,,
2020-01-20 04:00:00,962.1,11.8,99.0,3.8,65.0,,,0.0,,,,,,,,
2020-01-20 05:00:00,962.0,11.7,99.0,4.0,76.0,,,0.0,,,,,,,,
2020-01-20 06:00:00,962.1,11.7,99.0,2.6,91.0,,,0.0,,,,,,,,
2020-01-20 07:00:00,963.1,11.7,99.0,3.8,63.0,,,0.0,,,,,,,,
2020-01-20 08:00:00,963.5,11.9,99.0,2.5,89.0,,,0.0,,,,,,,,
2020-01-20 09:00:00,964.1,14.7,99.0,3.1,77.0,,,0.0,,,,,,,,
2020-01-20 10:00:00,964.4,19.2,72.0,1.3,44.0,,,0.0,,,,,,,,
2020-01-20 11:00:00,964.4,18.9,74.0,1.8,96.0,,,0.0,,,,,,,,
2020-01-20 12:00:00,963.8,20.4,65.0,2.1,70.0,,,0.0,,,,,,,,
2020-01-20 13:00:00,962.6,20.4,68.0,2.9,70.0,,,0.0,,,,,,,,
2020-01-20 14:00:00,-9999.7,-99.7,-9997.0,-99.7,-999.7,,,0.0,,,,,,,,
2020-01-20 15:00:00,-9999.7,-99.7,-9997.0,-99.7,-999.7,,,0.0,,,,,,,,
2020-01-20 16:00:00,961.6,15.6,80.0,4.4,55.0,,,0.0,,,,,,,,
2020-01-20 17:00:00,962.2,13.2,88.0,4.1,53.0,,,0.0,,,,,,,,
2020-01-20 18:00:00,962.6,12.1,91.0,6.0,60.0,,,0.0,,,,,,,,
2020-01-20 19:00:00,962.7,11.3,95.0,5.6,59.0,,,0.0,,,,,,,,
2020-01-20 20:00:00,963.2,11.0,96.0,5.4,62.0,,,0.0,,,,,,,,
2020-01-20 21:00:00,963.4,10.9,98.0,4.6,61.0,,,0.0,,,,,,,,
2020-01-20 22:00:00,963.3,14.0,74.0,3.3,77.0,,,0.0,,,,,,,,
2020-01-20 23:00:00,963.3,11.4,95.0,3.5,47.0,,,0.0,,,,,,,,
2020-01-21 00:00:00,963.1,11.1,97.0,2.4,89.0,,,0.0,,,,,,,,
2020-01-21 01:00:00,962.9,11.3,93.0,2.5,47.0,,,0.0,,,,,,,,
2020-01-21 02:00:00,962.5,11.3,92.0,3.5,56.0,,,0.0,,,,,,,,
2020-01-21 03:00:00,962.4,10.1,99.0,2.5,88.0,,,0.0,,,,,,,,
2020-01-21 04:00:00,962.2,12.9,77.0,2.4,72.0,,,0.0,,,,,,,,
2020-01-21 05:00:00,962.4,10.2,99.0,4.8,55.0,,,0.0,,,,,,,,
2020-01-21 06:00:00,963.1,9.9,99.0,2.7,81.0,,,0.0,,,,,,,,
2020-01-21 07:00:00,963.5,10.4,99.0,2.5,80.0,,,0.0,,,,,,,,
2020-01-21 08:00:00,964.0,16.2,62.0,2.1,92.0,,,0.0,,,,,,,,
2020-01-21 09:00:00,965.3,19.7,59.0,1.6,104.0,,,0.0,,,,,,,,
2020-01-21 10:00:00,966.0,17.7,71.0,1.7,65.0,,,0.0,,,,,,,,
2020-01-21 11:00:00,965.8,22.2,42.0,1.8,60.0,,,0.0,,,,,,,,
2020-01-21 12:00:00,965.1,21.8,58.0,1.4,262.0,,,0.0,,,,,,,,
2020-01-21 13:00:00,964.3,21.8,61.0,1.2,285.0,,,0.0,,,,,,,,
2020-01-21 14:00:00,963.7,21.2,65.0,1.2,317.0,,,0.0,,,,,,,,
2020-01-21 15:00:00,962.9,21.5,64.0,1.8,31.0,,,0.0,,,,,,,,
2020-01-21 16:00:00,962.7,20.5,70.0,2.9,62.0,,,0.0,,,,,,,,
2020-01-21 17:00:00,962.6,17.8,82.0,2.8,57.0,,,0.0,,,,,,,,
2020-01-21 18:00:00,963.0,15.7,90.0,0.7,128.0,,,0.0,,,,,,,,
2020-01-21 19:00:00,963.2,17.8,80.0,1.0,9.0,,,0.0,,,,,,,,
2020-01-21 20:00:00,963.8,16.7,86.0,1.1,360.0,,,0.0,,,,,,,,
2020-01-21 21:00:00,964.0,17.0,85.0,1.8,117.0,,,0.0,,,,,,,,
2020-01-21 22:00:00,963.8,19.8,55.0,1.7,180.0,,,0.0,,,,,,,,
2020-01-21 23:00:00,963.4,16.5,85.0,1.0,263.0,,,0.0,,,,,,,,
2020-01-22 00:00:00,962.2,17.3,75.0,2.8,171.0,,,0.0,,,,,,,,
2020-01-22 01:00:00,961.7,18.6,68.0,2.4,238.0,,,0.0,,,,,,,,
2020-01-22 02:00:00,961.2,15.8,97.0,1.6,291.0,,,0.0,,,,,,,,
2020-01-22 03:00:00,961.4,15.7,99.0,1.0,305.0,,,0.0,,,,,,,,
2020-01-22 04:00:00,962.3,15.8,99.0,0.3,18.0,,,0.0,,,,,,,,
2020-01-22 05:00:00,961.5,15.5,99.0,2.2,124.0,,,0.0,,,,,,,,
2020-01-22 06:00:00,961.6,18.7,65.0,2.1,168.0,,,0.0,,,,,,,,
2020-01-22 07:00:00,961.7,19.1,60.0,2.7,176.0,,,0.0,,,,,,,,
2020-01-22 08:00:00,962.3,18.4,72.0,1.3,280.0,,,0.0,,,,,,,,
2020-01-22 09:00:00,963.0,18.0,83.0,1.5,83.0,,,0.0,,,,,,,,
2020-01-22 10:00:00,963.3,19.6,81.0,1.4,67.0,,,0.0,,,,,,,,
2020-01-22 11:00:00,962.9,21.0,64.0,1.6,135.0,,,0.0,,,,,,,,
2020-01-22 12:00:00,962.3,23.2,63.0,1.0,298.0,,,0.0,,,,,,,,
2020-01-22 13:00:00,961.4,24.0,60.0,1.1,303.0,,,0.0,,,,,,,,
2020-01-22 14:00:00,960.8,22.6,66.0,1.2,280.0,,,0.0,,,,,,,,
2020-01-22 15:00:00,960.3,22.8,58.0,1.5,264.0,,,0.0,,,,,,,,
2020-01-22 16:00:00,960.3,22.0,71.0,0.2,0.0,,,0.0,,,,,,,,
2020-01-22 17:00:00,960.9,20.3,79.0,0.5,255.0,,,0.0,,,,,,,,
2020-01-22 18:00:00,960.9,18.8,86.0,0.7,43.0,,,0.0,,,,,,,,
2020-01-22 19:00:00,961.4,18.1,98.0,0.0,0.0,,,0.0,,,,,,,,
2020-01-22 20:00:00,961.9,19.4,83.0,1.5,43.0,,,0.0,,,,,,,,
2020-01-22 21:00:00,962.0,19.9,76.0,1.1,231.0,,,0.0,,,,,,,,
2020-01-22 22:00:00,961.5,19.5,78.0,2.2,186.0,,,0.0,,,,,,,,
2020-01-22 23:00:00,961.2,20.1,68.0,1.3,225.0,,,0.0,,,,,,,,
2020-01-23 00:00:00,961.4,19.4,68.0,0.9,232.0,,,0.0,,,,,,,,
2020-01-23 01:00:00,961.2,18.7,74.0,1.8,110.0,,,0.0,,,,,,,,
2020-01-23 02:00:00,960.6,19.5,70.0,1.5,136.0,,,0.0,,,,,,,,
2020-01-23 03:00:00,960.5,20.6,69.0,1.5,194.0,,,0.0,,,,,,,,
2020-01-23 04:00:00,960.0,20.4,74.0,1.3,212.0,,,0.0,,,,,,,,
2020-01-23 05:00:00,960.0,20.5,80.0,1.5,249.0,,,0.0,,,,,,,,
2020-01-23 06:00:00,960.4,20.5,83.0,0.0,0.0,,,0.0,,,,,,,,
2020-01-23 07:00:00,960.7,19.5,89.0,0.0,0.0,,,0.0,,,,,,,,
2020-01-23 08:00:00,961.2,21.3,85.0,0.4,275.0,,,0.0,,,,,,,,
2020-01-23 09:00:00,962.0,22.5,78.0,1.1,297.0,,,0.0,,,,,,,,
2020-01-23 10:00:00,962.4,23.9,73.0,1.4,285.0,,,0.0,,,,,,,,
2020-01-23 11:00:00,962.0,24.5,73.0,0.9,309.0,,,0.0,,,,,,,,
2020-01-23 12:00:00,961.5,24.5,71.0,1.3,13.0,,,0.0,,,,,,,,
2020-01-23 13:00:00,960.6,24.5,71.0,1.2,354.0,,,0.0,,,,,,,,
2020-01-23 14:00:00,960.0,25.3,67.0,1.4,16.0,,,0.0,,,,,,,,
2020-01-23 15:00:00,959.5,25.5,64.0,1.4,327.0,,,0.0,,,,,,,,
2020-01-23 16:00:00,959.5,24.5,68.0,1.5,321.0,,,0.0,,,,,,,,
2020-01-23 17:00:00,959.7,22.3,77.0,1.3,34.0,,,0.0,,,,,,,,
2020-01-23 18:00:00,959.9,19.8,89.0,1.1,31.0,,,0.0,,,,,,,,
2020-01-23 19:00:00,960.4,19.4,89.0,2.3,68.0,,,0.0,,,,,,,,
2020-01-23 20:00:00,960.8,19.4,88.0,2.0,83.0,,,0.0,,,,,,,,
2020-01-23 21:00:00,960.7,20.1,84.0,2.5,66.0,,,0.0,,,,,,,,
2020-01-23 22:00:00,961.0,20.0,87.0,2.6,64.0,,,0.0,,,,,,,,
2020-01-23 23:00:00,961.5,19.7,88.0,0.3,302.0,,,0.0,,,,,,,,
2020-01-24 00:00:00,961.8,19.3,91.0,1.8,56.0,,,0.0,,,,,,,,
2020-01-24 01:00:00,961.7,19.3,92.0,2.0,57.0,,,0.0,,,,,,,,
2020-01-24 02:00:00,961.2,19.1,92.0,2.0,52.0,,,0.0,,,,,,,,
2020-01-24 03:00:00,960.9,18.9,93.0,2.4,62.0,,,0.0,,,,,,,,
2020-01-24 04:00:00,960.6,19.2,89.0,1.9,60.0,,,0.0,,,,,,,,
2020-01-24 05:00:00,960.7,17.6,99.0,2.8,52.0,,,0.0,,,,,,,,
2020-01-24 06:00:00,961.2,17.2,99.0,3.4,63.0,,,0.0,,,,,,,,
2020-01-24 07:00:00,961.6,17.1,99.0,2.5,85.0,,,0.0,,,,,,,,
2020-01-24 08:00:00,962.1,17.3,99.0,3.9,74.0,,,0.0,,,,,,,,
2020-01-24 09:00:00,962.4,17.8,99.0,3.3,62.0,,,0.0,,,,,,,,
2020-01-24 10:00:00,962.7,19.3,99.0,2.6,86.0,,,0.0,,,,,,,,
2020-01-24 11:00:00,962.4,19.5,99.0,1.9,23.0,,,0.0,,,,,,,,
2020-01-24 12:00:00,961.8,18.7,99.0,1.9,38.0,,,0.0,,,,,,,,
2020-01-24 13:00:00,961.3,19.0,99.0,2.5,55.0,,,0.0,,,,,,,,
2020-01-24 14:00:00,960.7,19.9,97.0,3.0,53.0,,,0.0,,,,,,,,
2020-01-24 15:00:00,960.1,18.9,99.0,2.6,51.0,,,0.0,,,,,,,,
2020-01-24 16:00:00,959.9,18.5,99.0,3.6,55.0,,,0.0,,,,,,,,
2020-01-24 17:00:00,960.5,18.0,99.0,4.2,61.0,,,0.0,,,,,,,,
2020-01-24 18:00:00,960.8,17.7,99.0,3.6,64.0,,,0.0,,,,,,,,
2020-01-24 19:00:00,961.0,17.6,99.0,3.3,61.0,,,0.0,,,,,,,,
2020-01-24 20:00:00,961.2,17.4,99.0,3.2,57.0,,,0.0,,,,,,,,
2020-01-24 21:00:00,961.6,17.2,99.0,2.8,50.0,,,0.0,,,,,,,,
2020-01-24 22:00:00,961.8,17.0,99.0,3.3,61.0,,,0.0,,,,,,,,
2020-01-24 23:00:00,961.6,17.0,99.0,2.5,55.0,,,0.0,,,,,,,,
2020-01-25 00:00:00,961.2,16.8,99.0,3.4,60.0,,,0.0,,,,,,,,
2020-01-25 01:00:00,960.6,16.9,99.0,2.7,61.0,,,0.0,,,,,,,,
2020-01-25 02:00:00,959.9,16.9,99.0,2.0,47.0,,,0.0,,,,,,,,
2020-01-25 03:00:00,959.4,16.7,99.0,2.9,58.0,,,0.0,,,,,,,,
2020-01-25 04:00:00,958.4,16.7,99.0,3.5,61.0,,,0.0,,,,,,,,
2020-01-25 05:00:00,958.6,16.7,99.0,3.3,58.0,,,0.0,,,,,,,,
2020-01-25 06:00:00,958.9,16.8,99.0,3.5,74.0,,,0.0,,,,,,,,
2020-01-25 07:00:00,959.8,16.7,99.0,3.1,58.0,,,0.0,,,,,,,,
2020-01-25 08:00:00,960.5,16.9,99.0,3.6,63.0,,,0.0,,,,,,,,
2020-01-25 09:00:00,961.2,17.1,99.0,1.7,41.0,,,0.5,,,,,,,,
2020-01-25 10:00:00,961.7,17.2,99.0,3.3,51.0,,,0.0,,,,,,,,
2020-01-25 11:00:00,960.9,16.9,99.0,4.7,58.0,,,0.0,,,,,,,,
2020-01-25 12:00:00,960.0,17.5,99.0,4.8,68.0,,,0.0,,,,,,,,
2020-01-25 13:00:00,958.9,17.6,99.0,4.3,62.0,,,0.0,,,,,,,,
2020-01-25 14:00:00,957.9,17.9,99.0,4.3,61.0,,,0.0,,,,,,,,
2020-01-25 15:00:00,957.8,17.2,99.0,4.9,60.0,,,0.0,,,,,,,,
2020-01-25 16:00:00,957.4,17.0,99.0,4.2,67.0,,,0.0,,,,,,,,
2020-01-25 17:00:00,956.9,16.8,99.0,4.3,64.0,,,0.0,,,,,,,,
2020-01-25 18:00:00,957.1,16.5,99.0,4.3,61.0,,,0.0,,,,,,,,
2020-01-25 19:00:00,957.2,16.1,99.0,4.9,74.0,,,0.0,,,,,,,,
2020-01-25 20:00:00,957.3,15.9,99.0,4.4,74.0,,,0.0,,,,,,,,
2020-01-25 21:00:00,957.7,15.8,99.0,3.3,58.0,,,0.0,,,,,,,,
2020-01-25 22:00:00,958.0,15.5,99.0,5.4,66.0,,,0.0,,,,,,,,
2020-01-25 23:00:00,957.7,15.6,99.0,4.6,58.0,,,0.5,,,,,,,,
2020-01-26 00:00:00,957.3,15.9,99.0,3.1,60.0,,,0.0,,,,,,,,
2020-01-26 01:00:00,955.9,16.1,99.0,4.8,58.0,,,0.5,,,,,,,,
2020-01-26 02:00:00,954.7,16.0,99.0,4.2,60.0,,,0.0,,,,,,,,
2020-01-26 03:00:00,953.7,15.9,99.0,4.3,61.0,,,1.0,,,,,,,,
2020-01-26 04:00:00,954.0,15.8,99.0,4.9,59.0,,,0.5,,,,,,,,
2020-01-26 05:00:00,953.9,15.8,99.0,4.3,60.0,,,2.5,,,,,,,,
2020-01-26 06:00:00,953.6,15.7,99.0,5.2,61.0,,,1.0,,,,,,,,
2020-01-26 07:00:00,954.5,15.7,99.0,2.0,16.0,,,1.5,,,,,,,,
2020-01-26 08:00:00,956.0,15.4,99.0,3.0,57.0,,,8.0,,,,,,,,
2020-01-26 09:00:00,956.0,15.4,99.0,2.1,23.0,,,6.0,,,,,,,,
2020-01-26 10:00:00,955.5,15.5,99.0,5.0,59.0,,,4.5,,,,,,,,
2020-01-26 11:00:00,954.8,15.5,99.0,4.6,55.0,,,4.0,,,,,,,,
2020-01-26 12:00:00,953.8,15.8,99.0,4.5,64.0,,,2.5,,,,,,,,
2020-01-26 13:00:00,952.8,16.2,99.0,3.8,58.0,,,0.0,,,,,,,,
2020-01-26 14:00:00,952.2,16.8,99.0,3.0,78.0,,,1.0,,,,,,,,
2020-01-26 15:00:00,952.3,16.9,99.0,1.8,44.0,,,0.0,,,,,,,,
2020-01-26 16:00:00,952.8,16.6,99.0,1.2,14.0,,,0.0,,,,,,,,
2020-01-26 17:00:00,953.9,15.9,99.0,0.5,19.0,,,0.5,,,,,,,,
2020-01-26 18:00:00,954.5,14.5,99.0,1.5,6.0,,,3.0,,,,,,,,
2020-01-26 19:00:00,954.3,13.2,99.0,3.4,41.0,,,1.0,,,,,,,,
2020-01-26 20:00:00,954.8,13.0,99.0,4.6,53.0,,,0.0,,,,,,,,
2020-01-26 21:00:00,953.8,13.1,99.0,3.9,82.0,,,0.0,,,,,,,,
2020-01-26 22:00:00,953.6,13.9,99.0,2.1,99.0,,,0.0,,,,,,,,
2020-01-26 23:00:00,954.7,15.2,99.0,0.0,0.0,,,0.0,,,,,,,,
2020-01-27 00:00:00,955.4,14.1,99.0,1.3,356.0,,,0.0,,,,,,,,
2020-01-27 01:00:00,955.6,14.2,99.0,2.1,37.0,,,0.0,,,,,,,,
2020-01-27 02:00:00,954.9,14.4,99.0,2.3,47.0,,,0.0,,,,,,,,
2020-01-27 03:00:00,954.4,13.5,99.0,3.9,56.0,,,0.5,,,,,,,,
2020-01-27 04:00:00,954.1,12.9,99.0,4.3,54.0,,,0.0,,,,,,,,
2020-01-27 05:00:00,953.8,12.7,99.0,4.6,58.0,,,0.0,,,,,,,,
2020-01-27 06:00:00,953.8,12.4,99.0,4.7,56.0,,,0.0,,,,,,,,
2020-01-27 07:00:00,954.9,12.2,99.0,4.2,55.0,,,0.0,,,,,,,,
2020-01-27 08:00:00,956.1,12.5,99.0,3.0,41.0,,,0.0,,,,,,,,
2020-01-27 09:00:00,957.1,12.5,99.0,4.1,56.0,,,0.0,,,,,,,,
2020-01-27 10:00:00,957.2,12.6,99.0,3.1,50.0,,,0.0,,,,,,,,
2020-01-27 11:00:00,957.5,12.8,99.0,2.8,51.0,,,0.0,,,,,,,,
2020-01-27 12:00:00,957.1,12.5,99.0,4.0,57.0,,,0.0,,,,,,,,
2020-01-27 13:00:00,956.0,12.3,99.0,4.0,52.0,,,0.0,,,,,,,,
2020-01-27 14:00:00,954.9,12.6,99.0,3.7,50.0,,,0.0,,,,,,,,
2020-01-27 15:00:00,955.2,11.4,99.0,3.8,50.0,,,0.0,,,,,,,,
2020-01-27 16:00:00,955.2,11.1,99.0,4.7,58.0,,,0.0,,,,,,,,
2020-01-27 17:00:00,955.4,10.9,99.0,5.2,61.0,,,0.0,,,,,,,,
2020-01-27 18:00:00,955.7,10.5,99.0,4.6,58.0,,,0.0,,,,,,,,
2020-01-27 19:00:00,955.9,10.5,99.0,4.7,61.0,,,0.0,,,,,,,,
2020-01-27 20:00:00,956.4,10.5,99.0,5.2,59.0,,,0.0,,,,,,,,
2020-01-27 21:00:00,956.6,10.7,99.0,5.6,62.0,,,0.0,,,,,,,,
2020-01-27 22:00:00,957.0,11.2,96.0,4.9,60.0,,,0.0,,,,,,,,
2020-01-27 23:00:00,957.6,10.5,99.0,4.5,63.0,,,0.0,,,,,,,,
2020-01-28 00:00:00,957.3,10.4,99.0,1.7,20.0,,,0.0,,,,,,,,
2020-01-28 01:00:00,956.7,10.4,99.0,4.5,58.0,,,0.0,,,,,,,,
2020-01-28 02:00:00,956.8,10.6,99.0,4.9,60.0,,,0.0,,,,,,,,
2020-01-28 03:00:00,955.7,10.7,99.0,4.4,67.0,,,0.0,,,,,,,,
2020-01-28 04:00:00,956.5,10.6,99.0,5.3,62.0,,,0.0,,,,,,,,
2020-01-28 05:00:00,956.7,10.7,99.0,4.7,58.0,,,0.0,,,,,,,,
2020-01-28 06:00:00,956.5,10.6,99.0,5.0,71.0,,,0.0,,,,,,,,
2020-01-28 07:00:00,956.3,10.4,99.0,5.6,63.0,,,0.0,,,,,,,,
2020-01-28 08:00:00,956.8,10.5,99.0,3.8,51.0,,,0.0,,,,,,,,
2020-01-28 09:00:00,957.8,10.4,99.0,5.7,60.0,,,0.0,,,,,,,,
2020-01-28 10:00:00,957.7,10.6,99.0,4.7,60.0,,,0.0,,,,,,,,
2020-01-28 11:00:00,957.7,10.9,99.0,4.6,56.0,,,0.0,,,,,,,,
2020-01-28 12:00:00,958.0,12.1,92.0,5.3,59.0,,,0.0,,,,,,,,
2020-01-28 13:00:00,957.3,11.9,92.0,5.0,61.0,,,0.0,,,,,,,,
2020-01-28 14:00:00,956.8,11.8,93.0,4.1,56.0,,,0.0,,,,,,,,
2020-01-28 15:00:00,956.5,11.0,99.0,5.9,61.0,,,0.0,,,,,,,,
2020-01-28 16:00:00,955.8,10.5,99.0,5.7,62.0,,,0.0,,,,,,,,
2020-01-28 17:00:00,957.3,10.2,99.0,3.4,46.0,,,0.0,,,,,,,,
2020-01-28 18:00:00,957.3,10.0,99.0,6.0,63.0,,,0.0,,,,,,,,
2020-01-28 19:00:00,958.2,10.0,99.0,2.9,49.0,,,0.0,,,,,,,,
2020-01-28 20:00:00,959.9,9.6,99.0,4.2,43.0,,,0.0,,,,,,,,
2020-01-28 21:00:00,959.9,9.5,99.0,7.0,62.0,,,0.0,,,,,,,,
2020-01-28 22:00:00,959.8,9.4,99.0,4.3,51.0,,,0.0,,,,,,,,
2020-01-28 23:00:00,959.3,8.7,99.0,5.7,63.0,,,0.0,,,,,,,,
2020-01-29 00:00:00,959.9,8.5,99.0,4.6,59.0,,,0.0,,,,,,,,
2020-01-29 01:00:00,959.7,8.4,99.0,5.1,60.0,,,0.0,,,,,,,,
2020-01-29 02:00:00,959.2,8.4,99.0,5.7,61.0,,,0.0,,,,,,,,
2020-01-29 03:00:00,958.8,8.6,99.0,6.3,62.0,,,0.0,,,,,,,,
2020-01-29 04:00:00,959.0,8.9,98.0,6.5,63.0,,,0.0,,,,,,,,
2020-01-29 05:00:00,958.6,8.7,99.0,5.4,62.0,,,0.0,,,,,,,,
2020-01-29 06:00:00,959.0,8.8,98.0,5.8,63.0,,,0.0,,,,,,,,
2020-01-29 07:00:00,959.4,9.0,95.0,5.0,61.0,,,0.0,,,,,,,,
2020-01-29 08:00:00,959.8,9.0,99.0,5.8,61.0,,,0.0,,,,,,,,
2020-01-29 09:00:00,960.1,9.3,97.0,6.2,61.0,,,0.0,,,,,,,,
2020-01-29 10:00:00,960.4,9.1,98.0,5.7,58.0,,,0.0,,,,,,,,
2020-01-29 11:00:00,960.1,9.2,94.0,5.2,59.0,,,0.0,,,,,,,,
2020-01-29 12:00:00,959.8,9.9,89.0,5.9,59.0,,,0.0,,,,,,,,
2020-01-29 13:00:00,958.9,11.4,81.0,4.9,58.0,,,0.0,,,,,,,,
2020-01-29 14:00:00,958.6,11.2,81.0,5.3,55.0,,,0.0,,,,,,,,
2020-01-29 15:00:00,958.3,11.2,78.0,5.3,55.0,,,0.0,,,,,,,,
2020-01-29 16:00:00,958.5,9.7,87.0,4.6,57.0,,,0.0,,,,,,,,
2020-01-29 17:00:00,958.6,9.0,89.0,5.2,63.0,,,0.0,,,,,,,,
2020-01-29 18:00:00,958.8,8.5,91.0,6.5,63.0,,,0.0,,,,,,,,
2020-01-29 19:00:00,959.0,8.3,92.0,6.2,62.0,,,0.0,,,,,,,,
2020-01-29 20:00:00,959.3,8.5,86.0,6.6,61.0,,,0.0,,,,,,,,
2020-01-29 21:00:00,959.6,8.3,88.0,4.9,61.0,,,0.0,,,,,,,,
2020-01-29 22:00:00,959.3,8.1,88.0,4.7,59.0,,,0.0,,,,,,,,
2020-01-29 23:00:00,959.2,7.7,90.0,5.0,59.0,,,0.0,,,,,,,,
2020-01-30 00:00:00,959.1,7.2,87.0,5.0,58.0,,,0.0,,,,,,,,
2020-01-30 01:00:00,959.1,7.3,80.0,5.4,60.0,,,0.0,,,,,,,,
2020-01-30 02:00:00,958.7,7.6,77.0,6.7,62.0,,,0.0,,,,,,,,
2020-01-30 03:00:00,958.6,7.3,80.0,6.4,60.0,,,0.0,,,,,,,,
2020-01-30 04:00:00,958.5,7.1,82.0,6.5,59.0,,,0.0,,,,,,,,
2020-01-30 05:00:00,958.6,7.0,81.0,6.1,57.0,,,0.0,,,,,,,,
2020-01-30 06:00:00,958.9,7.3,76.0,7.1,60.0,,,0.0,,,,,,,,
2020-01-30 07:00:00,959.5,7.2,75.0,6.4,60.0,,,0.0,,,,,,,,
2020-01-30 08:00:00,960.4,8.1,71.0,5.9,56.0,,,0.0,,,,,,,,
2020-01-30 09:00:00,961.3,9.2,65.0,5.9,55.0,,,0.0,,,,,,,,
2020-01-30 10:00:00,961.6,10.4,58.0,5.5,55.0,,,0.0,,,,,,,,
2020-01-30 11:00:00,961.2,11.4,58.0,5.6,53.0,,,0.0,,,,,,,,
2020-01-30 12:00:00,960.8,12.3,54.0,4.2,46.0,,,0.0,,,,,,,,
2020-01-30 13:00:00,959.9,12.6,52.0,3.7,43.0,,,0.0,,,,,,,,
2020-01-30 14:00:00,959.4,12.6,52.0,4.4,37.0,,,0.0,,,,,,,,
2020-01-30 15:00:00,959.2,12.7,53.0,2.3,38.0,,,0.0,,,,,,,,
2020-01-30 16:00:00,959.4,11.6,56.0,3.5,45.0,,,0.0,,,,,,,,
2020-01-30 17:00:00,959.9,10.0,61.0,3.5,43.0,,,0.0,,,,,,,,
2020-01-30 18:00:00,960.2,8.6,63.0,4.4,60.0,,,0.0,,,,,,,,
2020-01-30 19:00:00,960.7,7.5,68.0,4.1,54.0,,,0.0,,,,,,,,
2020-01-30 20:00:00,960.9,7.2,66.0,4.7,60.0,,,0.0,,,,,,,,
2020-01-30 21:00:00,961.2,8.2,44.0,4.9,57.0,,,0.0,,,,,,,,
2020-01-30 22:00:00,961.4,8.6,41.0,4.6,59.0,,,0.0,,,,,,,,
2020-01-30 23:00:00,961.3,8.8,40.0,4.5,54.0,,,0.0,,,,,,,,
2020-01-31 00:00:00,960.9,8.9,40.0,4.8,56.0,,,0.0,,,,,,,,
