觀測時間(hour),測站氣壓(hPa),測站最高氣壓(hPa),測站最高氣壓時間(LST),測站最低氣壓(hPa),測站最低氣壓時間(LST),氣溫(℃),最高氣溫(℃),最高氣溫時間(LST),最低氣溫(℃),最低氣溫時間(LST),相對溼度(%),最小相對溼度(%),最小相對溼度時間(LST),風速(m/s),風向(360degree),最大陣風(m/s),最大陣風風向(360degree),最大陣風風速時間(LST),降水量(mm),全天空日射量(MJ/㎡),TxSoil0cm,TxSoil5cm,TxSoil20cm,TxSoil50cm,TxSoil100cm,日照時數(hour),TxSoil10cm
2018-09-01,1009.5,1011.7,2018-09-01 00:03:00,1007.2,2018-09-01 16:00:00,28.0,33.6,2018-09-01 13:14:00,24.9,2018-09-01 05:37:00,84.0,61.0,2018-09-01 13:05:00,0.9,94.0,4.9,261.0,2018-09-01 14:06:00,0.0,,,,,,,,
2018-09-02,1006.8,1009.2,2018-09-02 00:12:00,1004.6,2018-09-02 15:11:00,27.8,33.0,2018-09-02 12:15:00,23.7,2018-09-02 05:47:00,84.0,59.0,2018-09-02 12:28:00,1.1,138.0,6.8,248.0,2018-09-02 14:03:00,0.0,,,,,,,,
2018-09-03,1005.3,1006.7,2018-09-03 09:04:00,1003.4,2018-09-03 16:22:00,27.8,32.7,2018-09-03 12:45:00,24.1,2018-09-03 05:37:00,83.0,58.0,2018-09-03 13:04:00,1.7,207.0,6.0,263.0,2018-09-03 13:31:00,0.0,,,,,,,,
2018-09-04,1004.1,1005.3,2018-09-04 09:20:00,1001.7,2018-09-04 15:05:00,28.5,33.5,2018-09-04 12:16:00,24.9,2018-09-04 05:09:00,83.0,61.0,2018-09-04 12:16:00,2.2,210.0,7.9,242.0,2018-09-04 13:31:00,0.0,,,,,,,,
2018-09-05,1004.6,1006.1,2018-09-05 21:44:00,1002.7,2018-09-05 14:43:00,28.6,33.3,2018-09-05 12:48:00,26.0,2018-09-05 05:23:00,86.0,63.0,2018-09-05 14:16:00,0.9,13.0,5.6,255.0,2018-09-05 13:09:00,0.0,,,,,,,,
2018-09-06,1004.9,1006.3,2018-09-06 23:32:00,1003.3,2018-09-06 15:49:00,28.3,33.3,2018-09-06 14:06:00,25.7,2018-09-06 20:45:00,85.0,60.0,2018-09-06 13:14:00,0.6,12.0,5.0,115.0,2018-09-06 16:56:00,0.0,,,,,,,,
2018-09-07,1005.6,1007.7,2018-09-07 21:57:00,1003.3,2018-09-07 15:00:00,28.3,32.8,2018-09-07 10:23:00,24.4,2018-09-07 23:09:00,83.0,60.0,2018-09-07 15:27:00,1.3,103.0,7.1,114.0,2018-09-07 20:21:00,4.0,,,,,,,,
2018-09-08,1006.9,1008.4,2018-09-08 22:03:00,1005.5,2018-09-08 16:15:00,27.4,32.0,2018-09-08 10:35:00,24.5,2018-09-08 00:11:00,86.0,68.0,2018-09-08 12:16:00,1.3,20.0,5.8,19.0,2018-09-08 14:42:00,0.0,,,,,,,,
2018-09-09,1007.8,1009.7,2018-09-09 22:13:00,1006.1,2018-09-09 16:16:00,26.3,29.9,2018-09-09 11:33:00,23.9,2018-09-10 00:00:00,81.0,69.0,2018-09-09 12:10:00,3.9,16.0,13.2,15.0,2018-09-09 12:21:00,0.0,,,,,,,,
2018-09-10,1007.1,1009.2,2018-09-10 00:03:00,1005.2,2018-09-10 15:25:00,26.6,31.1,2018-09-10 15:23:00,23.1,2018-09-10 05:35:00,78.0,65.0,2018-09-10 09:01:00,3.8,16.0,11.4,16.0,2018-09-10 16:28:00,0.0,,,,,,,,
2018-09-11,1007.0,1009.0,2018-09-11 21:49:00,1004.6,2018-09-11 02:48:00,27.6,32.1,2018-09-11 14:46:00,24.0,2018-09-11 03:56:00,86.0,70.0,2018-09-11 10:53:00,0.9,1.0,4.3,252.0,2018-09-11 12:06:00,0.0,,,,,,,,
2018-09-12,1008.2,1009.3,2018-09-12 21:53:00,1006.5,2018-09-12 16:34:00,28.0,31.9,2018-09-12 14:34:00,25.7,2018-09-12 02:13:00,87.0,70.0,2018-09-12 15:04:00,1.2,348.0,6.9,337.0,2018-09-12 13:01:00,0.0,,,,,,,,
2018-09-13,1007.8,1009.2,2018-09-13 10:27:00,1006.6,2018-09-13 17:52:00,28.3,32.5,2018-09-13 11:19:00,25.1,2018-09-13 04:59:00,87.0,67.0,2018-09-13 14:22:00,0.7,6.0,4.3,26.0,2018-09-13 17:13:00,0.0,,,,,,,,
2018-09-14,1005.4,1008.0,2018-09-14 08:33:00,1003.0,2018-09-14 23:43:00,28.4,32.6,2018-09-14 13:15:00,25.4,2018-09-14 23:57:00,85.0,63.0,2018-09-14 10:53:00,1.0,326.0,5.8,3.0,2018-09-14 13:25:00,0.0,,,,,,,,
2018-09-15,999.5,1003.1,2018-09-15 00:01:00,997.1,2018-09-15 16:25:00,26.4,29.1,2018-09-15 13:33:00,24.6,2018-09-15 01:23:00,90.0,80.0,2018-09-15 13:35:00,0.7,5.0,3.5,4.0,2018-09-15 05:59:00,0.0,,,,,,,,
2018-09-16,1005.3,1010.4,2018-09-16 23:44:00,999.3,2018-09-16 00:05:00,27.9,32.5,2018-09-16 10:59:00,24.6,2018-09-16 05:25:00,86.0,68.0,2018-09-16 11:16:00,0.8,9.0,5.4,50.0,2018-09-16 11:42:00,0.0,,,,,,,,
2018-09-17,1011.5,1014.7,2018-09-17 23:47:00,1009.6,2018-09-17 03:59:00,28.4,34.0,2018-09-17 11:58:00,25.1,2018-09-17 05:52:00,84.0,60.0,2018-09-17 12:54:00,0.6,347.0,4.4,306.0,2018-09-17 14:41:00,0.0,,,,,,,,
2018-09-18,1012.6,1014.6,2018-09-18 00:11:00,1010.5,2018-09-18 17:07:00,28.1,32.3,2018-09-18 12:41:00,25.4,2018-09-18 23:36:00,87.0,68.0,2018-09-18 12:22:00,1.2,351.0,6.8,18.0,2018-09-18 11:16:00,0.0,,,,,,,,
2018-09-19,1010.7,1012.2,2018-09-19 00:16:00,1009.1,2018-09-19 15:58:00,27.8,33.1,2018-09-19 11:39:00,24.6,2018-09-19 04:47:00,87.0,62.0,2018-09-19 11:39:00,1.0,112.0,5.5,272.0,2018-09-19 13:23:00,0.0,,,,,,,,
2018-09-20,1009.6,1010.8,2018-09-20 09:05:00,1008.1,2018-09-20 16:00:00,28.0,32.5,2018-09-20 11:56:00,24.8,2018-09-20 23:08:00,84.0,59.0,2018-09-20 13:11:00,0.9,199.0,5.6,249.0,2018-09-20 11:18:00,0.0,,,,,,,,
2018-09-21,1010.8,1013.0,2018-09-21 22:12:00,1008.9,2018-09-21 15:26:00,28.0,33.7,2018-09-21 12:52:00,24.1,2018-09-21 04:59:00,80.0,51.0,2018-09-21 11:56:00,0.7,114.0,5.5,279.0,2018-09-21 14:44:00,0.0,,,,,,,,
2018-09-22,1012.6,1013.8,2018-09-22 22:28:00,1011.2,2018-09-22 15:47:00,28.0,32.6,2018-09-22 10:08:00,23.7,2018-09-22 06:01:00,80.0,57.0,2018-09-22 10:20:00,1.0,358.0,6.2,12.0,2018-09-22 13:35:00,0.0,,,,,,,,
2018-09-23,1011.5,1013.5,2018-09-23 00:05:00,1009.2,2018-09-23 15:39:00,28.2,32.8,2018-09-23 10:24:00,25.3,2018-09-23 01:22:00,86.0,64.0,2018-09-23 10:26:00,1.2,343.0,5.8,22.0,2018-09-23 16:00:00,0.0,,,,,,,,
2018-09-24,1007.4,1010.6,2018-09-24 00:01:00,1005.3,2018-09-24 16:09:00,27.6,31.8,2018-09-24 10:55:00,24.9,2018-09-24 05:33:00,77.0,60.0,2018-09-24 10:28:00,3.7,14.0,11.8,351.0,2018-09-24 15:06:00,0.0,,,,,,,,
2018-09-25,1005.2,1006.6,2018-09-25 00:16:00,1003.1,2018-09-25 16:08:00,27.4,32.6,2018-09-25 13:01:00,23.9,2018-09-25 05:18:00,75.0,57.0,2018-09-25 11:08:00,2.9,19.0,12.2,27.0,2018-09-25 14:49:00,0.0,,,,,,,,
2018-09-26,1005.4,1006.8,2018-09-26 09:18:00,1003.7,2018-09-26 14:50:00,26.1,29.6,2018-09-26 11:13:00,23.6,2018-09-26 05:36:00,76.0,64.0,2018-09-26 10:29:00,5.2,17.0,14.6,19.0,2018-09-26 16:47:00,0.0,,,,,,,,
2018-09-27,1005.5,1007.0,2018-09-27 08:05:00,1003.8,2018-09-27 15:33:00,26.4,30.6,2018-09-27 13:05:00,23.7,2018-09-27 03:13:00,75.0,62.0,2018-09-27 14:56:00,5.4,15.0,13.9,16.0,2018-09-27 15:40:00,0.0,,,,,,,,
2018-09-28,1005.0,1006.5,2018-09-28 00:02:00,1003.1,2018-09-28 15:33:00,26.0,29.4,2018-09-28 13:26:00,24.2,2018-09-28 06:07:00,77.0,60.0,2018-09-28 23:52:00,5.9,16.0,15.2,29.0,2018-09-28 15:28:00,0.0,,,,,,,,
2018-09-29,1004.4,1006.6,2018-09-29 21:49:00,1002.5,2018-09-29 14:19:00,24.9,28.8,2018-09-29 12:58:00,19.8,2018-09-30 00:00:00,66.0,53.0,2018-09-29 18:40:00,4.4,18.0,15.1,15.0,2018-09-29 08:41:00,0.0,,,,,,,,
2018-09-30,1008.0,1010.6,2018-09-30 22:44:00,1005.7,2018-09-30 03:19:00,25.0,30.0,2018-09-30 13:24:00,19.7,2018-09-30 00:06:00,65.0,53.0,2018-09-30 13:24:00,2.9,17.0,10.1,29.0,2018-09-30 08:17:00,0.0,,,,,,,,
2018-10-01,1011.0,1012.6,2018-10-01 21:43:00,1009.5,2018-10-01 14:30:00,24.6,31.4,2018-10-01 11:39:00,19.4,2018-10-01 06:12:00,72.0,49.0,2018-10-01 14:00:00,1.3,15.0,8.7,23.0,2018-10-01 15:08:00,0.0,,,,,,,,
2018-10-02,1012.2,1014.1,2018-10-02 10:07:00,1010.7,2018-10-02 15:12:00,23.8,29.8,2018-10-02 11:18:00,19.1,2018-10-02 03:42:00,68.0,48.0,2018-10-02 11:47:00,2.9,19.0,11.4,10.0,2018-10-02 17:36:00,0.0,,,,,,,,
2018-10-03,1011.4,1013.5,2018-10-03 09:20:00,1009.3,2018-10-03 14:53:00,24.2,30.1,2018-10-03 11:23:00,19.6,2018-10-03 05:54:00,65.0,41.0,2018-10-03 11:15:00,3.8,13.0,13.3,15.0,2018-10-03 15:05:00,0.0,,,,,,,,
2018-10-04,1009.0,1011.6,2018-10-04 08:24:00,1007.3,2018-10-04 23:35:00,23.4,27.2,2018-10-04 10:54:00,21.5,2018-10-04 05:25:00,71.0,59.0,2018-10-04 10:11:00,5.4,15.0,14.9,18.0,2018-10-04 12:15:00,0.0,,,,,,,,
2018-10-05,1008.4,1010.9,2018-10-05 21:44:00,1006.6,2018-10-05 03:41:00,23.9,29.0,2018-10-05 13:54:00,19.3,2018-10-05 04:33:00,72.0,52.0,2018-10-05 14:51:00,1.7,16.0,9.3,21.0,2018-10-05 01:03:00,0.0,,,,,,,,
2018-10-06,1011.5,1012.9,2018-10-06 22:00:00,1010.2,2018-10-06 01:42:00,25.2,30.9,2018-10-06 12:20:00,20.0,2018-10-06 00:05:00,79.0,57.0,2018-10-06 11:25:00,1.0,3.0,6.2,360.0,2018-10-06 15:36:00,0.0,,,,,,,,
2018-10-07,1012.3,1014.2,2018-10-07 09:40:00,1010.5,2018-10-07 14:47:00,25.0,29.8,2018-10-07 12:40:00,22.0,2018-10-07 05:58:00,78.0,61.0,2018-10-07 12:55:00,2.2,12.0,8.1,4.0,2018-10-07 15:22:00,0.0,,,,,,,,
2018-10-08,1011.8,1013.5,2018-10-08 09:02:00,1009.9,2018-10-08 15:27:00,25.0,31.3,2018-10-08 11:11:00,20.4,2018-10-08 05:25:00,83.0,59.0,2018-10-08 11:03:00,1.6,9.0,7.9,13.0,2018-10-08 15:42:00,0.0,,,,,,,,
2018-10-09,1011.3,1012.5,2018-10-09 08:41:00,1009.1,2018-10-09 15:06:00,25.4,30.7,2018-10-09 12:14:00,21.1,2018-10-09 01:50:00,84.0,63.0,2018-10-09 12:13:00,1.1,3.0,6.1,16.0,2018-10-09 14:03:00,0.0,,,,,,,,
2018-10-10,1011.9,1013.7,2018-10-10 23:36:00,1009.7,2018-10-10 15:26:00,25.6,30.0,2018-10-10 12:06:00,22.7,2018-10-10 05:06:00,81.0,59.0,2018-10-10 12:57:00,1.8,355.0,7.9,13.0,2018-10-10 17:49:00,0.0,,,,,,,,
2018-10-11,1014.0,1015.7,2018-10-11 21:58:00,1012.4,2018-10-11 14:03:00,23.3,27.1,2018-10-11 12:00:00,20.6,2018-10-11 23:56:00,77.0,64.0,2018-10-11 12:02:00,4.3,15.0,11.6,13.0,2018-10-11 18:13:00,0.0,,,,,,,,
2018-10-12,1015.7,1017.2,2018-10-12 10:19:00,1014.4,2018-10-12 14:42:00,21.7,26.3,2018-10-12 12:44:00,19.7,2018-10-12 23:49:00,81.0,68.0,2018-10-12 12:46:00,2.6,17.0,8.1,4.0,2018-10-12 11:17:00,0.0,,,,,,,,
2018-10-13,1014.9,1016.7,2018-10-13 09:31:00,1013.2,2018-10-13 14:49:00,23.3,29.7,2018-10-13 12:43:00,19.1,2018-10-13 03:33:00,82.0,57.0,2018-10-13 12:45:00,1.3,14.0,6.0,13.0,2018-10-13 16:01:00,0.0,,,,,,,,
2018-10-14,1013.2,1014.9,2018-10-14 09:07:00,1012.0,2018-10-14 14:57:00,25.2,31.6,2018-10-14 11:33:00,20.1,2018-10-14 05:32:00,82.0,52.0,2018-10-14 11:26:00,1.0,358.0,4.4,325.0,2018-10-14 13:51:00,0.0,,,,,,,,
2018-10-15,1012.4,1013.9,2018-10-15 08:52:00,1010.6,2018-10-15 14:48:00,24.9,30.3,2018-10-15 11:45:00,22.3,2018-10-15 06:01:00,85.0,65.0,2018-10-15 11:46:00,1.8,4.0,7.9,55.0,2018-10-15 09:31:00,0.0,,,,,,,,
2018-10-16,1011.2,1012.8,2018-10-16 00:07:00,1009.2,2018-10-16 14:40:00,25.1,29.8,2018-10-16 12:21:00,22.5,2018-10-16 06:36:00,85.0,69.0,2018-10-16 12:21:00,1.4,2.0,7.6,2.0,2018-10-16 14:29:00,0.0,,,,,,,,
2018-10-17,1010.5,1012.1,2018-10-17 21:56:00,1008.9,2018-10-17 13:38:00,23.1,27.5,2018-10-17 12:16:00,21.1,2018-10-17 22:52:00,82.0,66.0,2018-10-17 12:16:00,3.0,16.0,10.0,20.0,2018-10-17 15:12:00,0.0,,,,,,,,
2018-10-18,1012.3,1013.9,2018-10-18 23:29:00,1013.6,2018-10-18 22:35:00,23.7,21.8,2018-10-18 22:03:00,21.1,2018-10-18 22:50:00,76.0,75.0,2018-10-18 22:25:00,2.3,4.0,3.0,24.0,2018-10-18 22:28:00,0.0,,,,,,,,
2018-10-19,1015.3,1017.3,2018-10-19 22:16:00,1013.2,2018-10-19 03:27:00,23.2,30.2,2018-10-19 11:26:00,19.4,2018-10-19 23:55:00,78.0,61.0,2018-10-19 11:13:00,1.7,11.0,8.1,25.0,2018-10-19 15:04:00,0.5,,,,,,,,
2018-10-20,1016.8,1019.2,2018-10-20 09:33:00,1014.8,2018-10-20 14:48:00,22.8,29.2,2018-10-20 11:46:00,18.7,2018-10-20 04:21:00,78.0,58.0,2018-10-20 11:46:00,1.7,14.0,6.5,43.0,2018-10-20 09:57:00,0.0,,,,,,,,
2018-10-21,1015.5,1017.6,2018-10-21 09:53:00,1013.7,2018-10-21 14:47:00,23.0,30.3,2018-10-21 13:26:00,18.1,2018-10-21 05:49:00,79.0,54.0,2018-10-21 13:24:00,1.1,8.0,6.7,17.0,2018-10-21 16:38:00,0.0,,,,,,,,
2018-10-22,1014.3,1016.1,2018-10-22 09:23:00,1011.9,2018-10-22 15:20:00,23.6,29.5,2018-10-22 12:08:00,18.9,2018-10-22 02:50:00,84.0,60.0,2018-10-22 10:05:00,0.7,359.0,5.6,5.0,2018-10-22 16:52:00,0.0,,,,,,,,
2018-10-23,1014.8,1016.3,2018-10-23 09:29:00,1013.4,2018-10-23 14:28:00,24.2,29.5,2018-10-23 12:12:00,20.6,2018-10-23 00:01:00,83.0,62.0,2018-10-23 12:00:00,2.0,7.0,7.6,2.0,2018-10-23 12:41:00,0.0,,,,,,,,
2018-10-24,1014.8,1016.4,2018-10-24 09:22:00,1013.3,2018-10-24 14:39:00,23.7,30.1,2018-10-24 11:04:00,19.8,2018-10-24 05:25:00,82.0,56.0,2018-10-24 11:10:00,1.7,8.0,6.6,14.0,2018-10-24 15:02:00,0.0,,,,,,,,
2018-10-25,1014.9,1016.9,2018-10-25 09:23:00,1013.6,2018-10-25 15:41:00,23.9,30.4,2018-10-25 12:56:00,19.3,2018-10-25 04:54:00,83.0,60.0,2018-10-25 12:41:00,0.8,353.0,5.0,322.0,2018-10-25 13:11:00,0.0,,,,,,,,
2018-10-26,1014.4,1016.3,2018-10-26 09:38:00,1012.3,2018-10-26 15:07:00,24.1,30.1,2018-10-26 12:57:00,19.4,2018-10-26 03:12:00,83.0,52.0,2018-10-26 14:58:00,1.0,24.0,6.4,8.0,2018-10-26 16:46:00,0.0,,,,,,,,
2018-10-27,1015.0,1016.5,2018-10-27 09:27:00,1013.7,2018-10-27 03:31:00,22.7,27.3,2018-10-27 11:44:00,17.4,2018-10-28 00:00:00,63.0,49.0,2018-10-27 13:42:00,4.3,14.0,14.1,19.0,2018-10-27 15:11:00,0.0,,,,,,,,
2018-10-28,1013.8,1016.3,2018-10-28 08:41:00,1011.7,2018-10-28 15:20:00,20.7,26.5,2018-10-28 12:15:00,15.9,2018-10-28 23:42:00,53.0,37.0,2018-10-28 10:10:00,3.6,17.0,10.7,9.0,2018-10-28 15:00:00,0.0,,,,,,,,
2018-10-29,1011.3,1012.9,2018-10-29 00:04:00,1009.1,2018-10-29 14:07:00,20.1,28.2,2018-10-29 12:25:00,12.0,2018-10-29 06:08:00,56.0,32.0,2018-10-29 09:36:00,2.5,11.0,10.5,30.0,2018-10-29 14:54:00,0.0,,,,,,,,
2018-10-30,1010.3,1011.6,2018-10-30 23:43:00,1008.6,2018-10-30 14:23:00,21.8,30.2,2018-10-30 13:47:00,13.2,2018-10-30 04:57:00,69.0,42.0,2018-10-30 11:30:00,1.6,15.0,7.9,357.0,2018-10-30 20:27:00,0.0,,,,,,,,
2018-10-31,1011.4,1012.8,2018-10-31 08:56:00,1009.9,2018-10-31 18:48:00,21.5,26.6,2018-10-31 12:19:00,19.1,2018-10-31 01:46:00,80.0,63.0,2018-10-31 12:20:00,2.7,17.0,10.9,15.0,2018-10-31 19:31:00,0.0,,,,,,,,
2018-11-01,1011.6,1012.7,2018-11-01 17:37:00,1010.2,2018-11-01 03:31:00,20.2,22.0,2018-11-01 13:53:00,18.8,2018-11-01 04:59:00,83.0,74.0,2018-11-01 13:23:00,4.1,19.0,12.5,12.0,2018-11-01 16:23:00,1.0,,,,,,,,
2018-11-02,1012.4,1014.6,2018-11-02 22:42:00,1008.9,2018-11-02 02:20:00,21.8,25.2,2018-11-02 12:53:00,20.0,2018-11-02 03:26:00,88.0,76.0,2018-11-02 12:56:00,1.9,11.0,9.1,17.0,2018-11-02 02:16:00,0.0,,,,,,,,
2018-11-03,1014.3,1015.7,2018-11-03 09:49:00,1012.8,2018-11-03 14:39:00,23.7,29.4,2018-11-03 11:05:00,18.9,2018-11-03 05:25:00,87.0,67.0,2018-11-03 11:12:00,1.8,2.0,7.7,14.0,2018-11-03 17:04:00,0.0,,,,,,,,
2018-11-04,1014.5,1016.4,2018-11-04 09:17:00,1012.5,2018-11-04 15:32:00,24.1,29.3,2018-11-04 11:04:00,21.4,2018-11-04 00:38:00,86.0,69.0,2018-11-04 11:08:00,1.6,12.0,6.8,5.0,2018-11-04 14:49:00,0.0,,,,,,,,
2018-11-05,1014.9,1016.6,2018-11-05 09:10:00,1013.2,2018-11-05 16:07:00,24.0,29.8,2018-11-05 11:18:00,20.1,2018-11-05 05:18:00,87.0,66.0,2018-11-05 11:01:00,1.4,13.0,6.0,357.0,2018-11-05 15:58:00,0.0,,,,,,,,
2018-11-06,1015.6,1017.3,2018-11-06 09:34:00,1014.2,2018-11-06 14:41:00,24.3,29.9,2018-11-06 14:37:00,20.1,2018-11-06 00:39:00,88.0,62.0,2018-11-06 11:46:00,0.7,349.0,4.1,307.0,2018-11-06 12:21:00,0.0,,,,,,,,
2018-11-07,1015.9,1018.1,2018-11-07 08:57:00,1014.4,2018-11-07 15:39:00,23.6,29.0,2018-11-07 13:01:00,20.2,2018-11-07 23:33:00,90.0,67.0,2018-11-07 13:01:00,0.8,357.0,4.9,13.0,2018-11-07 15:28:00,0.0,,,,,,,,
2018-11-08,1015.1,1016.8,2018-11-08 09:27:00,1013.6,2018-11-08 14:59:00,23.8,30.0,2018-11-08 12:18:00,19.0,2018-11-08 05:38:00,87.0,62.0,2018-11-08 14:30:00,0.7,351.0,3.8,30.0,2018-11-08 11:53:00,0.0,,,,,,,,
2018-11-09,1015.5,1017.1,2018-11-09 09:32:00,1014.1,2018-11-09 14:12:00,24.0,29.4,2018-11-09 11:59:00,20.6,2018-11-09 06:28:00,85.0,64.0,2018-11-09 11:17:00,1.8,7.0,7.1,26.0,2018-11-09 21:28:00,0.0,,,,,,,,
2018-11-10,1016.3,1018.1,2018-11-10 08:05:00,1014.3,2018-11-10 15:22:00,22.8,29.6,2018-11-10 12:35:00,19.0,2018-11-10 06:26:00,88.0,61.0,2018-11-10 12:39:00,0.6,43.0,4.7,342.0,2018-11-10 15:52:00,0.0,,,,,,,,
2018-11-11,1015.4,1017.6,2018-11-11 09:28:00,1013.3,2018-11-11 17:30:00,22.8,27.5,2018-11-11 13:27:00,18.7,2018-11-11 06:41:00,89.0,72.0,2018-11-11 13:28:00,0.9,358.0,6.4,8.0,2018-11-11 10:57:00,0.0,,,,,,,,
2018-11-12,1013.0,1015.6,2018-11-12 07:30:00,1011.0,2018-11-12 15:33:00,22.7,28.1,2018-11-12 11:33:00,19.2,2018-11-12 03:25:00,88.0,67.0,2018-11-12 11:23:00,1.2,7.0,7.5,18.0,2018-11-12 13:42:00,0.0,,,,,,,,
2018-11-13,1012.2,1013.6,2018-11-13 09:42:00,1009.9,2018-11-13 14:54:00,22.7,27.7,2018-11-13 12:59:00,19.4,2018-11-14 00:00:00,80.0,60.0,2018-11-13 10:27:00,2.8,22.0,9.7,19.0,2018-11-13 13:56:00,0.0,,,,,,,,
2018-11-14,1014.0,1015.9,2018-11-14 23:14:00,1011.6,2018-11-14 15:55:00,22.2,28.1,2018-11-14 12:36:00,18.4,2018-11-14 04:01:00,79.0,60.0,2018-11-14 10:30:00,2.2,3.0,7.7,24.0,2018-11-14 14:33:00,0.0,,,,,,,,
2018-11-15,1015.0,1016.9,2018-11-15 08:45:00,1013.1,2018-11-15 14:00:00,22.2,29.3,2018-11-15 12:33:00,16.9,2018-11-15 04:50:00,82.0,56.0,2018-11-15 12:36:00,1.1,32.0,5.3,23.0,2018-11-15 17:06:00,0.0,,,,,,,,
2018-11-16,1014.4,1016.0,2018-11-16 09:08:00,1012.6,2018-11-16 15:09:00,23.7,28.7,2018-11-16 11:30:00,20.4,2018-11-16 00:01:00,85.0,67.0,2018-11-16 10:50:00,1.2,12.0,5.7,29.0,2018-11-16 14:34:00,0.0,,,,,,,,
2018-11-17,1014.7,1016.5,2018-11-17 09:11:00,1013.3,2018-11-17 14:45:00,22.8,27.3,2018-11-17 12:31:00,20.9,2018-11-17 22:41:00,86.0,66.0,2018-11-17 13:01:00,2.1,17.0,8.4,21.0,2018-11-17 12:36:00,1.0,,,,,,,,
2018-11-18,1014.8,1016.6,2018-11-18 08:58:00,1012.6,2018-11-18 14:58:00,23.6,29.7,2018-11-18 14:12:00,20.2,2018-11-18 06:31:00,86.0,62.0,2018-11-18 14:13:00,1.2,2.0,6.2,9.0,2018-11-18 10:40:00,0.0,,,,,,,,
2018-11-19,1015.5,1017.2,2018-11-19 09:17:00,1013.7,2018-11-19 14:24:00,22.5,28.4,2018-11-19 12:34:00,18.9,2018-11-20 00:00:00,81.0,61.0,2018-11-19 10:43:00,3.1,18.0,11.4,17.0,2018-11-19 14:47:00,0.0,,,,,,,,
2018-11-20,1015.7,1017.4,2018-11-20 09:28:00,1013.6,2018-11-20 14:50:00,22.5,28.6,2018-11-20 13:42:00,17.6,2018-11-20 06:17:00,81.0,60.0,2018-11-20 13:33:00,0.9,17.0,5.1,4.0,2018-11-20 02:54:00,0.0,,,,,,,,
2018-11-21,1014.9,1016.6,2018-11-21 22:56:00,1012.8,2018-11-21 14:54:00,22.8,29.1,2018-11-21 11:06:00,19.2,2018-11-21 03:03:00,85.0,60.0,2018-11-21 10:36:00,1.0,13.0,6.1,25.0,2018-11-21 12:33:00,0.0,,,,,,,,
2018-11-22,1016.8,1018.6,2018-11-22 09:22:00,1014.7,2018-11-22 15:03:00,20.9,24.4,2018-11-22 12:35:00,18.4,2018-11-22 23:11:00,75.0,59.0,2018-11-22 13:55:00,4.2,16.0,13.5,13.0,2018-11-22 08:27:00,0.0,,,,,,,,
2018-11-23,1017.4,1019.5,2018-11-23 09:06:00,1015.6,2018-11-23 15:54:00,19.5,24.9,2018-11-23 12:24:00,15.4,2018-11-23 04:52:00,81.0,62.0,2018-11-23 12:08:00,1.8,13.0,9.1,355.0,2018-11-23 14:40:00,0.0,,,,,,,,
2018-11-24,1017.1,1018.5,2018-11-24 09:10:00,1015.2,2018-11-24 14:46:00,19.8,27.0,2018-11-24 13:10:00,13.7,2018-11-24 02:47:00,85.0,58.0,2018-11-24 13:12:00,0.9,38.0,6.2,30.0,2018-11-24 14:28:00,0.0,,,,,,,,
2018-11-25,1016.3,1018.5,2018-11-25 19:53:00,1014.1,2018-11-25 15:20:00,20.3,27.5,2018-11-25 11:00:00,16.1,2018-11-25 00:36:00,88.0,57.0,2018-11-25 11:04:00,0.7,6.0,8.0,358.0,2018-11-25 18:15:00,11.0,,,,,,,,
2018-11-26,1017.3,1019.0,2018-11-26 10:32:00,1015.9,2018-11-26 02:25:00,19.3,21.0,2018-11-26 11:44:00,18.0,2018-11-26 06:06:00,92.0,77.0,2018-11-26 12:20:00,1.5,15.0,5.2,17.0,2018-11-26 20:02:00,3.5,,,,,,,,
2018-11-27,1016.8,1018.4,2018-11-27 09:41:00,1015.4,2018-11-27 14:57:00,21.4,25.7,2018-11-27 12:22:00,19.1,2018-11-27 04:58:00,81.0,66.0,2018-11-27 12:23:00,2.3,23.0,6.9,355.0,2018-11-27 16:04:00,0.0,,,,,,,,
2018-11-28,1017.6,1019.5,2018-11-28 09:14:00,1015.4,2018-11-28 15:35:00,19.8,22.4,2018-11-28 12:29:00,17.9,2018-11-28 05:05:00,88.0,77.0,2018-11-28 13:23:00,1.8,15.0,6.7,9.0,2018-11-28 02:25:00,10.0,,,,,,,,
2018-11-29,1018.9,1020.9,2018-11-29 09:23:00,1017.6,2018-11-29 03:28:00,20.3,25.6,2018-11-29 12:29:00,15.5,2018-11-29 23:45:00,78.0,58.0,2018-11-29 12:29:00,1.9,10.0,8.0,32.0,2018-11-29 10:28:00,0.0,,,,,,,,
2018-11-30,1018.6,1020.5,2018-11-30 09:22:00,1016.6,2018-11-30 13:54:00,20.8,27.7,2018-11-30 13:18:00,14.5,2018-11-30 05:56:00,85.0,58.0,2018-11-30 15:29:00,0.7,244.0,4.4,266.0,2018-11-30 14:50:00,0.0,,,,,,,,
2018-12-01,1017.1,1019.1,2018-12-01 00:20:00,1014.9,2018-12-01 14:53:00,21.2,27.1,2018-12-01 14:01:00,16.7,2018-12-01 06:22:00,88.0,62.0,2018-12-01 14:05:00,1.0,33.0,6.0,13.0,2018-12-01 11:16:00,0.0,,,,,,,,
2018-12-02,1015.4,1016.8,2018-12-02 09:17:00,1013.4,2018-12-02 14:05:00,20.7,27.8,2018-12-02 13:44:00,14.5,2018-12-02 06:14:00,86.0,58.0,2018-12-02 11:11:00,0.8,20.0,4.1,262.0,2018-12-02 13:05:00,0.0,,,,,,,,
2018-12-03,1015.6,1017.8,2018-12-03 09:33:00,1013.7,2018-12-03 15:25:00,20.7,28.4,2018-12-03 13:38:00,14.5,2018-12-03 06:13:00,86.0,48.0,2018-12-03 12:55:00,1.0,1.0,5.4,23.0,2018-12-03 12:50:00,0.0,,,,,,,,
2018-12-04,1015.3,1017.6,2018-12-04 09:05:00,1013.5,2018-12-04 16:21:00,22.3,30.1,2018-12-04 12:59:00,14.7,2018-12-04 03:34:00,80.0,55.0,2018-12-04 10:23:00,1.1,9.0,5.1,10.0,2018-12-04 15:03:00,0.5,,,,,,,,
2018-12-05,1014.1,1016.2,2018-12-05 09:23:00,1012.0,2018-12-05 15:37:00,23.2,27.8,2018-12-05 13:05:00,20.6,2018-12-05 23:25:00,83.0,65.0,2018-12-05 13:06:00,2.5,18.0,8.5,30.0,2018-12-05 14:54:00,0.0,,,,,,,,
2018-12-06,1014.1,1015.4,2018-12-06 09:27:00,1012.1,2018-12-06 14:05:00,23.8,29.5,2018-12-06 11:14:00,20.4,2018-12-06 03:57:00,86.0,62.0,2018-12-06 11:07:00,1.5,344.0,6.9,31.0,2018-12-06 18:44:00,0.0,,,,,,,,
2018-12-07,1016.6,1019.1,2018-12-07 22:23:00,1014.7,2018-12-07 14:54:00,21.0,25.4,2018-12-07 11:48:00,18.7,2018-12-07 22:12:00,78.0,62.0,2018-12-07 11:49:00,4.2,15.0,12.3,23.0,2018-12-07 16:43:00,0.0,,,,,,,,
2018-12-08,1018.1,1019.5,2018-12-08 09:14:00,1016.2,2018-12-08 15:12:00,19.7,23.5,2018-12-08 13:42:00,17.5,2018-12-08 06:21:00,78.0,65.0,2018-12-08 11:41:00,4.5,17.0,12.8,21.0,2018-12-08 16:06:00,0.0,,,,,,,,
2018-12-09,1017.7,1019.9,2018-12-09 09:18:00,1015.1,2018-12-09 15:29:00,19.7,23.1,2018-12-09 13:16:00,17.6,2018-12-09 04:49:00,80.0,67.0,2018-12-09 12:50:00,4.1,18.0,11.9,32.0,2018-12-09 12:48:00,0.0,,,,,,,,
2018-12-10,1015.8,1017.9,2018-12-10 08:17:00,1013.3,2018-12-10 15:07:00,20.3,22.8,2018-12-10 12:50:00,18.5,2018-12-10 00:32:00,88.0,78.0,2018-12-10 12:53:00,3.2,17.0,11.7,24.0,2018-12-10 11:10:00,0.0,,,,,,,,
2018-12-11,1016.2,1018.0,2018-12-11 23:56:00,1014.3,2018-12-11 13:49:00,20.5,24.0,2018-12-11 12:44:00,17.3,2018-12-12 00:00:00,87.0,76.0,2018-12-11 12:46:00,3.2,16.0,11.0,19.0,2018-12-11 15:28:00,0.0,,,,,,,,
2018-12-12,1020.1,1021.9,2018-12-12 22:00:00,1017.8,2018-12-12 00:25:00,16.9,20.0,2018-12-12 11:45:00,15.4,2018-12-12 23:56:00,77.0,65.0,2018-12-12 11:23:00,4.3,16.0,12.6,12.0,2018-12-12 14:23:00,0.0,,,,,,,,
2018-12-13,1021.5,1022.9,2018-12-13 09:42:00,1020.1,2018-12-13 13:51:00,18.7,24.1,2018-12-13 11:55:00,15.3,2018-12-13 02:24:00,76.0,60.0,2018-12-13 11:41:00,3.1,17.0,9.9,16.0,2018-12-13 15:03:00,0.0,,,,,,,,
2018-12-14,1021.7,1023.4,2018-12-14 08:31:00,1019.8,2018-12-14 15:28:00,19.6,24.0,2018-12-14 13:38:00,17.2,2018-12-14 05:17:00,80.0,65.0,2018-12-14 13:26:00,2.6,14.0,9.2,9.0,2018-12-14 19:48:00,0.0,,,,,,,,
2018-12-15,1020.4,1022.3,2018-12-15 09:02:00,1018.2,2018-12-15 15:49:00,20.1,24.8,2018-12-15 11:19:00,15.9,2018-12-15 06:47:00,82.0,63.0,2018-12-15 10:58:00,1.9,7.0,8.9,353.0,2018-12-15 14:52:00,0.0,,,,,,,,
2018-12-16,1019.0,1021.1,2018-12-16 09:19:00,1016.5,2018-12-16 14:52:00,20.8,26.5,2018-12-16 11:32:00,17.6,2018-12-17 00:00:00,81.0,69.0,2018-12-16 11:33:00,2.2,19.0,8.6,17.0,2018-12-16 16:00:00,0.0,,,,,,,,
2018-12-17,1019.2,1021.5,2018-12-17 09:36:00,1017.7,2018-12-17 03:01:00,17.8,21.4,2018-12-17 13:04:00,15.0,2018-12-17 20:44:00,59.0,28.0,2018-12-18 00:00:00,4.0,17.0,11.4,31.0,2018-12-17 07:32:00,0.0,,,,,,,,
2018-12-18,1019.8,1021.7,2018-12-18 10:33:00,1017.5,2018-12-18 13:56:00,16.8,24.7,2018-12-18 13:08:00,11.2,2018-12-18 06:26:00,63.0,26.0,2018-12-18 00:17:00,1.3,14.0,6.0,357.0,2018-12-18 00:03:00,0.0,,,,,,,,
2018-12-19,1018.8,1020.9,2018-12-19 08:35:00,1016.9,2018-12-19 15:02:00,16.7,23.6,2018-12-19 14:11:00,11.3,2018-12-19 02:45:00,85.0,54.0,2018-12-19 14:21:00,1.1,12.0,6.4,250.0,2018-12-19 11:32:00,0.0,,,,,,,,
2018-12-20,1015.9,1018.7,2018-12-20 00:01:00,1012.7,2018-12-20 15:09:00,18.9,29.4,2018-12-20 14:02:00,10.7,2018-12-20 06:49:00,76.0,32.0,2018-12-20 14:17:00,0.8,35.0,4.2,273.0,2018-12-20 16:32:00,0.0,,,,,,,,
2018-12-21,1015.6,1017.5,2018-12-21 08:57:00,1013.8,2018-12-21 14:48:00,19.5,25.2,2018-12-21 10:42:00,13.7,2018-12-21 05:28:00,87.0,62.0,2018-12-21 10:22:00,1.4,14.0,8.0,17.0,2018-12-21 14:26:00,0.0,,,,,,,,
2018-12-22,1015.7,1017.3,2018-12-22 09:07:00,1013.9,2018-12-22 15:18:00,21.2,25.8,2018-12-22 12:12:00,18.9,2018-12-22 05:56:00,89.0,70.0,2018-12-22 11:39:00,1.9,1.0,6.4,25.0,2018-12-22 08:26:00,0.0,,,,,,,,
2018-12-23,1014.9,1016.4,2018-12-23 08:53:00,1012.8,2018-12-23 14:34:00,20.7,24.5,2018-12-23 12:12:00,18.3,2018-12-23 22:02:00,90.0,78.0,2018-12-23 14:00:00,3.3,19.0,12.2,346.0,2018-12-23 16:19:00,0.0,,,,,,,,
2018-12-24,1014.6,1017.3,2018-12-24 09:18:00,1012.7,2018-12-24 16:18:00,18.8,22.9,2018-12-24 12:42:00,16.8,2018-12-24 06:49:00,81.0,66.0,2018-12-24 12:34:00,4.1,18.0,13.0,26.0,2018-12-24 06:40:00,0.0,,,,,,,,
2018-12-25,1012.7,1014.2,2018-12-25 08:27:00,1011.0,2018-12-25 15:06:00,20.4,25.1,2018-12-25 11:04:00,17.5,2018-12-25 00:55:00,87.0,71.0,2018-12-25 10:57:00,2.8,18.0,9.6,20.0,2018-12-25 13:14:00,0.0,,,,,,,,
2018-12-26,1011.7,1013.4,2018-12-26 09:04:00,1009.9,2018-12-26 14:21:00,20.6,24.4,2018-12-26 10:45:00,19.2,2018-12-26 03:25:00,88.0,73.0,2018-12-26 10:18:00,3.5,17.0,9.9,18.0,2018-12-26 14:11:00,0.0,,,,,,,,
2018-12-27,1014.1,1016.6,2018-12-27 22:43:00,1011.7,2018-12-27 13:41:00,19.1,22.6,2018-12-27 10:54:00,15.8,2018-12-28 00:00:00,77.0,66.0,2018-12-27 10:54:00,5.5,17.0,14.3,33.0,2018-12-27 15:58:00,0.0,,,,,,,,
2018-12-28,1018.1,1020.7,2018-12-28 22:42:00,1016.0,2018-12-28 02:19:00,16.9,21.1,2018-12-28 12:30:00,14.6,2018-12-29 00:00:00,72.0,60.0,2018-12-28 12:13:00,5.2,18.0,13.3,19.0,2018-12-28 16:03:00,0.0,,,,,,,,
2018-12-29,1022.2,1024.2,2018-12-29 20:48:00,1020.2,2018-12-29 14:29:00,15.0,19.9,2018-12-29 13:10:00,12.0,2018-12-29 23:27:00,71.0,55.0,2018-12-29 12:50:00,4.7,21.0,13.5,12.0,2018-12-29 16:50:00,0.0,,,,,,,,
2018-12-30,1021.7,1023.7,2018-12-30 23:35:00,1019.1,2018-12-30 14:22:00,17.2,23.4,2018-12-30 15:29:00,12.3,2018-12-30 03:31:00,73.0,47.0,2018-12-30 15:29:00,2.4,5.0,7.9,22.0,2018-12-30 21:14:00,0.0,,,,,,,,
2018-12-31,1022.9,1024.5,2018-12-31 09:39:00,1020.7,2018-12-31 13:56:00,17.3,20.7,2018-12-31 13:52:00,15.9,2018-12-31 23:08:00,81.0,69.0,2018-12-31 13:55:00,4.5,17.0,13.4,30.0,2018-12-31 14:14:00,0.0,,,,,,,,
2019-01-01,1022.2,1024.4,2019-01-01 09:25:00,1019.8,2019-01-01 14:45:00,17.8,21.9,2019-01-01 12:11:00,15.4,2019-01-01 01:25:00,82.0,68.0,2019-01-01 12:36:00,3.3,17.0,12.4,19.0,2019-01-01 16:06:00,0.0,,,,,,,,
2019-01-02,1022.0,1023.7,2019-01-02 09:11:00,1019.8,2019-01-02 14:38:00,18.3,20.9,2019-01-02 13:31:00,16.3,2019-01-02 06:05:00,83.0,74.0,2019-01-02 13:32:00,2.8,15.0,8.2,15.0,2019-01-02 14:53:00,0.0,,,,,,,,
2019-01-03,1022.0,1024.5,2019-01-03 09:18:00,1020.4,2019-01-03 15:36:00,19.2,23.0,2019-01-03 14:30:00,17.1,2019-01-03 06:21:00,87.0,74.0,2019-01-03 14:31:00,2.9,19.0,8.8,25.0,2019-01-03 04:02:00,0.5,,,,,,,,
2019-01-04,1021.2,1023.1,2019-01-04 09:11:00,1019.4,2019-01-04 14:36:00,19.2,25.7,2019-01-04 11:57:00,15.4,2019-01-04 04:53:00,90.0,67.0,2019-01-04 11:58:00,0.9,11.0,5.6,169.0,2019-01-04 11:25:00,0.0,,,,,,,,
2019-01-05,1019.2,1020.8,2019-01-05 00:27:00,1017.3,2019-01-05 14:50:00,20.6,26.9,2019-01-05 13:58:00,17.5,2019-01-05 05:12:00,89.0,61.0,2019-01-05 13:58:00,1.5,18.0,6.4,19.0,2019-01-05 12:51:00,0.5,,,,,,,,
2019-01-06,1019.3,1021.1,2019-01-06 09:34:00,1017.5,2019-01-06 15:10:00,19.1,22.5,2019-01-06 15:04:00,17.1,2019-01-06 07:06:00,85.0,71.0,2019-01-06 15:06:00,3.5,17.0,11.0,16.0,2019-01-06 12:21:00,0.5,,,,,,,,
2019-01-07,1019.1,1020.7,2019-01-07 09:22:00,1017.6,2019-01-07 14:55:00,19.7,25.2,2019-01-07 12:56:00,16.6,2019-01-07 04:22:00,86.0,66.0,2019-01-07 12:56:00,2.1,17.0,7.8,12.0,2019-01-07 14:33:00,0.0,,,,,,,,
2019-01-08,1019.1,1021.0,2019-01-08 08:59:00,1016.3,2019-01-08 14:58:00,19.9,23.2,2019-01-08 14:40:00,18.2,2019-01-08 05:02:00,87.0,73.0,2019-01-08 14:50:00,3.5,15.0,11.3,18.0,2019-01-08 12:46:00,0.0,,,,,,,,
2019-01-09,1019.9,1022.0,2019-01-09 09:16:00,1017.9,2019-01-09 15:37:00,19.6,24.0,2019-01-09 13:31:00,17.3,2019-01-09 07:06:00,83.0,66.0,2019-01-09 14:18:00,3.0,16.0,8.8,3.0,2019-01-09 12:43:00,0.0,,,,,,,,
2019-01-10,1018.8,1020.7,2019-01-10 08:58:00,1017.0,2019-01-10 14:04:00,19.3,23.2,2019-01-10 13:37:00,18.3,2019-01-10 18:31:00,91.0,74.0,2019-01-10 13:37:00,2.1,19.0,6.2,22.0,2019-01-10 18:27:00,0.0,,,,,,,,
2019-01-11,1017.4,1019.2,2019-01-11 09:52:00,1015.5,2019-01-11 14:15:00,19.4,24.8,2019-01-11 12:39:00,16.3,2019-01-11 22:28:00,92.0,72.0,2019-01-11 12:44:00,1.0,27.0,5.6,4.0,2019-01-11 15:11:00,0.0,,,,,,,,
2019-01-12,1016.9,1018.2,2019-01-12 08:12:00,1015.6,2019-01-12 14:38:00,19.5,25.3,2019-01-12 13:46:00,16.5,2019-01-12 23:49:00,89.0,68.0,2019-01-12 13:48:00,1.6,358.0,6.4,8.0,2019-01-12 12:20:00,0.0,,,,,,,,
2019-01-13,1017.1,1018.9,2019-01-13 08:37:00,1015.2,2019-01-13 15:01:00,19.1,22.9,2019-01-13 11:03:00,16.6,2019-01-13 00:10:00,83.0,68.0,2019-01-13 12:53:00,3.5,17.0,9.9,22.0,2019-01-13 17:32:00,0.0,,,,,,,,
2019-01-14,1016.4,1018.2,2019-01-14 09:18:00,1014.3,2019-01-14 14:44:00,19.2,24.0,2019-01-14 11:47:00,17.1,2019-01-14 05:21:00,79.0,62.0,2019-01-14 11:48:00,2.8,18.0,10.1,28.0,2019-01-14 15:37:00,0.0,,,,,,,,
2019-01-15,1016.9,1018.3,2019-01-15 08:42:00,1015.2,2019-01-15 13:51:00,18.8,22.7,2019-01-15 14:16:00,17.1,2019-01-15 03:33:00,87.0,72.0,2019-01-15 13:00:00,3.0,16.0,10.4,28.0,2019-01-15 16:03:00,0.0,,,,,,,,
2019-01-16,1017.5,1019.2,2019-01-16 23:58:00,1015.7,2019-01-16 14:41:00,16.5,18.1,2019-01-16 00:01:00,15.6,2019-01-16 08:01:00,92.0,86.0,2019-01-16 14:19:00,3.9,18.0,10.2,23.0,2019-01-16 06:35:00,5.5,,,,,,,,
2019-01-17,1019.3,1021.0,2019-01-17 10:30:00,1017.1,2019-01-17 03:14:00,15.5,18.9,2019-01-17 14:20:00,13.9,2019-01-18 00:00:00,85.0,71.0,2019-01-17 14:39:00,4.8,19.0,13.0,5.0,2019-01-17 11:13:00,2.0,,,,,,,,
2019-01-18,1019.8,1021.7,2019-01-18 09:12:00,1017.6,2019-01-18 15:10:00,16.6,23.4,2019-01-18 14:26:00,12.3,2019-01-18 06:56:00,80.0,59.0,2019-01-18 14:27:00,1.4,354.0,7.5,23.0,2019-01-18 00:03:00,0.0,,,,,,,,
2019-01-19,1018.8,1020.5,2019-01-19 09:17:00,1017.1,2019-01-19 15:55:00,17.2,20.7,2019-01-19 14:31:00,13.7,2019-01-19 03:46:00,86.0,64.0,2019-01-19 15:02:00,1.4,2.0,6.6,4.0,2019-01-19 10:47:00,0.0,,,,,,,,
2019-01-20,1017.6,1019.2,2019-01-20 08:34:00,1016.1,2019-01-20 15:56:00,18.2,22.4,2019-01-20 13:10:00,16.3,2019-01-21 00:00:00,86.0,72.0,2019-01-20 12:39:00,2.5,18.0,11.5,16.0,2019-01-20 19:14:00,0.0,,,,,,,,
2019-01-21,1018.8,1020.4,2019-01-21 09:04:00,1017.3,2019-01-21 03:24:00,15.6,19.3,2019-01-21 14:07:00,14.1,2019-01-21 05:51:00,81.0,69.0,2019-01-21 10:15:00,4.7,17.0,15.2,22.0,2019-01-21 03:03:00,0.0,,,,,,,,
2019-01-22,1019.2,1020.9,2019-01-22 10:12:00,1018.0,2019-01-22 15:25:00,14.6,17.9,2019-01-22 13:27:00,12.0,2019-01-22 23:24:00,73.0,59.0,2019-01-22 15:33:00,4.2,15.0,12.3,23.0,2019-01-22 01:00:00,0.0,,,,,,,,
2019-01-23,1018.3,1020.0,2019-01-23 09:21:00,1016.9,2019-01-23 15:57:00,15.2,20.8,2019-01-23 12:44:00,10.8,2019-01-23 06:41:00,71.0,50.0,2019-01-23 10:40:00,2.5,10.0,8.4,17.0,2019-01-23 13:30:00,0.0,,,,,,,,
2019-01-24,1018.4,1019.9,2019-01-24 09:34:00,1016.7,2019-01-24 15:27:00,15.7,22.5,2019-01-24 12:01:00,10.3,2019-01-24 04:29:00,80.0,55.0,2019-01-24 11:56:00,1.8,5.0,8.5,15.0,2019-01-24 09:39:00,0.0,,,,,,,,
2019-01-25,1019.4,1020.8,2019-01-25 09:32:00,1017.8,2019-01-25 14:58:00,15.8,22.9,2019-01-25 12:10:00,10.2,2019-01-25 02:18:00,86.0,62.0,2019-01-25 12:13:00,1.8,12.0,8.2,355.0,2019-01-25 15:08:00,0.0,,,,,,,,
2019-01-26,1020.9,1022.3,2019-01-26 09:53:00,1019.3,2019-01-26 14:46:00,15.5,19.2,2019-01-26 11:11:00,13.4,2019-01-26 22:22:00,68.0,57.0,2019-01-26 10:58:00,4.8,16.0,13.7,8.0,2019-01-26 14:51:00,0.0,,,,,,,,
2019-01-27,1021.7,1024.3,2019-01-27 09:35:00,1020.0,2019-01-27 17:57:00,15.3,20.4,2019-01-27 14:39:00,11.5,2019-01-27 22:17:00,70.0,55.0,2019-01-27 10:48:00,3.1,19.0,9.8,30.0,2019-01-27 13:00:00,0.0,,,,,,,,
2019-01-28,1020.1,1022.2,2019-01-28 09:17:00,1018.4,2019-01-28 15:30:00,15.3,23.1,2019-01-28 12:50:00,10.1,2019-01-28 02:29:00,82.0,52.0,2019-01-28 11:23:00,1.4,5.0,5.8,45.0,2019-01-28 08:56:00,0.0,,,,,,,,
2019-01-29,1020.2,1021.8,2019-01-29 09:39:00,1018.4,2019-01-29 14:43:00,15.8,23.0,2019-01-29 11:13:00,9.9,2019-01-29 04:04:00,87.0,59.0,2019-01-29 10:49:00,1.5,1.0,7.2,342.0,2019-01-29 14:38:00,0.0,,,,,,,,
2019-01-30,1019.7,1022.6,2019-01-30 09:53:00,1017.6,2019-01-31 00:00:00,17.3,24.9,2019-01-30 13:21:00,11.8,2019-01-30 02:01:00,86.0,57.0,2019-01-30 14:56:00,0.8,359.0,5.5,347.0,2019-01-30 12:50:00,0.0,,,,,,,,
2019-01-31,1017.6,1019.9,2019-01-31 09:40:00,1015.6,2019-01-31 04:06:00,20.2,28.7,2019-01-31 12:17:00,12.6,2019-01-31 03:29:00,76.0,46.0,2019-01-31 11:47:00,1.3,12.0,7.9,19.0,2019-01-31 23:56:00,0.0,,,,,,,,
