日期,氣溫(℃),最高氣溫(℃),最低氣溫(℃),日照時數(hour),降水量(mm),降水時數(hour),相對溼度(%),最大陣風(m/s),氣溫(℃)_rollmean_3d,氣溫(℃)_rollmax_3d,氣溫(℃)_rollmin_3d,氣溫(℃)_rollmean_7d,氣溫(℃)_rollmax_7d,氣溫(℃)_rollmin_7d,氣溫(℃)_rollmean_30d,氣溫(℃)_rollmax_30d,氣溫(℃)_rollmin_30d,最高氣溫(℃)_rollmean_3d,最高氣溫(℃)_rollmax_3d,最高氣溫(℃)_rollmin_3d,最高氣溫(℃)_rollmean_7d,最高氣溫(℃)_rollmax_7d,最高氣溫(℃)_rollmin_7d,最高氣溫(℃)_rollmean_30d,最高氣溫(℃)_rollmax_30d,最高氣溫(℃)_rollmin_30d,最低氣溫(℃)_rollmean_3d,最低氣溫(℃)_rollmax_3d,最低氣溫(℃)_rollmin_3d,最低氣溫(℃)_rollmean_7d,最低氣溫(℃)_rollmax_7d,最低氣溫(℃)_rollmin_7d,最低氣溫(℃)_rollmean_30d,最低氣溫(℃)_rollmax_30d,最低氣溫(℃)_rollmin_30d,日照時數(hour)_rollmean_3d,日照時數(hour)_rollmax_3d,日照時數(hour)_rollmin_3d,日照時數(hour)_rollmean_7d,日照時數(hour)_rollmax_7d,日照時數(hour)_rollmin_7d,日照時數(hour)_rollmean_30d,日照時數(hour)_rollmax_30d,日照時數(hour)_rollmin_30d,相對溼度(%)_rollmean_3d,相對溼度(%)_rollmax_3d,相對溼度(%)_rollmin_3d,相對溼度(%)_rollmean_7d,相對溼度(%)_rollmax_7d,相對溼度(%)_rollmin_7d,相對溼度(%)_rollmean_30d,相對溼度(%)_rollmax_30d,相對溼度(%)_rollmin_30d,最大陣風(m/s)_rollmean_3d,最大陣風(m/s)_rollmax_3d,最大陣風(m/s)_rollmin_3d,最大陣風(m/s)_rollmean_7d,最大陣風(m/s)_rollmax_7d,最大陣風(m/s)_rollmin_7d,最大陣風(m/s)_rollmean_30d,最大陣風(m/s)_rollmax_30d,最大陣風(m/s)_rollmin_30d,降水量(mm)_rollsum_3d,降水量(mm)_rollsum_7d,降水量(mm)_rollsum_30d,降水時數(hour)_rollsum_3d,降水時數(hour)_rollsum_7d,降水時數(hour)_rollsum_30d,daily_temp_range,is_cold_wave,is_strong_cold,is_frost_risk,is_strong_wind,is_heavy_rain,consecutive_rainy_days,month,month_sin,month_cos,is_winter
108/09/01,27.200000000000003,33.75,23.55,,0.75,,83.5,6.3,,,,,,,,,,,,,,,,,,,,,,,,,,,,,,,,,,,,,,,,,,,,,,,,,,,,,,,,,,,,,10.2,0,0,0,0,0,1,9,-1.0,-1.8369701987210297e-16,0
108/09/02,27.55,33.45,22.85,,0.0,,79.0,4.6,,,,,,,,,,,,,,,,,,,,,,,,,,,,,,,,,,,,,,,,,,,,,,,,,,,,,,,,,,,,,10.600000000000001,0,0,0,0,0,0,9,-1.0,-1.8369701987210297e-16,0
108/09/03,27.7,32.65,24.200000000000003,,7.833333333333333,,82.5,5.55,27.483333333333334,27.7,27.200000000000003,,,,,,,33.28333333333333,33.75,32.65,,,,,,,23.533333333333335,24.200000000000003,22.85,,,,,,,,,,,,,,,,81.66666666666667,83.5,79.0,,,,,,,5.483333333333333,6.3,4.6,,,,,,,8.583333333333332,,,,,,8.449999999999996,0,0,0,0,0,1,9,-1.0,-1.8369701987210297e-16,0
108/09/04,25.65,30.6,23.85,,36.0,,88.5,3.95,26.96666666666667,27.7,25.65,,,,,,,32.233333333333334,33.45,30.6,,,,,,,23.633333333333336,24.200000000000003,22.85,,,,,,,,,,,,,,,,83.33333333333333,88.5,79.0,,,,,,,4.699999999999999,5.55,3.95,,,,,,,43.83333333333333,,,,,,6.75,0,0,0,0,0,2,9,-1.0,-1.8369701987210297e-16,0
108/09/05,25.05,31.1,22.75,,4.666666666666667,,89.5,4.8,26.133333333333336,27.7,25.05,,,,,,,31.45,32.65,30.6,,,,,,,23.599999999999998,24.200000000000003,22.75,,,,,,,,,,,,,,,,86.83333333333333,89.5,82.5,,,,,,,4.766666666666667,5.55,3.95,,,,,,,48.49999999999999,,,,,,8.350000000000001,0,0,0,0,0,3,9,-1.0,-1.8369701987210297e-16,0
108/09/06,27.200000000000003,32.9,22.4,,0.0,,80.0,4.1,25.96666666666667,27.200000000000003,25.05,,,,,,,31.53333333333333,32.9,30.6,,,,,,,23.0,23.85,22.4,,,,,,,,,,,,,,,,86.0,89.5,80.0,,,,,,,4.283333333333333,4.8,3.95,,,,,,,40.66666666666666,,,,,,10.5,0,0,0,0,0,0,9,-1.0,-1.8369701987210297e-16,0
108/09/07,27.8,32.45,23.6,,0.5,,81.5,4.65,26.683333333333337,27.8,25.05,26.87857142857143,27.8,25.05,,,,32.15,32.9,31.1,32.41428571428572,33.75,30.6,,,,22.916666666666668,23.6,22.4,23.314285714285717,24.200000000000003,22.4,,,,,,,,,,,,,83.66666666666667,89.5,80.0,83.5,89.5,79.0,,,,4.516666666666667,4.8,4.1,4.8500000000000005,6.3,3.95,,,,5.16666666666666,49.74999999999999,,,,,8.850000000000001,0,0,0,0,0,1,9,-1.0,-1.8369701987210297e-16,0
108/09/08,27.25,33.0,23.55,,0.5,,80.5,4.65,27.416666666666668,27.8,27.200000000000003,26.885714285714283,27.8,25.05,,,,32.78333333333333,33.0,32.45,32.30714285714286,33.45,30.6,,,,23.183333333333337,23.6,22.4,23.314285714285713,24.200000000000003,22.4,,,,,,,,,,,,,80.66666666666667,81.5,80.0,83.07142857142857,89.5,79.0,,,,4.466666666666667,4.65,4.1,4.614285714285714,5.55,3.95,,,,0.9999999999999929,49.49999999999999,,,,,9.45,0,0,0,0,0,2,9,-1.0,-1.8369701987210297e-16,0
108/09/09,26.75,32.4,21.9,,0.0,,77.0,4.9,27.26666666666667,27.8,26.75,26.771428571428572,27.8,25.05,,,,32.61666666666667,33.0,32.4,32.15714285714286,33.0,30.6,,,,23.016666666666666,23.6,21.9,23.178571428571427,24.200000000000003,21.9,,,,,,,,,,,,,79.66666666666667,81.5,77.0,82.78571428571429,89.5,77.0,,,,4.733333333333333,4.9,4.65,4.6571428571428575,5.55,3.95,,,,0.9999999999999929,49.49999999999999,,,,,10.5,0,0,0,0,0,0,9,-1.0,-1.8369701987210297e-16,0
108/09/10,27.35,33.0,23.75,,0.0,,79.0,4.85,27.116666666666664,27.35,26.75,26.721428571428568,27.8,25.05,,,,32.800000000000004,33.0,32.4,32.20714285714286,33.0,30.6,,,,23.066666666666666,23.75,21.9,23.114285714285717,23.85,21.9,,,,,,,,,,,,,78.83333333333333,80.5,77.0,82.28571428571429,89.5,77.0,,,,4.8,4.9,4.65,4.557142857142857,4.9,3.95,,,,0.4999999999999929,41.66666666666666,,,,,9.25,0,0,0,0,0,0,9,-1.0,-1.8369701987210297e-16,0
108/09/11,27.65,32.15,24.0,,0.0,,80.0,4.9,27.25,27.65,26.75,27.00714285714286,27.8,25.05,,,,32.516666666666666,33.0,32.15,32.42857142857143,33.0,31.1,,,,23.21666666666667,24.0,21.9,23.135714285714283,24.0,21.9,,,,,,,,,,,,,78.66666666666667,80.0,77.0,81.07142857142857,89.5,77.0,,,,4.883333333333334,4.9,4.85,4.692857142857143,4.9,4.1,,,,0.0,5.66666666666666,,,,,8.149999999999999,0,0,0,0,0,0,9,-1.0,-1.8369701987210297e-16,0
108/09/12,28.6,35.6,25.3,,0.0,,77.0,2.9,27.866666666666664,28.6,27.35,27.514285714285712,28.6,26.75,,,,33.583333333333336,35.6,32.15,33.07142857142857,35.6,32.15,,,,24.349999999999998,25.3,23.75,23.5,25.3,21.9,,,,,,,,,,,,,78.66666666666667,80.0,77.0,79.28571428571429,81.5,77.0,,,,4.216666666666667,4.9,2.9,4.421428571428572,4.9,2.9,,,,0.0,0.9999999999999929,,,,,10.3,0,0,0,0,0,0,9,-1.0,-1.8369701987210297e-16,0
108/09/13,28.05,33.0,24.25,,0.0,,78.5,5.05,28.099999999999998,28.6,27.65,27.63571428571429,28.6,26.75,,,,33.583333333333336,35.6,32.15,33.08571428571429,35.6,32.15,,,,24.516666666666666,25.3,24.0,23.764285714285716,25.3,21.9,,,,,,,,,,,,,78.5,80.0,77.0,79.07142857142857,81.5,77.0,,,,4.283333333333333,5.05,2.9,4.557142857142858,5.05,2.9,,,,0.0,0.9999999999999929,,,,,8.75,0,0,0,0,0,0,9,-1.0,-1.8369701987210297e-16,0
108/09/14,26.7,31.65,22.450000000000003,,0.0,,78.0,6.800000000000001,27.78333333333333,28.6,26.7,27.478571428571428,28.6,26.7,,,,33.416666666666664,35.6,31.65,32.971428571428575,35.6,31.65,,,,24.0,25.3,22.450000000000003,23.599999999999998,25.3,21.9,,,,,,,,,,,,,77.83333333333333,78.5,77.0,78.57142857142857,80.5,77.0,,,,4.916666666666667,6.800000000000001,2.9,4.864285714285714,6.800000000000001,2.9,,,,0.0,0.4999999999999929,,,,,9.199999999999996,0,0,0,0,0,0,9,-1.0,-1.8369701987210297e-16,0
108/09/15,25.55,30.55,22.05,,0.0,,80.0,7.5,26.766666666666666,28.05,25.55,27.235714285714288,28.6,25.55,,,,31.733333333333334,33.0,30.55,32.621428571428574,35.6,30.55,,,,22.916666666666668,24.25,22.05,23.38571428571429,25.3,21.9,,,,,,,,,,,,,78.83333333333333,80.0,78.0,78.5,80.0,77.0,,,,6.45,7.5,5.05,5.271428571428572,7.5,2.9,,,,0.0,0.0,,,,,8.5,0,0,0,0,0,0,9,-1.0,-1.8369701987210297e-16,0
108/09/16,25.4,31.700000000000003,21.9,,0.125,,78.5,7.550000000000001,25.883333333333336,26.7,25.4,27.042857142857144,28.6,25.4,,,,31.3,31.700000000000003,30.55,32.52142857142857,35.6,30.55,,,,22.133333333333336,22.450000000000003,21.9,23.385714285714283,25.3,21.9,,,,,,,,,,,,,78.83333333333333,80.0,78.0,78.71428571428571,80.0,77.0,,,,7.283333333333334,7.550000000000001,6.800000000000001,5.6499999999999995,7.550000000000001,2.9,,,,0.1249999999999929,0.1249999999999929,,,,,9.800000000000004,0,0,0,0,0,1,9,-1.0,-1.8369701987210297e-16,0
108/09/17,25.0,30.5,20.25,,0.0,,75.5,8.9,25.316666666666666,25.55,25.0,26.70714285714286,28.6,25.0,,,,30.916666666666668,31.700000000000003,30.5,32.16428571428572,35.6,30.5,,,,21.400000000000002,22.05,20.25,22.885714285714283,25.3,20.25,,,,,,,,,,,,,78.0,80.0,75.5,78.21428571428571,80.0,75.5,,,,7.983333333333334,8.9,7.5,6.228571428571429,8.9,2.9,,,,0.1249999999999929,0.1249999999999929,,,,,10.25,0,0,0,0,0,0,9,-1.0,-1.8369701987210297e-16,0
108/09/18,25.85,30.15,23.5,,0.0,,66.5,12.5,25.416666666666668,25.85,25.0,26.45,28.6,25.0,,,,30.783333333333335,31.700000000000003,30.15,31.878571428571426,35.6,30.15,,,,21.883333333333336,23.5,20.25,22.814285714285713,25.3,20.25,,,,,,,,,,,,,73.5,78.5,66.5,76.28571428571429,80.0,66.5,,,,9.65,12.5,7.550000000000001,7.314285714285715,12.5,2.9,,,,0.1249999999999929,0.1249999999999929,,,,,6.649999999999999,0,0,0,0,0,0,9,-1.0,-1.8369701987210297e-16,0
108/09/19,24.700000000000003,29.7,22.8,,0.0,,66.0,6.0,25.183333333333334,25.85,24.700000000000003,25.892857142857142,28.05,24.700000000000003,,,,30.116666666666664,30.5,29.7,31.035714285714285,33.0,29.7,,,,22.183333333333334,23.5,20.25,22.457142857142856,24.25,20.25,,,,,,,,,,,,,69.33333333333333,75.5,66.0,74.71428571428571,80.0,66.0,,,,9.133333333333333,12.5,6.0,7.757142857142857,12.5,5.05,,,,0.0,0.1249999999999929,,,,,6.899999999999999,0,0,0,0,0,0,9,-1.0,-1.8369701987210297e-16,0
108/09/20,21.6,23.450000000000003,19.1,,5.25,,87.0,11.3,24.05,25.85,21.6,24.97142857142857,26.7,21.6,,,,27.76666666666667,30.15,23.450000000000003,29.67142857142857,31.700000000000003,23.450000000000003,,,,21.8,23.5,19.1,21.721428571428568,23.5,19.1,,,,,,,,,,,,,73.16666666666667,87.0,66.0,75.92857142857143,87.0,66.0,,,,9.933333333333335,12.5,6.0,8.65,12.5,6.0,,,,5.249999999999993,5.374999999999993,,,,,4.350000000000001,0,0,0,0,0,1,9,-1.0,-1.8369701987210297e-16,0
108/09/21,21.700000000000003,26.3,19.5,,1.875,,83.5,6.7,22.66666666666667,24.700000000000003,21.6,24.25714285714286,25.85,21.6,,,,26.483333333333334,29.7,23.450000000000003,28.907142857142862,31.700000000000003,23.450000000000003,,,,20.46666666666667,22.8,19.1,21.3,23.5,19.1,,,,,,,,,,,,,78.83333333333333,87.0,66.0,76.71428571428571,87.0,66.0,,,,8.000000000000002,11.3,6.0,8.635714285714284,12.5,6.0,,,,7.124999999999993,7.249999999999993,,,,,6.800000000000001,0,0,0,0,0,2,9,-1.0,-1.8369701987210297e-16,0
108/09/22,23.0,27.85,19.3,,0.125,,78.0,3.95,22.100000000000005,23.0,21.6,23.892857142857142,25.85,21.6,,,,25.86666666666667,27.85,23.450000000000003,28.521428571428572,31.700000000000003,23.450000000000003,,,,19.3,19.5,19.1,20.907142857142855,23.5,19.1,,,,,,,,,,,,,82.83333333333333,87.0,78.0,76.42857142857143,87.0,66.0,,,,7.316666666666666,11.3,3.95,8.12857142857143,12.5,3.95,,,,7.249999999999993,7.374999999999993,,,,,8.55,0,0,0,0,0,3,9,-1.0,-1.8369701987210297e-16,0
108/09/23,23.450000000000003,28.55,19.55,,0.0,,73.5,6.95,22.71666666666667,23.450000000000003,21.700000000000003,23.614285714285717,25.85,21.6,,,,27.566666666666666,28.55,26.3,28.071428571428573,30.5,23.450000000000003,,,,19.45,19.55,19.3,20.571428571428573,23.5,19.1,,,,,,,,,,,,,78.33333333333333,83.5,73.5,75.71428571428571,87.0,66.0,,,,5.866666666666667,6.95,3.95,8.042857142857143,12.5,3.95,,,,1.999999999999993,7.249999999999993,,,,,9.0,0,0,0,0,0,0,9,-1.0,-1.8369701987210297e-16,0
108/09/24,23.2,28.65,18.7,,0.0,,75.0,6.95,23.21666666666667,23.450000000000003,23.0,23.357142857142858,25.85,21.6,,,,28.350000000000005,28.65,27.85,27.807142857142853,30.15,23.450000000000003,,,,19.183333333333334,19.55,18.7,20.349999999999998,23.5,18.7,,,,,,,,,,,,,75.5,78.0,73.5,75.64285714285714,87.0,66.0,,,,5.95,6.95,3.95,7.764285714285714,12.5,3.95,,,,0.1249999999999929,7.249999999999993,,,,,9.95,0,0,0,0,0,0,9,-1.0,-1.8369701987210297e-16,0
108/09/25,23.65,29.9,19.8,,0.0,,73.5,5.8,23.433333333333334,23.65,23.2,23.042857142857144,24.700000000000003,21.6,,,,29.03333333333333,29.9,28.55,27.771428571428572,29.9,23.450000000000003,,,,19.349999999999998,19.8,18.7,19.821428571428573,22.8,18.7,,,,,,,,,,,,,74.0,75.0,73.5,76.64285714285714,87.0,66.0,,,,6.566666666666666,6.95,5.8,6.807142857142858,11.3,3.95,,,,0.0,7.249999999999993,,,,,10.099999999999998,0,0,0,0,0,0,9,-1.0,-1.8369701987210297e-16,0
108/09/26,24.200000000000003,30.6,18.9,,0.0,,80.5,4.9,23.683333333333334,24.200000000000003,23.2,22.97142857142857,24.200000000000003,21.6,,,,29.71666666666667,30.6,28.65,27.900000000000002,30.6,23.450000000000003,,,,19.133333333333336,19.8,18.7,19.264285714285712,19.8,18.7,,,,,,,,,,,,,76.33333333333333,80.5,73.5,78.71428571428571,87.0,73.5,,,,5.883333333333334,6.95,4.9,6.65,11.3,3.95,,,,0.0,7.249999999999993,,,,,11.700000000000003,0,0,0,0,0,0,9,-1.0,-1.8369701987210297e-16,0
108/09/27,25.25,29.65,21.7,,0.0,,84.5,4.65,24.366666666666664,25.25,23.65,23.49285714285714,25.25,21.700000000000003,,,,30.05,30.6,29.65,28.785714285714285,30.6,26.3,,,,20.133333333333333,21.7,18.9,19.635714285714283,21.7,18.7,,,,,,,,,,,,,79.5,84.5,73.5,78.35714285714286,84.5,73.5,,,,5.116666666666667,5.8,4.65,5.7,6.95,3.95,,,,0.0,1.999999999999993,,,,,7.949999999999999,0,0,0,0,0,0,9,-1.0,-1.8369701987210297e-16,0
108/09/28,25.75,30.45,22.85,,2.375,,84.0,5.8,25.066666666666666,25.75,24.200000000000003,24.071428571428573,25.75,23.0,,,,30.233333333333334,30.6,29.65,29.37857142857143,30.6,27.85,,,,21.15,22.85,18.9,20.114285714285717,22.85,18.7,,,,,,,,,,,,,83.0,84.5,80.5,78.42857142857143,84.5,73.5,,,,5.116666666666666,5.8,4.65,5.571428571428571,6.95,3.95,,,,2.374999999999993,2.499999999999993,,,,,7.599999999999998,0,0,0,0,0,1,9,-1.0,-1.8369701987210297e-16,0
108/09/29,25.9,30.65,22.2,,0.0,,84.5,4.15,25.633333333333336,25.9,25.25,24.485714285714288,25.9,23.2,,,,30.25,30.65,29.65,29.77857142857143,30.65,28.55,,,,22.25,22.85,21.7,20.52857142857143,22.85,18.7,,,,,,,,,,,,,84.33333333333333,84.5,84.0,79.35714285714286,84.5,73.5,,,,4.866666666666666,5.8,4.15,5.6000000000000005,6.95,4.15,,,,2.374999999999993,2.374999999999993,,,,,8.45,0,0,0,0,0,0,9,-1.0,-1.8369701987210297e-16,0
108/09/30,24.35,27.3,22.200000000000003,,27.625,,86.0,12.85,25.333333333333332,25.9,24.35,24.61428571428571,25.9,23.2,25.635,28.6,21.6,29.46666666666667,30.65,27.3,29.599999999999998,30.65,27.3,30.788333333333334,35.6,23.450000000000003,22.416666666666668,22.85,22.2,20.907142857142855,22.85,18.7,22.09,25.3,18.7,,,,,,,,,,84.83333333333333,86.0,84.0,81.14285714285714,86.0,73.5,79.7,89.5,66.0,7.599999999999999,12.85,4.15,6.442857142857142,12.85,4.15,6.1483333333333325,12.85,2.9,29.999999999999993,29.999999999999993,87.625,,,,5.099999999999998,0,0,0,0,0,1,9,-1.0,-1.8369701987210297e-16,0
108/10/01,25.25,30.75,21.9,,46.25,,73.5,10.15,25.166666666666668,25.9,24.35,24.907142857142855,25.9,23.65,25.57,28.6,21.6,29.566666666666663,30.75,27.3,29.900000000000002,30.75,27.3,30.688333333333333,35.6,23.450000000000003,22.099999999999998,22.200000000000003,21.9,21.364285714285717,22.85,18.9,22.035000000000004,25.3,18.7,,,,,,,,,,81.33333333333333,86.0,73.5,80.92857142857143,86.0,73.5,79.36666666666666,89.5,66.0,9.05,12.85,4.15,6.9,12.85,4.15,6.276666666666666,12.85,2.9,73.875,76.25,133.125,,,,8.850000000000001,0,0,0,0,0,2,10,-0.8660254037844386,0.5000000000000001,0
108/10/02,27.1,34.2,23.0,,0.0,,73.0,7.0,25.566666666666666,27.1,24.35,25.400000000000002,27.1,24.200000000000003,25.555,28.6,21.6,30.75,34.2,27.3,30.514285714285716,34.2,27.3,30.71333333333333,35.6,23.450000000000003,22.366666666666664,23.0,21.9,21.821428571428573,23.0,18.9,22.040000000000003,25.3,18.7,,,,,,,,,,77.5,86.0,73.0,80.85714285714286,86.0,73.0,79.16666666666667,89.5,66.0,10.0,12.85,7.0,7.071428571428571,12.85,4.15,6.3566666666666665,12.85,2.9,73.875,76.25,133.125,,,,11.200000000000003,0,0,0,0,0,0,10,-0.8660254037844386,0.5000000000000001,0
108/10/03,26.35,32.75,22.5,,1.75,,79.0,4.25,26.233333333333334,27.1,25.25,25.70714285714286,27.1,24.35,25.509999999999998,28.6,21.6,32.56666666666666,34.2,30.75,30.821428571428573,34.2,27.3,30.716666666666665,35.6,23.450000000000003,22.466666666666665,23.0,21.9,22.33571428571429,23.0,21.7,21.983333333333334,25.3,18.7,,,,,,,,,,75.16666666666667,79.0,73.0,80.64285714285714,86.0,73.0,79.05,89.5,66.0,7.133333333333333,10.15,4.25,6.978571428571429,12.85,4.15,6.3133333333333335,12.85,2.9,47.99999999999999,78.0,127.04166666666667,,,,10.25,0,0,0,0,0,1,10,-0.8660254037844386,0.5000000000000001,0
108/10/04,25.700000000000003,31.25,22.1,,0.0,,83.0,5.05,26.383333333333336,27.1,25.700000000000003,25.771428571428572,27.1,24.35,25.511666666666667,28.6,21.6,32.73333333333333,34.2,31.25,31.050000000000004,34.2,27.3,30.738333333333333,35.6,23.450000000000003,22.533333333333335,23.0,22.1,22.392857142857142,23.0,21.9,21.925,25.3,18.7,,,,,,,,,,78.33333333333333,83.0,73.0,80.42857142857143,86.0,73.0,78.86666666666666,89.5,66.0,5.433333333333334,7.0,4.25,7.035714285714286,12.85,4.15,6.35,12.85,2.9,1.749999999999993,78.0,91.04166666666666,,,,9.149999999999999,0,0,0,0,0,0,10,-0.8660254037844386,0.5000000000000001,0
108/10/05,26.25,30.9,22.85,,0.0,,81.5,4.1,26.100000000000005,26.35,25.700000000000003,25.842857142857145,27.1,24.35,25.55166666666667,28.6,21.6,31.633333333333336,32.75,30.9,31.11428571428571,34.2,27.3,30.73166666666667,35.6,23.450000000000003,22.483333333333334,22.85,22.1,22.392857142857142,23.0,21.9,21.928333333333335,25.3,18.7,,,,,,,,,,81.16666666666667,83.0,79.0,80.07142857142857,86.0,73.0,78.6,87.0,66.0,4.466666666666666,5.05,4.1,6.792857142857144,12.85,4.1,6.326666666666667,12.85,2.9,1.749999999999993,75.625,86.375,,,,8.049999999999997,0,0,0,0,0,0,10,-0.8660254037844386,0.5000000000000001,0
108/10/06,26.9,33.5,22.95,,0.5,,77.5,3.4,26.28333333333333,26.9,25.700000000000003,25.985714285714288,27.1,24.35,25.541666666666668,28.6,21.6,31.883333333333336,33.5,30.9,31.521428571428572,34.2,27.3,30.751666666666665,35.6,23.450000000000003,22.633333333333336,22.95,22.1,22.5,23.0,21.9,21.946666666666665,25.3,18.7,,,,,,,,,,80.66666666666667,83.0,77.5,79.07142857142857,86.0,73.0,78.51666666666667,87.0,66.0,4.183333333333333,5.05,3.4,6.685714285714285,12.85,3.4,6.303333333333333,12.85,2.9,0.4999999999999929,76.125,86.875,,,,10.55,0,0,0,0,0,1,10,-0.8660254037844386,0.5000000000000001,0
108/10/07,26.15,30.65,22.9,,0.0,,81.5,3.45,26.433333333333334,26.9,26.15,26.242857142857144,27.1,25.25,25.486666666666668,28.6,21.6,31.683333333333334,33.5,30.65,32.0,34.2,30.65,30.691666666666666,35.6,23.450000000000003,22.899999999999995,22.95,22.85,22.599999999999998,23.0,21.9,21.923333333333332,25.3,18.7,,,,,,,,,,80.16666666666667,81.5,77.5,78.42857142857143,83.0,73.0,78.51666666666667,87.0,66.0,3.65,4.1,3.4,5.342857142857143,10.15,3.4,6.263333333333334,12.85,2.9,0.4999999999999929,48.49999999999999,86.375,,,,7.75,0,0,0,0,0,0,10,-0.8660254037844386,0.5000000000000001,0
108/10/08,25.15,30.65,21.4,,0.0,,77.0,5.25,26.066666666666663,26.9,25.15,26.22857142857143,27.1,25.15,25.416666666666668,28.6,21.6,31.600000000000005,33.5,30.65,31.985714285714288,34.2,30.65,30.613333333333333,35.6,23.450000000000003,22.416666666666668,22.95,21.4,22.52857142857143,23.0,21.4,21.851666666666667,25.3,18.7,,,,,,,,,,78.66666666666667,81.5,77.0,78.92857142857143,83.0,73.0,78.4,87.0,66.0,4.033333333333333,5.25,3.4,4.642857142857143,7.0,3.4,6.283333333333333,12.85,2.9,0.4999999999999929,2.249999999999993,85.875,,,,9.25,0,0,0,0,0,0,10,-0.8660254037844386,0.5000000000000001,0
108/10/09,25.25,30.950000000000003,21.95,,0.0,,75.5,5.2,25.516666666666666,26.15,25.15,25.964285714285715,26.9,25.15,25.366666666666667,28.6,21.6,30.75,30.950000000000003,30.65,31.52142857142857,33.5,30.65,30.565,35.6,23.450000000000003,22.083333333333332,22.9,21.4,22.378571428571426,22.95,21.4,21.853333333333335,25.3,18.7,,,,,,,,,,78.0,81.5,75.5,79.28571428571429,83.0,75.5,78.35,87.0,66.0,4.633333333333333,5.25,3.45,4.385714285714285,5.25,3.4,6.293333333333334,12.85,2.9,0.0,2.249999999999993,85.875,,,,9.000000000000004,0,0,0,0,0,0,10,-0.8660254037844386,0.5000000000000001,0
108/10/10,24.6,31.0,20.6,,0.0,,76.0,6.05,25.0,25.25,24.6,25.714285714285715,26.9,24.6,25.275,28.6,21.6,30.866666666666664,31.0,30.65,31.27142857142857,33.5,30.65,30.498333333333335,35.6,23.450000000000003,21.316666666666666,21.95,20.6,22.107142857142858,22.95,20.6,21.748333333333335,25.3,18.7,,,,,,,,,,76.16666666666667,77.0,75.5,78.85714285714286,83.0,75.5,78.25,87.0,66.0,5.5,6.05,5.2,4.642857142857143,6.05,3.4,6.333333333333333,12.85,2.9,0.0,0.4999999999999929,85.875,,,,10.399999999999999,0,0,0,0,0,0,10,-0.8660254037844386,0.5000000000000001,0
108/10/11,24.0,29.95,19.1,,0.0,,78.5,5.5,24.616666666666664,25.25,24.0,25.47142857142857,26.9,24.0,25.153333333333332,28.6,21.6,30.633333333333336,31.0,29.95,31.085714285714285,33.5,29.95,30.425,35.6,23.450000000000003,20.55,21.95,19.1,21.678571428571427,22.95,19.1,21.585,25.3,18.7,,,,,,,,,,76.66666666666667,78.5,75.5,78.21428571428571,81.5,75.5,78.2,87.0,66.0,5.583333333333333,6.05,5.2,4.707142857142857,6.05,3.4,6.3533333333333335,12.85,2.9,0.0,0.4999999999999929,85.875,,,,10.849999999999998,0,0,0,0,0,0,10,-0.8660254037844386,0.5000000000000001,0
108/10/12,24.95,31.0,20.85,,0.0,,78.5,5.5,24.516666666666666,24.95,24.0,25.285714285714285,26.9,24.0,25.03166666666667,28.05,21.6,30.650000000000002,31.0,29.95,31.1,33.5,29.95,30.27166666666667,34.2,23.450000000000003,20.183333333333334,20.85,19.1,21.392857142857142,22.95,19.1,21.436666666666667,24.25,18.7,,,,,,,,,,77.66666666666667,78.5,76.0,77.78571428571429,81.5,75.5,78.25,87.0,66.0,5.683333333333334,6.05,5.5,4.9071428571428575,6.05,3.4,6.4399999999999995,12.85,3.4,0.0,0.4999999999999929,85.875,,,,10.149999999999999,0,0,0,0,0,0,10,-0.8660254037844386,0.5000000000000001,0
108/10/13,24.6,29.8,20.9,,0.0,,74.5,8.1,24.516666666666666,24.95,24.0,24.957142857142856,26.15,24.0,24.91666666666667,27.1,21.6,30.25,31.0,29.8,30.571428571428573,31.0,29.8,30.165000000000003,34.2,23.450000000000003,20.283333333333335,20.9,19.1,21.099999999999998,22.9,19.1,21.325,23.5,18.7,,,,,,,,,,77.16666666666667,78.5,74.5,77.35714285714286,81.5,74.5,78.11666666666666,87.0,66.0,6.366666666666667,8.1,5.5,5.578571428571428,8.1,3.45,6.541666666666667,12.85,3.4,0.0,0.0,85.875,,,,8.900000000000002,0,0,0,0,0,0,10,-0.8660254037844386,0.5000000000000001,0
108/10/14,23.6,29.1,20.2,,0.0,,66.0,9.9,24.383333333333336,24.95,23.6,24.592857142857145,25.25,23.6,24.813333333333333,27.1,21.6,29.96666666666667,31.0,29.1,30.349999999999998,31.0,29.1,30.08,34.2,23.450000000000003,20.65,20.9,20.2,20.714285714285715,21.95,19.1,21.25,23.5,18.7,,,,,,,,,,73.0,78.5,66.0,75.14285714285714,78.5,66.0,77.71666666666667,87.0,66.0,7.833333333333333,9.9,5.5,6.5,9.9,5.2,6.645,12.85,3.4,0.0,0.0,85.875,,,,8.900000000000002,0,0,0,0,0,0,10,-0.8660254037844386,0.5000000000000001,0
108/10/15,22.75,26.95,19.3,,0.0,,62.5,10.75,23.650000000000002,24.6,22.75,24.25,25.25,22.75,24.720000000000002,27.1,21.6,28.616666666666664,29.8,26.95,29.821428571428573,31.0,26.95,29.959999999999997,34.2,23.450000000000003,20.13333333333333,20.9,19.3,20.414285714285715,21.95,19.1,21.158333333333335,23.5,18.7,,,,,,,,,,67.66666666666667,74.5,62.5,73.07142857142857,78.5,62.5,77.13333333333334,87.0,62.5,9.583333333333334,10.75,8.1,7.285714285714286,10.75,5.2,6.753333333333333,12.85,3.4,0.0,0.0,85.875,,,,7.649999999999999,0,0,0,0,0,0,10,-0.8660254037844386,0.5000000000000001,0
108/10/16,22.4,27.65,18.75,,0.0,,72.5,7.25,22.916666666666668,23.6,22.4,23.842857142857138,24.95,22.4,24.62,27.1,21.6,27.900000000000002,29.1,26.95,29.35,31.0,26.95,29.825,34.2,23.450000000000003,19.416666666666668,20.2,18.75,19.957142857142856,20.9,18.75,21.053333333333335,23.5,18.7,,,,,,,,,,67.0,72.5,62.5,72.64285714285714,78.5,62.5,76.93333333333334,87.0,62.5,9.299999999999999,10.75,7.25,7.578571428571429,10.75,5.5,6.743333333333333,12.85,3.4,0.0,0.0,85.75,,,,8.899999999999999,0,0,0,0,0,0,10,-0.8660254037844386,0.5000000000000001,0
108/10/17,22.25,27.5,18.45,,0.0,,70.5,8.8,22.466666666666665,22.75,22.25,23.507142857142856,24.95,22.25,24.528333333333332,27.1,21.6,27.366666666666664,27.65,26.95,28.85,31.0,26.95,29.725,34.2,23.450000000000003,18.833333333333332,19.3,18.45,19.650000000000002,20.9,18.45,20.993333333333332,23.5,18.45,,,,,,,,,,68.5,72.5,62.5,71.85714285714286,78.5,62.5,76.76666666666667,87.0,62.5,8.933333333333334,10.75,7.25,7.971428571428571,10.75,5.5,6.74,12.85,3.4,0.0,0.0,85.75,,,,9.05,0,0,0,0,0,0,10,-0.8660254037844386,0.5000000000000001,0
108/10/18,22.3,27.8,18.35,,0.0,,66.5,8.15,22.316666666666663,22.4,22.25,23.264285714285712,24.95,22.25,24.410000000000004,27.1,21.6,27.649999999999995,27.8,27.5,28.54285714285714,31.0,26.95,29.646666666666665,34.2,23.450000000000003,18.51666666666667,18.75,18.35,19.542857142857144,20.9,18.35,20.821666666666665,23.0,18.35,,,,,,,,,,69.83333333333333,72.5,66.5,70.14285714285714,78.5,62.5,76.76666666666667,87.0,62.5,8.066666666666668,8.8,7.25,8.35,10.75,5.5,6.595000000000001,12.85,3.4,0.0,0.0,85.75,,,,9.45,0,0,0,0,0,0,10,-0.8660254037844386,0.5000000000000001,0
108/10/19,21.3,24.8,18.15,,0.0,,80.0,7.45,21.950000000000003,22.3,21.3,22.742857142857144,24.6,21.3,24.296666666666667,27.1,21.3,26.700000000000003,27.8,24.8,27.657142857142855,29.8,24.8,29.483333333333334,34.2,23.450000000000003,18.316666666666666,18.45,18.15,19.157142857142855,20.9,18.15,20.666666666666668,23.0,18.15,,,,,,,,,,72.33333333333333,80.0,66.5,70.35714285714286,80.0,62.5,77.23333333333333,87.0,62.5,8.133333333333335,8.8,7.45,8.628571428571428,10.75,7.25,6.6433333333333335,12.85,3.4,0.0,0.0,85.75,,,,6.650000000000002,0,0,0,0,0,0,10,-0.8660254037844386,0.5000000000000001,0
108/10/20,21.75,27.0,18.85,,0.0,,71.0,8.0,21.783333333333335,22.3,21.3,22.33571428571429,23.6,21.3,24.301666666666666,27.1,21.3,26.533333333333335,27.8,24.8,27.25714285714286,29.1,24.8,29.601666666666667,34.2,24.8,18.45,18.85,18.15,18.864285714285717,20.2,18.15,20.658333333333335,23.0,18.15,,,,,,,,,,72.5,80.0,66.5,69.85714285714286,80.0,62.5,76.7,86.0,62.5,7.866666666666667,8.15,7.45,8.614285714285714,10.75,7.25,6.533333333333333,12.85,3.4,0.0,0.0,80.5,,,,8.149999999999999,0,0,0,0,0,0,10,-0.8660254037844386,0.5000000000000001,0
108/10/21,21.7,27.2,17.55,,0.0,,73.0,6.75,21.583333333333332,21.75,21.3,22.064285714285713,22.75,21.3,24.301666666666666,27.1,21.3,26.333333333333332,27.2,24.8,26.985714285714284,27.8,24.8,29.631666666666668,34.2,24.8,18.183333333333334,18.85,17.55,18.485714285714288,19.3,17.55,20.593333333333337,23.0,17.55,,,,,,,,,,74.66666666666667,80.0,71.0,70.85714285714286,80.0,62.5,76.35,86.0,62.5,7.3999999999999995,8.0,6.75,8.164285714285715,10.75,6.75,6.535,12.85,3.4,0.0,0.0,78.625,,,,9.649999999999999,0,0,0,0,0,0,10,-0.8660254037844386,0.5000000000000001,0
108/10/22,21.9,28.95,16.950000000000003,,0.0,,74.0,5.25,21.78333333333333,21.9,21.7,21.942857142857143,22.4,21.3,24.264999999999997,27.1,21.3,27.71666666666667,28.95,27.0,27.271428571428572,28.95,24.8,29.668333333333337,34.2,24.8,17.783333333333335,18.85,16.950000000000003,18.15,18.85,16.950000000000003,20.514999999999997,23.0,16.950000000000003,,,,,,,,,,72.66666666666667,74.0,71.0,72.5,80.0,66.5,76.21666666666667,86.0,62.5,6.666666666666667,8.0,5.25,7.378571428571428,8.8,5.25,6.578333333333333,12.85,3.4,0.0,0.0,78.5,,,,11.999999999999996,0,0,0,0,0,0,10,-0.8660254037844386,0.5000000000000001,0
108/10/23,22.15,28.450000000000003,18.65,,0.0,,77.5,6.199999999999999,21.916666666666668,22.15,21.7,21.907142857142862,22.3,21.3,24.221666666666668,27.1,21.3,28.200000000000003,28.95,27.2,27.385714285714283,28.95,24.8,29.665,34.2,24.8,17.71666666666667,18.65,16.950000000000003,18.135714285714286,18.85,16.950000000000003,20.485,23.0,16.950000000000003,,,,,,,,,,74.83333333333333,77.5,73.0,73.21428571428571,80.0,66.5,76.35,86.0,62.5,6.066666666666666,6.75,5.25,7.228571428571428,8.8,5.25,6.553333333333334,12.85,3.4,0.0,0.0,78.5,,,,9.800000000000004,0,0,0,0,0,0,10,-0.8660254037844386,0.5000000000000001,0
108/10/24,21.9,27.950000000000003,18.1,,0.0,,76.5,6.9,21.98333333333333,22.15,21.9,21.857142857142858,22.3,21.3,24.178333333333335,27.1,21.3,28.450000000000003,28.95,27.950000000000003,27.45,28.95,24.8,29.641666666666666,34.2,24.8,17.900000000000002,18.65,16.950000000000003,18.085714285714285,18.85,16.950000000000003,20.464999999999996,23.0,16.950000000000003,,,,,,,,,,76.0,77.5,74.0,74.07142857142857,80.0,66.5,76.4,86.0,62.5,6.116666666666667,6.9,5.25,6.957142857142857,8.15,5.25,6.551666666666666,12.85,3.4,0.0,0.0,78.5,,,,9.850000000000001,0,0,0,0,0,0,10,-0.8660254037844386,0.5000000000000001,0
108/10/25,22.2,28.55,18.1,,0.0,,74.5,5.6,22.083333333333332,22.2,21.9,21.842857142857145,22.2,21.3,24.13,27.1,21.3,28.316666666666666,28.55,27.950000000000003,27.557142857142857,28.95,24.8,29.596666666666668,34.2,24.8,18.283333333333335,18.65,18.1,18.05,18.85,16.950000000000003,20.408333333333335,23.0,16.950000000000003,,,,,,,,,,76.16666666666667,77.5,74.5,75.21428571428571,80.0,71.0,76.43333333333334,86.0,62.5,6.233333333333333,6.9,5.6,6.592857142857142,8.0,5.25,6.545000000000001,12.85,3.4,0.0,0.0,78.5,,,,10.45,0,0,0,0,0,0,10,-0.8660254037844386,0.5000000000000001,0
108/10/26,22.25,28.9,17.75,,0.0,,75.0,5.449999999999999,22.116666666666664,22.25,21.9,21.978571428571428,22.25,21.7,24.064999999999998,27.1,21.3,28.46666666666667,28.9,27.950000000000003,28.142857142857142,28.95,27.0,29.540000000000003,34.2,24.8,17.983333333333334,18.1,17.75,17.992857142857144,18.85,16.950000000000003,20.37,23.0,16.950000000000003,,,,,,,,,,75.33333333333333,76.5,74.5,74.5,77.5,71.0,76.25,86.0,62.5,5.983333333333333,6.9,5.449999999999999,6.307142857142857,8.0,5.25,6.5633333333333335,12.85,3.4,0.0,0.0,78.5,,,,11.149999999999999,0,0,0,0,0,0,10,-0.8660254037844386,0.5000000000000001,0
108/10/27,22.4,29.0,18.35,,0.125,,80.0,5.05,22.28333333333333,22.4,22.2,22.071428571428566,22.4,21.7,23.969999999999995,27.1,21.3,28.816666666666663,29.0,28.55,28.428571428571427,29.0,27.2,29.51833333333333,34.2,24.8,18.066666666666666,18.35,17.75,17.92142857142857,18.65,16.950000000000003,20.258333333333333,23.0,16.950000000000003,,,,,,,,,,76.5,80.0,74.5,75.78571428571429,80.0,73.0,76.1,86.0,62.5,5.366666666666667,5.6,5.05,5.885714285714285,6.9,5.05,6.576666666666666,12.85,3.4,0.1249999999999929,0.1249999999999929,78.625,,,,10.649999999999999,0,0,0,0,0,1,10,-0.8660254037844386,0.5000000000000001,0
108/10/28,22.45,27.6,19.75,,0.0,,84.5,4.3,22.366666666666664,22.45,22.25,22.178571428571427,22.45,21.9,23.86,27.1,21.3,28.5,29.0,27.6,28.485714285714288,29.0,27.6,29.423333333333332,34.2,24.8,18.616666666666664,19.75,17.75,18.235714285714288,19.75,16.950000000000003,20.155000000000005,23.0,16.950000000000003,,,,,,,,,,79.83333333333333,84.5,75.0,77.42857142857143,84.5,74.0,76.11666666666666,86.0,62.5,4.933333333333334,5.449999999999999,4.3,5.535714285714286,6.9,4.3,6.526666666666667,12.85,3.4,0.1249999999999929,0.1249999999999929,76.25,,,,7.850000000000001,0,0,0,0,0,0,10,-0.8660254037844386,0.5000000000000001,0
108/10/29,20.200000000000003,21.0,19.55,,0.0,,89.5,6.8,21.683333333333334,22.45,20.200000000000003,21.935714285714283,22.45,20.200000000000003,23.67,27.1,20.200000000000003,25.866666666666664,29.0,21.0,27.349999999999998,29.0,21.0,29.101666666666667,34.2,21.0,19.216666666666665,19.75,18.35,18.607142857142858,19.75,17.75,20.066666666666666,23.0,16.950000000000003,,,,,,,,,,84.66666666666667,89.5,80.0,79.64285714285714,89.5,74.5,76.28333333333333,89.5,62.5,5.383333333333333,6.8,4.3,5.757142857142857,6.9,4.3,6.615,12.85,3.4,0.1249999999999929,0.1249999999999929,76.25,,,,1.4499999999999993,0,0,0,0,0,0,10,-0.8660254037844386,0.5000000000000001,0
108/10/30,22.450000000000003,28.05,19.8,,0.0,,79.5,6.3,21.700000000000003,22.450000000000003,20.200000000000003,21.978571428571428,22.450000000000003,20.200000000000003,23.606666666666666,27.1,20.200000000000003,25.55,28.05,21.0,27.292857142857144,29.0,21.0,29.12666666666667,34.2,21.0,19.7,19.8,19.55,18.771428571428572,19.8,17.75,19.986666666666668,23.0,16.950000000000003,,,,,,,,,,84.5,89.5,79.5,79.92857142857143,89.5,74.5,76.06666666666666,89.5,62.5,5.8,6.8,4.3,5.7714285714285705,6.9,4.3,6.3966666666666665,10.75,3.4,0.0,0.1249999999999929,48.625,,,,8.25,0,0,0,0,0,0,10,-0.8660254037844386,0.5000000000000001,0
108/10/31,22.35,26.4,18.9,,0.0,,87.0,3.6,21.666666666666668,22.450000000000003,20.200000000000003,22.042857142857144,22.450000000000003,20.200000000000003,23.509999999999998,27.1,20.200000000000003,25.150000000000002,28.05,21.0,27.071428571428573,29.0,21.0,28.98166666666667,34.2,21.0,19.416666666666668,19.8,18.9,18.88571428571429,19.8,17.75,19.886666666666667,23.0,16.950000000000003,,,,,,,,,,85.33333333333333,89.5,79.5,81.42857142857143,89.5,74.5,76.51666666666667,89.5,62.5,5.566666666666666,6.8,3.6,5.299999999999999,6.8,3.6,6.178333333333333,10.75,3.4,0.0,0.1249999999999929,2.375,,,,7.5,0,0,0,0,0,0,10,-0.8660254037844386,0.5000000000000001,0
108/11/01,23.25,28.65,19.85,,0.0,,81.0,4.4,22.683333333333337,23.25,22.35,22.192857142857143,23.25,20.200000000000003,23.381666666666668,26.9,20.200000000000003,27.7,28.65,26.4,27.085714285714285,29.0,21.0,28.796666666666667,33.5,21.0,19.516666666666666,19.85,18.9,19.135714285714283,19.85,17.75,19.78166666666667,22.95,16.950000000000003,,,,,,,,,,82.5,87.0,79.5,82.35714285714286,89.5,75.0,76.78333333333333,89.5,62.5,4.766666666666667,6.3,3.6,5.128571428571428,6.8,3.6,6.091666666666667,10.75,3.4,0.0,0.1249999999999929,2.375,,,,8.799999999999997,0,0,0,0,0,0,11,-0.5000000000000004,0.8660254037844384,1
108/11/02,22.9,29.65,18.8,,0.0,,80.0,4.5,22.833333333333332,23.25,22.35,22.285714285714285,23.25,20.200000000000003,23.266666666666666,26.9,20.200000000000003,28.233333333333334,29.65,26.4,27.192857142857143,29.65,21.0,28.69333333333333,33.5,21.0,19.183333333333334,19.85,18.8,19.285714285714285,19.85,18.35,19.658333333333335,22.95,16.950000000000003,,,,,,,,,,82.66666666666667,87.0,80.0,83.07142857142857,89.5,79.5,76.81666666666666,89.5,62.5,4.166666666666667,4.5,3.6,4.992857142857143,6.8,3.6,6.1,10.75,3.4,0.0,0.1249999999999929,0.625,,,,10.849999999999998,0,0,0,0,0,0,11,-0.5000000000000004,0.8660254037844384,1
108/11/03,21.95,24.0,19.85,,0.0,,85.0,7.699999999999999,22.7,23.25,21.95,22.22142857142857,23.25,20.200000000000003,23.141666666666666,26.9,20.200000000000003,27.433333333333334,29.65,24.0,26.478571428571428,29.65,21.0,28.451666666666664,33.5,21.0,19.500000000000004,19.85,18.8,19.5,19.85,18.8,19.583333333333332,22.95,16.950000000000003,,,,,,,,,,82.0,85.0,80.0,83.78571428571429,89.5,79.5,76.88333333333334,89.5,62.5,5.533333333333334,7.699999999999999,4.4,5.371428571428571,7.699999999999999,3.6,6.1883333333333335,10.75,3.4,0.0,0.0,0.625,,,,4.149999999999999,0,0,0,0,0,0,11,-0.5000000000000004,0.8660254037844384,1
108/11/04,21.45,24.25,20.2,,0.0,,72.5,12.45,22.099999999999998,22.9,21.45,22.07857142857143,23.25,20.200000000000003,22.981666666666666,26.9,20.200000000000003,25.96666666666667,29.65,24.0,26.0,29.65,21.0,28.23,33.5,21.0,19.61666666666667,20.2,18.8,19.564285714285717,20.2,18.8,19.494999999999997,22.95,16.950000000000003,,,,,,,,,,79.16666666666667,85.0,72.5,82.07142857142857,89.5,72.5,76.58333333333333,89.5,62.5,8.216666666666667,12.45,4.5,6.535714285714286,12.45,3.6,6.466666666666667,12.45,3.4,0.0,0.0,0.625,,,,4.050000000000001,0,0,0,0,0,0,11,-0.5000000000000004,0.8660254037844384,1
108/11/05,21.2,25.2,17.049999999999997,,0.0,,71.5,9.45,21.53333333333333,21.95,21.2,22.22142857142857,23.25,21.2,22.791666666666668,26.15,20.200000000000003,24.48333333333333,25.2,24.0,26.599999999999998,29.65,24.0,27.953333333333333,31.0,21.0,19.03333333333333,20.2,17.049999999999997,19.207142857142856,20.2,17.049999999999997,19.298333333333336,22.9,16.950000000000003,,,,,,,,,,76.33333333333333,85.0,71.5,79.5,87.0,71.5,76.38333333333334,89.5,62.5,9.866666666666667,12.45,7.699999999999999,6.914285714285713,12.45,3.6,6.668333333333333,12.45,3.45,0.0,0.0,0.125,,,,8.150000000000002,0,0,0,0,0,0,11,-0.5000000000000004,0.8660254037844384,1
108/11/06,21.55,28.35,17.25,,0.0,,73.5,5.1,21.399999999999995,21.55,21.2,22.092857142857138,23.25,21.2,22.638333333333332,25.25,20.200000000000003,25.933333333333334,28.35,24.25,26.642857142857142,29.65,24.0,27.87666666666667,31.0,21.0,18.166666666666668,20.2,17.049999999999997,18.842857142857145,20.2,17.049999999999997,19.110000000000003,21.95,16.950000000000003,,,,,,,,,,72.5,73.5,71.5,78.64285714285714,87.0,71.5,76.11666666666666,89.5,62.5,9.0,12.45,5.1,6.742857142857142,12.45,3.6,6.723333333333334,12.45,3.6,0.0,0.0,0.125,,,,11.100000000000001,0,0,0,0,0,0,11,-0.5000000000000004,0.8660254037844384,1
108/11/07,21.35,28.5,15.85,,0.0,,73.0,9.6,21.366666666666664,21.55,21.2,21.95,23.25,21.2,22.511666666666667,25.25,20.200000000000003,27.349999999999998,28.5,25.2,26.942857142857143,29.65,24.0,27.805000000000003,31.0,21.0,16.716666666666665,17.25,15.85,18.407142857142855,20.2,15.85,18.925000000000004,21.95,15.85,,,,,,,,,,72.66666666666667,73.5,71.5,76.64285714285714,85.0,71.5,75.98333333333333,89.5,62.5,8.049999999999999,9.6,5.1,7.6,12.45,4.4,6.868333333333334,12.45,3.6,0.0,0.0,0.125,,,,12.65,0,0,0,0,0,0,11,-0.5000000000000004,0.8660254037844384,1
108/11/08,20.7,25.9,17.35,,0.0,,68.0,9.05,21.2,21.55,20.7,21.585714285714285,22.9,20.7,22.360000000000003,24.95,20.200000000000003,27.583333333333332,28.5,25.9,26.550000000000004,29.65,24.0,27.636666666666667,31.0,21.0,16.816666666666666,17.35,15.85,18.05,20.2,15.85,18.771666666666665,20.9,15.85,,,,,,,,,,71.5,73.5,68.0,74.78571428571429,85.0,68.0,75.73333333333333,89.5,62.5,7.916666666666667,9.6,5.1,8.264285714285714,12.45,4.5,6.996666666666666,12.45,3.6,0.0,0.0,0.125,,,,8.549999999999997,0,0,0,0,0,0,11,-0.5000000000000004,0.8660254037844384,1
108/11/09,19.15,24.85,13.85,,0.0,,68.5,7.95,20.400000000000002,21.35,19.15,21.05,21.95,19.15,22.178333333333335,24.95,19.15,26.416666666666668,28.5,24.85,25.864285714285717,28.5,24.0,27.43166666666667,31.0,21.0,15.683333333333335,17.35,13.85,17.34285714285714,20.2,13.85,18.546666666666667,20.9,13.85,,,,,,,,,,69.83333333333333,73.0,68.0,73.14285714285714,85.0,68.0,75.48333333333333,89.5,62.5,8.866666666666667,9.6,7.95,8.757142857142856,12.45,5.1,7.0600000000000005,12.45,3.6,0.0,0.0,0.125,,,,11.000000000000002,0,0,0,0,0,0,11,-0.5000000000000004,0.8660254037844384,1
108/11/10,18.6,26.85,13.3,,0.0,,74.5,4.9,19.483333333333334,20.7,18.6,20.571428571428573,21.55,18.6,21.998333333333335,24.95,18.6,25.866666666666664,26.85,24.85,26.271428571428572,28.5,24.25,27.32833333333333,31.0,21.0,14.833333333333334,17.35,13.3,16.407142857142855,20.2,13.3,18.353333333333335,20.9,13.3,,,,,,,,,,70.33333333333333,74.5,68.0,71.64285714285714,74.5,68.0,75.35,89.5,62.5,7.300000000000001,9.05,4.9,8.357142857142856,12.45,4.9,7.040000000000001,12.45,3.6,0.0,0.0,0.125,,,,13.55,0,0,0,0,0,0,11,-0.5000000000000004,0.8660254037844384,1
108/11/11,19.2,26.95,14.55,,0.0,,74.0,5.1,18.98333333333333,19.2,18.6,20.25,21.55,18.6,21.806666666666665,24.6,18.6,26.21666666666667,26.95,24.85,26.657142857142855,28.5,24.85,27.19333333333333,29.8,21.0,13.9,14.55,13.3,15.6,17.35,13.3,18.14333333333333,20.9,13.3,,,,,,,,,,72.33333333333333,74.5,68.5,71.85714285714286,74.5,68.0,75.2,89.5,62.5,5.983333333333334,7.95,4.9,7.307142857142857,9.6,4.9,7.026666666666667,12.45,3.6,0.0,0.0,0.125,,,,12.399999999999999,0,0,0,0,0,0,11,-0.5000000000000004,0.8660254037844384,1
108/11/12,20.15,27.5,14.7,,0.0,,74.5,4.0,19.316666666666666,20.15,18.6,20.099999999999998,21.55,18.6,21.658333333333335,23.6,18.6,27.099999999999998,27.5,26.85,26.985714285714284,28.5,24.85,27.116666666666667,29.65,21.0,14.183333333333332,14.7,13.3,15.264285714285716,17.35,13.3,17.936666666666667,20.2,13.3,,,,,,,,,,74.33333333333333,74.5,74.0,72.28571428571429,74.5,68.0,75.2,89.5,62.5,4.666666666666668,5.1,4.0,6.528571428571429,9.6,4.0,6.89,12.45,3.6,0.0,0.0,0.125,,,,12.8,0,0,0,0,0,0,11,-0.5000000000000004,0.8660254037844384,1
108/11/13,21.15,27.9,15.7,,0.0,,73.5,5.7,20.166666666666664,21.15,19.2,20.042857142857144,21.35,18.6,21.576666666666668,23.25,18.6,27.45,27.9,26.95,26.92142857142857,28.5,24.85,27.076666666666664,29.65,21.0,14.983333333333334,15.7,14.55,15.042857142857143,17.35,13.3,17.78666666666667,20.2,13.3,,,,,,,,,,74.0,74.5,73.5,72.28571428571429,74.5,68.0,75.45,89.5,62.5,4.933333333333334,5.7,4.0,6.614285714285715,9.6,4.0,6.75,12.45,3.6,0.0,0.0,0.125,,,,12.2,0,0,0,0,0,0,11,-0.5000000000000004,0.8660254037844384,1
108/11/14,19.4,22.950000000000003,15.0,,0.0,,70.0,10.3,20.23333333333333,21.15,19.4,19.764285714285712,21.15,18.6,21.465,23.25,18.6,26.116666666666664,27.9,22.950000000000003,26.12857142857143,27.9,22.950000000000003,26.943333333333335,29.65,21.0,15.133333333333333,15.7,14.7,14.921428571428569,17.35,13.3,17.64333333333333,20.2,13.3,,,,,,,,,,72.66666666666667,74.5,70.0,71.85714285714286,74.5,68.0,75.7,89.5,66.5,6.666666666666668,10.3,4.0,6.714285714285714,10.3,4.0,6.735,12.45,3.6,0.0,0.0,0.125,,,,7.950000000000003,0,0,0,0,0,0,11,-0.5000000000000004,0.8660254037844384,1
108/11/15,19.0,27.0,13.95,,0.0,,76.5,5.15,19.849999999999998,21.15,19.0,19.521428571428572,21.15,18.6,21.351666666666667,23.25,18.6,25.95,27.9,22.950000000000003,26.285714285714285,27.9,22.950000000000003,26.921666666666667,29.65,21.0,14.883333333333333,15.7,13.95,14.435714285714285,15.7,13.3,17.483333333333334,20.2,13.3,,,,,,,,,,73.33333333333333,76.5,70.0,73.07142857142857,76.5,68.5,75.83333333333333,89.5,66.5,7.050000000000002,10.3,5.15,6.157142857142858,10.3,4.0,6.665000000000001,12.45,3.6,0.0,0.0,0.125,,,,13.05,0,0,0,0,0,0,11,-0.5000000000000004,0.8660254037844384,1
108/11/16,20.9,27.8,15.5,,0.0,,75.5,4.45,19.766666666666666,20.9,19.0,19.77142857142857,21.15,18.6,21.306666666666665,23.25,18.6,25.916666666666668,27.8,22.950000000000003,26.707142857142856,27.9,22.950000000000003,26.931666666666665,29.65,21.0,14.816666666666665,15.5,13.95,14.671428571428573,15.7,13.3,17.384999999999998,20.2,13.3,,,,,,,,,,74.0,76.5,70.0,74.07142857142857,76.5,70.0,76.0,89.5,66.5,6.633333333333334,10.3,4.45,5.6571428571428575,10.3,4.0,6.52,12.45,3.6,0.0,0.0,0.125,,,,12.3,0,0,0,0,0,0,11,-0.5000000000000004,0.8660254037844384,1
108/11/17,21.5,29.5,16.6,,0.125,,77.0,4.3,20.466666666666665,21.5,19.0,20.185714285714287,21.5,19.0,21.279999999999998,23.25,18.6,28.100000000000005,29.5,27.0,27.085714285714285,29.5,22.950000000000003,26.988333333333333,29.65,21.0,15.35,16.6,13.95,15.142857142857142,16.6,13.95,17.326666666666668,20.2,13.3,,,,,,,,,,76.33333333333333,77.0,75.5,74.42857142857143,77.0,70.0,76.35,89.5,68.0,4.633333333333334,5.15,4.3,5.571428571428571,10.3,4.0,6.391666666666667,12.45,3.6,0.1249999999999929,0.1249999999999929,0.25,,,,12.899999999999999,0,0,0,0,0,1,11,-0.5000000000000004,0.8660254037844384,1
108/11/18,20.0,26.35,15.35,,0.0,,79.0,9.7,20.8,21.5,20.0,20.3,21.5,19.0,21.236666666666668,23.25,18.6,27.883333333333336,29.5,26.35,27.0,29.5,22.950000000000003,27.040000000000003,29.65,21.0,15.816666666666668,16.6,15.35,15.257142857142856,16.6,13.95,17.233333333333334,20.2,13.3,,,,,,,,,,77.16666666666667,79.0,75.5,75.14285714285714,79.0,70.0,76.31666666666666,89.5,68.0,6.150000000000001,9.7,4.3,6.228571428571429,10.3,4.0,6.466666666666667,12.45,3.6,0.1249999999999929,0.1249999999999929,0.25,,,,11.000000000000002,0,0,0,0,0,0,11,-0.5000000000000004,0.8660254037844384,1
108/11/19,17.950000000000003,19.65,16.65,,0.0,,73.0,11.5,19.816666666666666,21.5,17.950000000000003,19.985714285714284,21.5,17.950000000000003,21.110000000000003,23.25,17.950000000000003,25.166666666666668,29.5,19.65,25.87857142857143,29.5,19.65,26.795,29.65,19.65,16.2,16.65,15.35,15.535714285714286,16.65,13.95,17.160000000000004,20.2,13.3,,,,,,,,,,76.33333333333333,79.0,73.0,74.92857142857143,79.0,70.0,76.38333333333334,89.5,68.0,8.5,11.5,4.3,7.3,11.5,4.3,6.583333333333333,12.45,3.6,0.1249999999999929,0.1249999999999929,0.25,,,,3.0,0,0,0,0,0,0,11,-0.5000000000000004,0.8660254037844384,1
108/11/20,18.75,24.05,15.45,,0.0,,73.0,7.5,18.900000000000002,20.0,17.950000000000003,19.642857142857142,21.5,17.950000000000003,21.011666666666667,23.25,17.950000000000003,23.349999999999998,26.35,19.65,25.32857142857143,29.5,19.65,26.69,29.65,19.65,15.816666666666668,16.65,15.35,15.5,16.65,13.95,17.09,20.2,13.3,,,,,,,,,,75.0,79.0,73.0,74.85714285714286,79.0,70.0,76.38333333333334,89.5,68.0,9.566666666666668,11.5,7.5,7.557142857142857,11.5,4.3,6.608333333333333,12.45,3.6,0.0,0.1249999999999929,0.25,,,,8.600000000000001,0,0,0,0,0,0,11,-0.5000000000000004,0.8660254037844384,1
108/11/21,19.15,25.95,14.4,,0.0,,84.5,8.25,18.616666666666667,19.15,17.950000000000003,19.607142857142858,21.5,17.950000000000003,20.92,23.25,17.950000000000003,23.21666666666667,25.95,19.65,25.757142857142856,29.5,19.65,26.589999999999996,29.65,19.65,15.5,16.65,14.4,15.414285714285715,16.65,13.95,17.005000000000003,20.2,13.3,,,,,,,,,,76.83333333333333,84.5,73.0,76.92857142857143,84.5,73.0,76.73333333333333,89.5,68.0,9.083333333333334,11.5,7.5,7.264285714285714,11.5,4.3,6.708333333333333,12.45,3.6,0.0,0.1249999999999929,0.25,,,,11.549999999999999,0,0,0,0,0,0,11,-0.5000000000000004,0.8660254037844384,1
108/11/22,21.25,24.55,18.85,,0.125,,89.0,7.65,19.716666666666665,21.25,18.75,19.928571428571427,21.5,17.950000000000003,20.89,23.25,17.950000000000003,24.849999999999998,25.95,24.05,25.407142857142855,29.5,19.65,26.46,29.65,19.65,16.233333333333334,18.85,14.4,16.114285714285717,18.85,14.4,17.011666666666667,20.2,13.3,,,,,,,,,,82.16666666666667,89.0,73.0,78.71428571428571,89.0,73.0,77.11666666666666,89.5,68.0,7.800000000000001,8.25,7.5,7.621428571428572,11.5,4.3,6.756666666666667,12.45,3.6,0.1249999999999929,0.2499999999999929,0.375,,,,5.699999999999999,0,0,0,0,0,1,11,-0.5000000000000004,0.8660254037844384,1
108/11/23,21.55,26.75,18.200000000000003,,0.0,,89.0,4.15,20.650000000000002,21.55,19.15,20.021428571428572,21.55,17.950000000000003,20.87833333333333,23.25,17.950000000000003,25.75,26.75,24.55,25.25714285714286,29.5,19.65,26.42,29.65,19.65,17.150000000000002,18.85,14.4,16.5,18.85,14.4,17.015,20.2,13.3,,,,,,,,,,87.5,89.0,84.5,80.64285714285714,89.0,73.0,77.53333333333333,89.5,68.0,6.6833333333333345,8.25,4.15,7.578571428571428,11.5,4.15,6.665000000000001,12.45,3.6,0.1249999999999929,0.2499999999999929,0.375,,,,8.549999999999997,0,0,0,0,0,0,11,-0.5000000000000004,0.8660254037844384,1
108/11/24,22.2,28.200000000000003,18.5,,0.0,,82.0,6.25,21.666666666666668,22.2,21.25,20.12142857142857,22.2,17.950000000000003,20.878333333333334,23.25,17.950000000000003,26.5,28.200000000000003,24.55,25.071428571428573,28.200000000000003,19.65,26.408333333333335,29.65,19.65,18.51666666666667,18.85,18.200000000000003,16.771428571428572,18.85,14.4,17.028333333333332,20.2,13.3,,,,,,,,,,86.66666666666667,89.0,82.0,81.35714285714286,89.0,73.0,77.78333333333333,89.5,68.0,6.016666666666668,7.65,4.15,7.857142857142857,11.5,4.15,6.686666666666667,12.45,3.6,0.1249999999999929,0.1249999999999929,0.375,,,,9.700000000000003,0,0,0,0,0,0,11,-0.5000000000000004,0.8660254037844384,1
108/11/25,20.75,26.55,17.65,,0.0,,78.0,7.85,21.5,22.2,20.75,20.228571428571428,22.2,17.950000000000003,20.828333333333333,23.25,17.950000000000003,27.166666666666668,28.200000000000003,26.55,25.099999999999998,28.200000000000003,19.65,26.33,29.65,19.65,18.116666666666667,18.5,17.65,17.1,18.85,14.4,17.025,20.2,13.3,,,,,,,,,,83.0,89.0,78.0,81.21428571428571,89.0,73.0,77.88333333333334,89.5,68.0,6.083333333333333,7.85,4.15,7.5928571428571425,11.5,4.15,6.766666666666667,12.45,3.6,0.0,0.1249999999999929,0.375,,,,8.900000000000002,0,0,0,0,0,0,11,-0.5000000000000004,0.8660254037844384,1
108/11/26,20.15,25.85,16.75,,0.0,,74.5,5.5,21.033333333333335,22.2,20.15,20.542857142857144,22.2,18.75,20.753333333333334,23.25,17.950000000000003,26.86666666666667,28.200000000000003,25.85,25.985714285714288,28.200000000000003,24.05,26.225000000000005,29.65,19.65,17.633333333333333,18.5,16.75,17.114285714285717,18.85,14.4,16.971666666666668,20.2,13.3,,,,,,,,,,78.16666666666667,82.0,74.5,81.42857142857143,89.0,73.0,77.7,89.5,68.0,6.533333333333334,7.85,5.5,6.735714285714286,8.25,4.15,6.781666666666667,12.45,3.6,0.0,0.1249999999999929,0.25,,,,9.100000000000001,0,0,0,0,0,0,11,-0.5000000000000004,0.8660254037844384,1
108/11/27,20.6,28.200000000000003,16.6,,0.0,,80.0,6.25,20.5,20.75,20.15,20.807142857142857,22.2,19.15,20.691666666666666,23.25,17.950000000000003,26.86666666666667,28.200000000000003,25.85,26.57857142857143,28.200000000000003,24.55,26.245,29.65,19.65,17.0,17.65,16.6,17.278571428571432,18.85,14.4,16.866666666666667,20.2,13.3,,,,,,,,,,77.5,80.0,74.5,82.42857142857143,89.0,74.5,77.55,89.5,68.0,6.533333333333334,7.85,5.5,6.557142857142857,8.25,4.15,6.846666666666667,12.45,3.6,0.0,0.1249999999999929,0.25,,,,11.600000000000001,0,0,0,0,0,0,11,-0.5000000000000004,0.8660254037844384,1
108/11/28,17.6,19.450000000000003,15.35,,0.0,,76.5,10.85,19.45,20.6,17.6,20.585714285714285,22.2,17.6,20.605,23.25,17.6,24.5,28.200000000000003,19.450000000000003,25.650000000000002,28.200000000000003,19.450000000000003,26.193333333333335,29.65,19.450000000000003,16.233333333333334,16.75,15.35,17.414285714285715,18.85,15.35,16.726666666666667,20.2,13.3,,,,,,,,,,77.0,80.0,74.5,81.28571428571429,89.0,74.5,77.11666666666666,89.0,68.0,7.533333333333334,10.85,5.5,6.928571428571429,10.85,4.15,6.9816666666666665,12.45,3.6,0.0,0.1249999999999929,0.25,,,,4.100000000000003,0,0,0,0,0,0,11,-0.5000000000000004,0.8660254037844384,1
108/11/29,17.85,22.85,14.0,,0.0,,67.0,6.5,18.683333333333334,20.6,17.6,20.099999999999998,22.2,17.6,20.451666666666668,23.25,17.6,23.5,28.200000000000003,19.450000000000003,25.407142857142862,28.200000000000003,19.450000000000003,26.02,29.65,19.450000000000003,15.316666666666668,16.6,14.0,16.72142857142857,18.5,14.0,16.533333333333335,20.2,13.3,,,,,,,,,,74.5,80.0,67.0,78.14285714285714,89.0,67.0,76.7,89.0,67.0,7.866666666666667,10.85,6.25,6.764285714285714,10.85,4.15,6.988333333333333,12.45,3.6,0.0,0.0,0.25,,,,8.850000000000001,0,0,0,0,0,0,11,-0.5000000000000004,0.8660254037844384,1
108/11/30,18.95,26.85,13.15,,0.0,,78.5,4.2,18.133333333333336,18.95,17.6,19.728571428571428,22.2,17.6,20.33833333333333,23.25,17.6,23.05,26.85,19.450000000000003,25.421428571428574,28.200000000000003,19.450000000000003,26.035,29.65,19.450000000000003,14.166666666666666,15.35,13.15,16.0,18.5,13.15,16.341666666666665,20.2,13.15,,,,,,,,,,74.0,78.5,67.0,76.64285714285714,82.0,67.0,76.41666666666667,89.0,67.0,7.183333333333334,10.85,4.2,6.771428571428572,10.85,4.2,7.008333333333334,12.45,4.0,0.0,0.0,0.25,,,,13.700000000000001,0,0,0,0,0,0,11,-0.5000000000000004,0.8660254037844384,1
108/12/01,20.5,28.55,16.5,,0.0,,78.0,5.05,19.099999999999998,20.5,17.85,19.485714285714288,20.75,17.6,20.246666666666666,22.9,17.6,26.083333333333332,28.55,22.85,25.47142857142857,28.55,19.450000000000003,26.03166666666667,29.65,19.450000000000003,14.549999999999999,16.5,13.15,15.714285714285714,17.65,13.15,16.23,20.2,13.15,,,,,,,,,,74.5,78.5,67.0,76.07142857142857,80.0,67.0,76.31666666666666,89.0,67.0,5.250000000000001,6.5,4.2,6.6000000000000005,10.85,4.2,7.03,12.45,4.0,0.0,0.0,0.25,,,,12.05,0,0,0,0,0,0,12,-2.4492935982947064e-16,1.0,1
108/12/02,15.3,18.65,12.95,,0.0,,73.5,11.45,18.25,20.5,15.3,18.70714285714286,20.6,15.3,19.993333333333336,22.2,15.3,24.683333333333334,28.55,18.65,24.342857142857145,28.55,18.65,25.665000000000003,29.5,18.65,14.199999999999998,16.5,12.95,15.042857142857143,16.75,12.95,16.035,20.2,12.95,,,,,,,,,,76.66666666666667,78.5,73.5,75.42857142857143,80.0,67.0,76.1,89.0,67.0,6.900000000000001,11.45,4.2,7.114285714285714,11.45,4.2,7.261666666666667,12.45,4.0,0.0,0.0,0.25,,,,5.699999999999999,0,0,0,0,0,0,12,-2.4492935982947064e-16,1.0,1
108/12/03,14.4,20.15,10.7,,0.0,,65.0,7.9,16.73333333333333,20.5,14.4,17.885714285714286,20.6,14.4,19.741666666666667,22.2,14.4,22.45,28.55,18.65,23.528571428571432,28.55,18.65,25.53666666666667,29.5,18.65,13.383333333333333,16.5,10.7,14.178571428571429,16.6,10.7,15.729999999999999,20.2,10.7,,,,,,,,,,72.16666666666667,78.0,65.0,74.07142857142857,80.0,65.0,75.43333333333334,89.0,65.0,8.133333333333335,11.45,5.05,7.457142857142857,11.45,4.2,7.268333333333333,12.45,4.0,0.0,0.0,0.25,,,,9.45,0,0,0,0,0,0,12,-2.4492935982947064e-16,1.0,1
108/12/04,15.05,19.75,10.55,,0.0,,70.5,8.95,14.916666666666666,15.3,14.4,17.09285714285714,20.5,14.4,19.528333333333332,22.2,14.4,19.516666666666666,20.15,18.65,22.321428571428573,28.55,18.65,25.386666666666667,29.5,18.65,11.4,12.95,10.55,13.314285714285715,16.5,10.55,15.408333333333333,18.85,10.55,,,,,,,,,,69.66666666666667,73.5,65.0,72.71428571428571,78.5,65.0,75.36666666666666,89.0,65.0,9.433333333333334,11.45,7.9,7.8428571428571425,11.45,4.2,7.151666666666667,11.5,4.0,0.0,0.0,0.25,,,,9.2,0,0,0,0,0,0,12,-2.4492935982947064e-16,1.0,1
108/12/05,13.5,14.05,13.05,,39.0,,94.0,10.65,14.316666666666668,15.05,13.5,16.507142857142856,20.5,13.5,19.271666666666665,22.2,13.5,17.98333333333333,20.15,14.05,21.550000000000004,28.55,14.05,25.015,29.5,14.05,11.433333333333332,13.05,10.55,12.985714285714286,16.5,10.55,15.275,18.85,10.55,,,,,,,,,,76.5,94.0,65.0,75.21428571428571,94.0,65.0,76.11666666666666,94.0,65.0,9.166666666666666,10.65,7.9,7.814285714285715,11.45,4.2,7.191666666666666,11.5,4.0,38.99999999999999,38.99999999999999,39.25,,,,1.0,0,0,0,0,0,1,12,-2.4492935982947064e-16,1.0,1
108/12/06,13.7,14.55,12.65,,26.125,,94.5,11.95,14.083333333333334,15.05,13.5,15.914285714285713,20.5,13.5,19.01,22.2,13.5,16.116666666666664,19.75,14.05,20.36428571428571,28.55,14.05,24.555,29.5,14.05,12.083333333333334,13.05,10.55,12.792857142857143,16.5,10.55,15.121666666666666,18.85,10.55,,,,,,,,,,86.33333333333333,94.5,70.5,79.14285714285714,94.5,65.0,76.81666666666666,94.5,65.0,10.516666666666667,11.95,8.95,8.592857142857143,11.95,4.2,7.42,11.95,4.0,65.125,65.125,65.375,,,,1.9000000000000004,0,0,0,0,0,2,12,-2.4492935982947064e-16,1.0,1
108/12/07,13.55,16.0,11.3,,0.75,,75.0,13.85,13.583333333333334,13.7,13.5,15.142857142857142,20.5,13.5,18.75,22.2,13.5,14.866666666666667,16.0,14.05,18.814285714285713,28.55,14.05,24.138333333333332,29.5,14.05,12.333333333333334,13.05,11.3,12.528571428571428,16.5,10.55,14.97,18.85,10.55,,,,,,,,,,87.83333333333333,94.5,75.0,78.64285714285714,94.5,65.0,76.88333333333334,94.5,65.0,12.15,13.85,10.65,9.971428571428572,13.85,5.05,7.5616666666666665,13.85,4.0,65.875,65.875,66.125,,,,4.699999999999999,0,0,0,0,0,3,12,-2.4492935982947064e-16,1.0,1
108/12/08,14.3,19.85,9.55,,0.0,,62.5,8.75,13.85,14.3,13.55,14.257142857142858,15.3,13.5,18.53666666666667,22.2,13.5,16.8,19.85,14.55,17.571428571428573,20.15,14.05,23.936666666666667,29.5,14.05,11.166666666666666,12.65,9.55,11.535714285714286,13.05,9.55,14.71,18.85,9.55,,,,,,,,,,77.33333333333333,94.5,62.5,76.42857142857143,94.5,62.5,76.7,94.5,62.5,11.516666666666666,13.85,8.75,10.5,13.85,7.9,7.551666666666667,13.85,4.0,26.874999999999993,65.875,66.125,,,,10.3,1,0,0,0,0,0,12,-2.4492935982947064e-16,1.0,1
108/12/09,13.9,20.8,9.1,,0.0,,78.0,3.3,13.916666666666666,14.3,13.55,14.057142857142855,15.05,13.5,18.361666666666668,22.2,13.5,18.883333333333336,20.8,16.0,17.87857142857143,20.8,14.05,23.801666666666666,29.5,14.05,9.983333333333334,11.3,9.1,10.985714285714286,13.05,9.1,14.551666666666668,18.85,9.1,,,,,,,,,,71.83333333333333,78.0,62.5,77.07142857142857,94.5,62.5,77.01666666666667,94.5,62.5,8.633333333333335,13.85,3.3,9.335714285714285,13.85,3.3,7.3966666666666665,13.85,3.3,0.7499999999999929,65.875,66.125,,,,11.700000000000001,1,0,0,0,0,0,12,-2.4492935982947064e-16,1.0,1
108/12/10,16.35,23.85,12.0,,0.0,,79.0,4.15,14.85,16.35,13.9,14.335714285714287,16.35,13.5,18.28666666666667,22.2,13.5,21.5,23.85,19.85,18.407142857142855,23.85,14.05,23.701666666666668,29.5,14.05,10.216666666666667,12.0,9.1,11.171428571428573,13.05,9.1,14.508333333333333,18.85,9.1,,,,,,,,,,73.16666666666667,79.0,62.5,79.07142857142857,94.5,62.5,77.16666666666667,94.5,62.5,5.400000000000001,8.75,3.3,8.799999999999999,13.85,3.3,7.371666666666666,13.85,3.3,0.0,65.875,66.125,,,,11.850000000000001,0,0,0,0,0,0,12,-2.4492935982947064e-16,1.0,1
108/12/11,16.5,23.15,12.05,,0.0,,80.5,8.3,15.583333333333334,16.5,13.9,14.542857142857144,16.5,13.5,18.19666666666667,22.2,13.5,22.599999999999998,23.85,20.8,18.892857142857142,23.85,14.05,23.575,29.5,14.05,11.050000000000002,12.05,9.1,11.385714285714286,13.05,9.1,14.425,18.85,9.1,,,,,,,,,,79.16666666666667,80.5,78.0,80.5,94.5,62.5,77.38333333333334,94.5,62.5,5.250000000000001,8.3,3.3,8.707142857142857,13.85,3.3,7.4783333333333335,13.85,3.3,0.0,65.875,66.125,,,,11.099999999999998,0,0,0,0,0,0,12,-2.4492935982947064e-16,1.0,1
108/12/12,16.05,24.05,11.0,,0.125,,76.0,5.3,16.3,16.5,16.05,14.907142857142858,16.5,13.55,18.06,22.2,13.5,23.683333333333334,24.05,23.15,20.321428571428573,24.05,14.55,23.46,29.5,14.05,11.683333333333332,12.05,11.0,11.092857142857143,12.65,9.1,14.301666666666668,18.85,9.1,,,,,,,,,,78.5,80.5,76.0,77.92857142857143,94.5,62.5,77.43333333333334,94.5,62.5,5.916666666666668,8.3,4.15,7.942857142857142,13.85,3.3,7.5216666666666665,13.85,3.3,0.1249999999999929,26.999999999999993,66.25,,,,13.05,0,0,0,0,0,1,12,-2.4492935982947064e-16,1.0,1
108/12/13,16.299999999999997,22.9,11.0,,0.0,,85.0,5.0,16.28333333333333,16.5,16.05,15.278571428571428,16.5,13.55,17.89833333333333,22.2,13.5,23.366666666666664,24.05,22.9,21.514285714285712,24.05,16.0,23.293333333333337,29.5,14.05,11.35,12.05,11.0,10.857142857142858,12.05,9.1,14.145000000000001,18.85,9.1,,,,,,,,,,80.5,85.0,76.0,76.57142857142857,85.0,62.5,77.81666666666666,94.5,62.5,6.200000000000002,8.3,5.0,6.95,13.85,3.3,7.498333333333334,13.85,3.3,0.1249999999999929,0.8749999999999929,66.25,,,,11.899999999999999,0,0,0,0,0,0,12,-2.4492935982947064e-16,1.0,1
108/12/14,17.7,25.4,12.15,,0.125,,80.0,4.300000000000001,16.683333333333334,17.7,16.05,15.871428571428572,17.7,13.9,17.841666666666665,22.2,13.5,24.116666666666664,25.4,22.9,22.857142857142858,25.4,19.85,23.375,29.5,14.05,11.383333333333333,12.15,11.0,10.97857142857143,12.15,9.1,14.05,18.85,9.1,,,,,,,,,,80.33333333333333,85.0,76.0,77.28571428571429,85.0,62.5,78.15,94.5,62.5,4.866666666666668,5.3,4.300000000000001,5.585714285714286,8.75,3.3,7.298333333333333,13.85,3.3,0.2499999999999929,0.2499999999999929,66.375,,,,13.249999999999998,0,0,0,0,0,1,12,-2.4492935982947064e-16,1.0,1
108/12/15,19.2,26.85,14.75,,0.0,,79.0,4.5,17.73333333333333,19.2,16.299999999999997,16.571428571428573,19.2,13.9,17.848333333333336,22.2,13.5,25.05,26.85,22.9,23.857142857142858,26.85,20.8,23.37,29.5,14.05,12.633333333333333,14.75,11.0,11.721428571428572,14.75,9.1,14.076666666666664,18.85,9.1,,,,,,,,,,81.33333333333333,85.0,79.0,79.64285714285714,85.0,76.0,78.23333333333333,94.5,62.5,4.600000000000001,5.0,4.300000000000001,4.978571428571429,8.3,3.3,7.276666666666666,13.85,3.3,0.1249999999999929,0.2499999999999929,66.375,,,,12.100000000000001,0,0,0,0,0,0,12,-2.4492935982947064e-16,1.0,1
108/12/16,18.5,26.1,13.2,,0.0,,81.5,3.45,18.466666666666665,19.2,17.7,17.228571428571428,19.2,16.05,17.768333333333334,22.2,13.5,26.116666666666664,26.85,25.4,24.614285714285717,26.85,22.9,23.313333333333336,29.5,14.05,13.366666666666667,14.75,12.15,12.307142857142859,14.75,11.0,14.0,18.85,9.1,,,,,,,,,,80.16666666666667,81.5,79.0,80.14285714285714,85.0,76.0,78.43333333333334,94.5,62.5,4.083333333333335,4.5,3.45,5.0,8.3,3.45,7.243333333333334,13.85,3.3,0.1249999999999929,0.2499999999999929,66.375,,,,12.900000000000002,0,0,0,0,0,0,12,-2.4492935982947064e-16,1.0,1
108/12/17,20.450000000000003,28.55,14.95,,0.0,,78.5,5.2,19.383333333333336,20.450000000000003,18.5,17.814285714285713,20.450000000000003,16.05,17.733333333333334,22.2,13.5,27.166666666666668,28.55,26.1,25.285714285714285,28.55,22.9,23.28166666666667,28.55,14.05,14.299999999999999,14.95,13.2,12.728571428571428,14.95,11.0,13.945,18.85,9.1,,,,,,,,,,79.66666666666667,81.5,78.5,80.07142857142857,85.0,76.0,78.48333333333333,94.5,62.5,4.383333333333335,5.2,3.45,5.15,8.3,3.45,7.2733333333333325,13.85,3.3,0.0,0.2499999999999929,66.25,,,,13.600000000000001,0,0,0,0,0,0,12,-2.4492935982947064e-16,1.0,1
108/12/18,19.15,22.9,16.200000000000003,,0.0,,88.0,5.3,19.366666666666667,20.450000000000003,18.5,18.192857142857143,20.450000000000003,16.05,17.705,22.2,13.5,25.849999999999998,28.55,22.9,25.25,28.55,22.9,23.166666666666668,28.55,14.05,14.783333333333333,16.200000000000003,13.2,13.321428571428571,16.200000000000003,11.0,13.973333333333333,18.85,9.1,,,,,,,,,,82.66666666666667,88.0,78.5,81.14285714285714,88.0,76.0,78.78333333333333,94.5,62.5,4.650000000000001,5.3,3.45,4.721428571428571,5.3,3.45,7.126666666666667,13.85,3.3,0.0,0.2499999999999929,66.25,,,,6.699999999999996,0,0,0,0,0,0,12,-2.4492935982947064e-16,1.0,1
108/12/19,18.25,22.4,16.25,,0.0,,87.0,5.75,19.283333333333335,20.450000000000003,18.25,18.50714285714286,20.450000000000003,16.299999999999997,17.714999999999996,22.2,13.5,24.616666666666664,28.55,22.4,25.014285714285712,28.55,22.4,23.258333333333333,28.55,14.05,15.799999999999999,16.25,14.95,14.071428571428571,16.25,11.0,13.96,18.85,9.1,,,,,,,,,,84.5,88.0,78.5,82.71428571428571,88.0,78.5,79.25,94.5,62.5,5.416666666666668,5.75,5.2,4.785714285714286,5.75,3.45,6.9350000000000005,13.85,3.3,0.0,0.1249999999999929,66.25,,,,6.149999999999999,0,0,0,0,0,0,12,-2.4492935982947064e-16,1.0,1
108/12/20,18.1,22.0,15.55,,3.0,,84.0,5.6,18.5,19.15,18.1,18.764285714285712,20.450000000000003,17.7,17.69333333333333,22.2,13.5,22.433333333333334,22.9,22.0,24.88571428571429,28.55,22.0,23.189999999999998,28.55,14.05,16.0,16.25,15.55,14.721428571428573,16.25,12.15,13.963333333333335,18.85,9.1,,,,,,,,,,86.33333333333333,88.0,84.0,82.57142857142857,88.0,78.5,79.61666666666666,94.5,62.5,5.550000000000001,5.75,5.3,4.871428571428572,5.75,3.45,6.871666666666667,13.85,3.3,2.999999999999993,3.124999999999993,69.25,,,,6.449999999999999,0,0,0,0,0,1,12,-2.4492935982947064e-16,1.0,1
108/12/21,17.95,21.4,16.9,,0.125,,95.0,3.9,18.099999999999998,18.25,17.95,18.8,20.450000000000003,17.95,17.653333333333332,22.2,13.5,21.933333333333334,22.4,21.4,24.314285714285713,28.55,21.4,23.038333333333338,28.55,14.05,16.233333333333334,16.9,15.55,15.4,16.9,13.2,14.046666666666665,18.85,9.1,,,,,,,,,,88.66666666666667,95.0,84.0,84.71428571428571,95.0,78.5,79.96666666666667,95.0,62.5,5.083333333333334,5.75,3.9,4.814285714285714,5.75,3.45,6.7266666666666675,13.85,3.3,3.124999999999993,3.124999999999993,69.375,,,,4.5,0,0,0,0,0,2,12,-2.4492935982947064e-16,1.0,1
108/12/22,18.45,26.05,16.4,,0.375,,92.5,4.55,18.166666666666668,18.45,17.95,18.692857142857147,20.450000000000003,17.95,17.56,22.2,13.5,23.150000000000002,26.05,21.4,24.2,28.55,21.4,23.08833333333333,28.55,14.05,16.28333333333333,16.9,15.55,15.635714285714286,16.9,13.2,13.965000000000002,18.5,9.1,,,,,,,,,,90.5,95.0,84.0,86.64285714285714,95.0,78.5,80.08333333333333,95.0,62.5,4.6833333333333345,5.6,3.9,4.821428571428571,5.75,3.45,6.623333333333333,13.85,3.3,3.499999999999993,3.499999999999993,69.625,,,,9.650000000000002,0,0,0,0,0,3,12,-2.4492935982947064e-16,1.0,1
108/12/23,17.45,21.35,15.05,,0.0,,87.5,4.75,17.95,18.45,17.45,18.542857142857144,20.450000000000003,17.45,17.423333333333332,22.2,13.5,22.933333333333334,26.05,21.35,23.52142857142857,28.55,21.35,22.908333333333335,28.55,14.05,16.116666666666667,16.9,15.05,15.9,16.9,14.95,13.859999999999998,18.5,9.1,,,,,,,,,,91.66666666666667,95.0,87.5,87.5,95.0,78.5,80.03333333333333,95.0,62.5,4.400000000000001,4.75,3.9,5.007142857142857,5.75,3.9,6.643333333333333,13.85,3.3,0.4999999999999929,3.499999999999993,69.625,,,,6.300000000000001,0,0,0,0,0,0,12,-2.4492935982947064e-16,1.0,1
108/12/24,18.25,23.4,15.95,,0.0,,88.5,4.35,18.049999999999997,18.45,17.45,18.228571428571428,19.15,17.45,17.291666666666668,20.75,13.5,23.599999999999998,26.05,21.35,22.785714285714285,26.05,21.35,22.748333333333335,28.55,14.05,15.799999999999999,16.4,15.05,16.042857142857144,16.9,15.05,13.775,17.65,9.1,,,,,,,,,,89.5,92.5,87.5,88.92857142857143,95.0,84.0,80.25,95.0,62.5,4.550000000000002,4.75,4.35,4.885714285714286,5.75,3.9,6.579999999999999,13.85,3.3,0.3749999999999929,3.499999999999993,69.625,,,,7.449999999999999,0,0,0,0,0,0,12,-2.4492935982947064e-16,1.0,1
108/12/25,18.7,26.0,15.05,,0.0,,86.0,4.25,18.133333333333333,18.7,17.45,18.164285714285715,18.7,17.45,17.223333333333336,20.6,13.5,23.583333333333332,26.0,21.35,23.228571428571428,26.05,21.35,22.73,28.55,14.05,15.35,15.95,15.05,15.878571428571428,16.9,15.05,13.688333333333333,16.9,9.1,,,,,,,,,,87.33333333333333,88.5,86.0,88.64285714285714,95.0,84.0,80.51666666666667,95.0,62.5,4.450000000000001,4.75,4.25,4.735714285714286,5.75,3.9,6.459999999999999,13.85,3.3,0.0,3.499999999999993,69.625,,,,10.95,0,0,0,0,0,0,12,-2.4492935982947064e-16,1.0,1
108/12/26,19.0,25.200000000000003,14.55,,0.0,,79.0,7.949999999999999,18.650000000000002,19.0,18.25,18.271428571428572,19.0,17.45,17.185000000000002,20.6,13.5,24.866666666666664,26.0,23.4,23.62857142857143,26.05,21.35,22.708333333333332,28.55,14.05,15.183333333333332,15.95,14.55,15.635714285714286,16.9,14.55,13.615,16.9,9.1,,,,,,,,,,84.5,88.5,79.0,87.5,95.0,79.0,80.66666666666667,95.0,62.5,5.516666666666668,7.949999999999999,4.25,5.049999999999999,7.949999999999999,3.9,6.541666666666667,13.85,3.3,0.0,3.499999999999993,69.625,,,,10.650000000000002,0,0,0,0,0,0,12,-2.4492935982947064e-16,1.0,1
108/12/27,14.3,17.65,11.3,,0.0,,73.5,10.15,17.333333333333332,19.0,14.3,17.72857142857143,19.0,14.3,16.975,20.5,13.5,22.950000000000003,26.0,17.65,23.007142857142856,26.05,17.65,22.35666666666667,28.55,14.05,13.633333333333335,15.05,11.3,15.028571428571427,16.9,11.3,13.438333333333333,16.9,9.1,,,,,,,,,,79.5,86.0,73.5,86.0,95.0,73.5,80.45,95.0,62.5,7.45,10.15,4.25,5.7,10.15,3.9,6.671666666666667,13.85,3.3,0.0,0.4999999999999929,69.625,,,,6.349999999999998,0,0,0,0,0,0,12,-2.4492935982947064e-16,1.0,1
108/12/28,17.25,23.85,12.2,,0.0,,79.0,4.699999999999999,16.849999999999998,19.0,14.3,17.62857142857143,19.0,14.3,16.96333333333333,20.5,13.5,22.233333333333334,25.200000000000003,17.65,23.357142857142858,26.05,17.65,22.503333333333334,28.55,14.05,12.683333333333332,14.55,11.3,14.357142857142858,16.4,11.3,13.333333333333334,16.9,9.1,,,,,,,,,,77.16666666666667,79.0,73.5,83.71428571428571,92.5,73.5,80.53333333333333,95.0,62.5,7.600000000000001,10.15,4.699999999999999,5.814285714285714,10.15,4.25,6.466666666666667,13.85,3.3,0.0,0.3749999999999929,69.625,,,,11.650000000000002,0,0,0,0,0,0,12,-2.4492935982947064e-16,1.0,1
108/12/29,17.35,18.6,16.45,,39.125,,96.5,4.45,16.3,17.35,14.3,17.47142857142857,19.0,14.3,16.94666666666667,20.5,13.5,20.033333333333335,23.85,17.65,22.292857142857144,26.0,17.65,22.361666666666665,28.55,14.05,13.316666666666668,16.45,11.3,14.364285714285714,16.45,11.3,13.415000000000001,16.9,9.1,,,,,,,,,,83.0,96.5,73.5,84.28571428571429,96.5,73.5,81.51666666666667,96.5,62.5,6.4333333333333345,10.15,4.45,5.8,10.15,4.25,6.3983333333333325,13.85,3.3,39.12499999999999,39.12499999999999,108.75,,,,2.150000000000002,0,0,0,0,0,1,12,-2.4492935982947064e-16,1.0,1
108/12/30,18.3,20.65,16.6,,28.375,,95.5,6.95,17.633333333333336,18.3,17.25,17.592857142857145,19.0,14.3,16.925,20.5,13.5,21.03333333333333,23.85,18.6,22.192857142857147,26.0,17.65,22.155000000000005,28.55,14.05,15.083333333333334,16.6,12.2,14.585714285714285,16.6,11.3,13.53,16.9,9.1,,,,,,,,,,90.33333333333333,96.5,79.0,85.42857142857143,96.5,73.5,82.08333333333333,96.5,62.5,5.366666666666667,6.95,4.45,6.114285714285714,10.15,4.25,6.49,13.85,3.3,67.5,67.5,137.125,,,,4.049999999999997,0,0,0,0,0,2,12,-2.4492935982947064e-16,1.0,1
108/12/31,15.15,17.799999999999997,12.7,,0.25,,84.0,10.3,16.933333333333334,18.3,15.15,17.15,19.0,14.3,16.746666666666666,20.450000000000003,13.5,19.016666666666666,20.65,17.799999999999997,21.392857142857142,26.0,17.65,21.796666666666667,28.55,14.05,15.25,16.6,12.7,14.12142857142857,16.6,11.3,13.403333333333332,16.9,9.1,,,,,,,,,,92.0,96.5,84.0,84.78571428571429,96.5,73.5,82.28333333333333,96.5,62.5,7.233333333333334,10.3,4.45,6.964285714285714,10.3,4.25,6.665,13.85,3.3,67.75,67.75,137.375,,,,5.099999999999998,0,0,0,0,0,3,12,-2.4492935982947064e-16,1.0,1
109/01/01,14.6,17.15,12.7,,0.375,,88.0,4.85,16.01666666666667,18.3,14.6,16.564285714285713,19.0,14.3,16.723333333333333,20.450000000000003,13.5,18.53333333333333,20.65,17.15,20.12857142857143,25.200000000000003,17.15,21.746666666666666,28.55,14.05,14.0,16.6,12.7,13.785714285714286,16.6,11.3,13.395000000000001,16.9,9.1,,,,,,,,,,89.16666666666667,95.5,84.0,85.07142857142857,96.5,73.5,82.76666666666667,96.5,62.5,7.366666666666668,10.3,4.85,7.05,10.3,4.45,6.445000000000001,13.85,3.3,28.999999999999993,68.125,137.75,,,,4.449999999999999,0,0,0,0,0,4,1,0.49999999999999994,0.8660254037844387,1
109/01/02,16.25,23.8,11.35,,0.0,,86.5,4.5,15.333333333333334,16.25,14.6,16.17142857142857,18.3,14.3,16.785,20.450000000000003,13.5,19.583333333333332,23.8,17.15,19.928571428571427,23.85,17.15,21.868333333333336,28.55,14.05,12.25,12.7,11.35,13.328571428571427,16.6,11.3,13.416666666666666,16.9,9.1,,,,,,,,,,86.16666666666667,88.0,84.0,86.14285714285714,96.5,73.5,83.48333333333333,96.5,62.5,6.550000000000002,10.3,4.5,6.557142857142858,10.3,4.45,6.331666666666667,13.85,3.3,0.6249999999999929,68.125,137.75,,,,12.450000000000001,0,0,0,0,0,0,1,0.49999999999999994,0.8660254037844387,1
109/01/03,17.05,23.05,12.05,,0.0,,85.5,4.0,15.966666666666669,17.05,14.6,16.564285714285713,18.3,14.6,16.851666666666667,20.450000000000003,13.5,21.333333333333332,23.8,17.15,20.7,23.85,17.15,21.978333333333335,28.55,14.05,12.033333333333333,12.7,11.35,13.435714285714287,16.6,11.35,13.466666666666667,16.9,9.1,,,,,,,,,,86.66666666666667,88.0,85.5,87.85714285714286,96.5,79.0,83.98333333333333,96.5,62.5,4.450000000000001,4.85,4.0,5.678571428571429,10.3,4.0,6.166666666666667,13.85,3.3,0.3749999999999929,68.125,137.75,,,,11.0,0,0,0,0,0,0,1,0.49999999999999994,0.8660254037844387,1
109/01/04,17.05,23.15,13.6,,0.125,,89.0,4.050000000000001,16.783333333333335,17.05,16.25,16.535714285714285,18.3,14.6,16.970000000000002,20.450000000000003,13.55,23.333333333333332,23.8,23.05,20.599999999999998,23.8,17.15,22.281666666666663,28.55,14.55,12.333333333333334,13.6,11.35,13.635714285714286,16.6,11.35,13.484999999999998,16.9,9.1,,,,,,,,,,87.0,89.0,85.5,89.28571428571429,96.5,84.0,83.81666666666666,96.5,62.5,4.1833333333333345,4.5,4.0,5.585714285714286,10.3,4.0,5.946666666666667,13.85,3.3,0.1249999999999929,68.25,98.875,,,,9.549999999999999,0,0,0,0,0,1,1,0.49999999999999994,0.8660254037844387,1
109/01/05,18.15,23.950000000000003,14.0,,0.0,,88.0,4.75,17.416666666666668,18.15,17.05,16.650000000000002,18.3,14.6,17.118333333333332,20.450000000000003,13.55,23.383333333333336,23.950000000000003,23.05,21.36428571428571,23.950000000000003,17.15,22.595000000000002,28.55,16.0,13.216666666666667,14.0,12.05,13.285714285714286,16.6,11.35,13.53,16.9,9.1,,,,,,,,,,87.5,89.0,85.5,88.07142857142857,95.5,84.0,83.6,96.5,62.5,4.266666666666668,4.75,4.0,5.628571428571428,10.3,4.0,5.706666666666666,13.85,3.3,0.1249999999999929,29.124999999999993,72.75,,,,9.950000000000003,0,0,0,0,0,0,1,0.49999999999999994,0.8660254037844387,1
109/01/06,17.6,22.15,15.0,,0.0,,89.5,3.9,17.6,18.15,17.05,16.55,18.15,14.6,17.253333333333334,20.450000000000003,13.9,23.083333333333332,23.950000000000003,22.15,21.578571428571426,23.950000000000003,17.15,22.8,28.55,17.15,14.200000000000001,15.0,13.6,13.057142857142859,15.0,11.35,13.653333333333334,16.9,9.1,,,,,,,,,,88.83333333333333,89.5,88.0,87.21428571428571,89.5,84.0,84.08333333333333,96.5,62.5,4.233333333333335,4.75,3.9,5.192857142857143,10.3,3.9,5.375,10.3,3.3,0.1249999999999929,0.7499999999999929,72.0,,,,7.149999999999999,0,0,0,0,0,0,1,0.49999999999999994,0.8660254037844387,1
109/01/07,18.950000000000003,26.65,14.65,,0.0,,80.0,6.35,18.233333333333334,18.950000000000003,17.6,17.092857142857145,18.950000000000003,14.6,17.408333333333335,20.450000000000003,13.9,24.25,26.65,22.15,22.842857142857145,26.65,17.15,23.026666666666664,28.55,17.15,14.549999999999999,15.0,14.0,13.335714285714287,15.0,11.35,13.823333333333332,16.9,9.1,,,,,,,,,,85.83333333333333,89.5,80.0,86.64285714285714,89.5,80.0,84.66666666666667,96.5,73.5,5.000000000000001,6.35,3.9,4.628571428571428,6.35,3.9,5.295,10.3,3.3,0.0,0.4999999999999929,72.0,,,,11.999999999999998,0,0,0,0,0,0,1,0.49999999999999994,0.8660254037844387,1
109/01/08,16.8,22.3,11.55,,0.0,,77.0,9.35,17.783333333333335,18.950000000000003,16.8,17.40714285714286,18.950000000000003,16.25,17.505,20.450000000000003,14.3,23.7,26.65,22.15,23.57857142857143,26.65,22.15,23.076666666666668,28.55,17.15,13.733333333333334,15.0,11.55,13.171428571428573,15.0,11.35,13.905000000000001,16.9,11.0,,,,,,,,,,82.16666666666667,89.5,77.0,85.07142857142857,89.5,77.0,84.63333333333334,96.5,73.5,6.533333333333334,9.35,3.9,5.271428571428571,9.35,3.9,5.496666666666666,10.3,3.45,0.0,0.1249999999999929,72.0,,,,10.75,0,0,0,0,0,0,1,0.49999999999999994,0.8660254037844387,1
109/01/09,16.25,23.8,11.0,,0.125,,82.0,4.3,17.333333333333332,18.950000000000003,16.25,17.407142857142855,18.950000000000003,16.25,17.50166666666667,20.450000000000003,14.3,24.25,26.65,22.3,23.578571428571426,26.65,22.15,23.075,28.55,17.15,12.4,14.65,11.0,13.121428571428572,15.0,11.0,13.871666666666668,16.9,11.0,,,,,,,,,,79.66666666666667,82.0,77.0,84.42857142857143,89.5,77.0,84.73333333333333,96.5,73.5,6.666666666666668,9.35,4.3,5.242857142857142,9.35,3.9,5.501666666666667,10.3,3.45,0.1249999999999929,0.2499999999999929,72.125,,,,12.8,0,0,0,0,0,1,1,0.49999999999999994,0.8660254037844387,1
109/01/10,17.5,25.05,12.65,,0.0,,84.5,5.15,16.849999999999998,17.5,16.25,17.47142857142857,18.950000000000003,16.25,17.535000000000004,20.450000000000003,14.3,23.71666666666667,25.05,22.3,23.864285714285717,26.65,22.15,23.138333333333332,28.55,17.15,11.733333333333334,12.65,11.0,13.207142857142856,15.0,11.0,13.891666666666667,16.9,11.0,,,,,,,,,,81.16666666666667,84.5,77.0,84.28571428571429,89.5,77.0,84.86666666666666,96.5,73.5,6.266666666666668,9.35,4.3,5.4071428571428575,9.35,3.9,5.3966666666666665,10.3,3.45,0.1249999999999929,0.2499999999999929,72.125,,,,12.4,0,0,0,0,0,0,1,0.49999999999999994,0.8660254037844387,1
109/01/11,17.049999999999997,22.25,14.25,,0.0,,88.0,4.9,16.933333333333334,17.5,16.25,17.47142857142857,18.950000000000003,16.25,17.56833333333333,20.450000000000003,14.3,23.7,25.05,22.25,23.735714285714288,26.65,22.15,23.07833333333333,28.55,17.15,12.633333333333333,14.25,11.0,13.299999999999999,15.0,11.0,14.0,16.9,11.0,,,,,,,,,,84.83333333333333,88.0,82.0,84.14285714285714,89.5,77.0,85.26666666666667,96.5,73.5,4.783333333333335,5.15,4.3,5.528571428571429,9.35,3.9,5.383333333333334,10.3,3.45,0.1249999999999929,0.1249999999999929,72.0,,,,8.0,0,0,0,0,0,0,1,0.49999999999999994,0.8660254037844387,1
109/01/12,13.8,16.05,12.05,,0.0,,85.5,8.3,16.116666666666667,17.5,13.8,16.85,18.950000000000003,13.8,17.485,20.450000000000003,13.8,21.11666666666667,25.05,16.05,22.607142857142858,26.65,16.05,22.85,28.55,16.05,12.983333333333334,14.25,12.05,13.021428571428572,15.0,11.0,14.035,16.9,11.0,,,,,,,,,,86.0,88.0,84.5,83.78571428571429,89.5,77.0,85.28333333333333,96.5,73.5,6.116666666666668,8.3,4.9,6.035714285714286,9.35,3.9,5.493333333333333,10.3,3.45,0.0,0.1249999999999929,72.0,,,,4.0,0,0,0,0,0,0,1,0.49999999999999994,0.8660254037844387,1
109/01/13,14.75,18.55,12.6,,0.0,,81.5,4.949999999999999,15.199999999999998,17.049999999999997,13.8,16.442857142857143,18.950000000000003,13.8,17.386666666666667,20.450000000000003,13.8,18.95,22.25,16.05,22.092857142857145,26.65,16.05,22.621666666666666,28.55,16.05,12.966666666666667,14.25,12.05,12.678571428571429,14.65,11.0,14.050000000000002,16.9,11.0,,,,,,,,,,85.0,88.0,81.5,82.64285714285714,88.0,77.0,85.33333333333333,96.5,73.5,6.050000000000002,8.3,4.9,6.185714285714286,9.35,4.3,5.515000000000001,10.3,3.45,0.0,0.1249999999999929,71.875,,,,5.950000000000001,0,0,0,0,0,0,1,0.49999999999999994,0.8660254037844387,1
109/01/14,15.85,22.0,12.7,,0.0,,84.5,6.9,14.799999999999999,15.85,13.8,16.0,17.5,13.8,17.275,20.450000000000003,13.8,18.866666666666667,22.0,16.05,21.428571428571427,25.05,16.05,22.459999999999997,28.55,16.05,12.450000000000001,12.7,12.05,12.4,14.25,11.0,13.981666666666667,16.9,11.0,,,,,,,,,,83.83333333333333,85.5,81.5,83.28571428571429,88.0,77.0,85.51666666666667,96.5,73.5,6.716666666666669,8.3,4.949999999999999,6.264285714285714,9.35,4.3,5.595,10.3,3.45,0.0,0.1249999999999929,71.875,,,,9.3,0,0,0,0,0,0,1,0.49999999999999994,0.8660254037844387,1
109/01/15,16.1,24.15,10.3,,0.125,,82.5,5.4,15.566666666666668,16.1,14.75,15.900000000000002,17.5,13.8,17.195,20.450000000000003,13.8,21.566666666666663,24.15,18.55,21.692857142857143,25.05,16.05,22.394999999999996,28.55,16.05,11.866666666666667,12.7,10.3,12.221428571428572,14.25,10.3,13.885,16.9,10.3,,,,,,,,,,82.83333333333333,84.5,81.5,84.07142857142857,88.0,81.5,85.55,96.5,73.5,5.750000000000001,6.9,4.949999999999999,5.700000000000001,8.3,4.3,5.659999999999999,10.3,3.9,0.1249999999999929,0.2499999999999929,72.0,,,,13.849999999999998,0,0,0,0,0,1,1,0.49999999999999994,0.8660254037844387,1
109/01/16,17.4,23.4,12.85,,0.0,,83.5,4.85,16.45,17.4,15.85,16.064285714285713,17.5,13.8,17.093333333333337,19.15,13.8,23.183333333333334,24.15,22.0,21.635714285714283,25.05,16.05,22.223333333333336,26.65,16.05,11.949999999999998,12.85,10.3,12.485714285714286,14.25,10.3,13.815,16.9,10.3,,,,,,,,,,83.5,84.5,82.5,84.28571428571429,88.0,81.5,85.71666666666667,96.5,73.5,5.716666666666669,6.9,4.85,5.778571428571429,8.3,4.85,5.6483333333333325,10.3,3.9,0.1249999999999929,0.1249999999999929,72.0,,,,10.549999999999999,0,0,0,0,0,0,1,0.49999999999999994,0.8660254037844387,1
109/01/17,14.0,16.1,12.1,,0.0,,88.0,6.85,15.833333333333334,17.4,14.0,15.564285714285715,17.4,13.8,16.921666666666667,19.0,13.8,21.216666666666665,24.15,16.1,20.357142857142858,24.15,16.05,21.996666666666666,26.65,16.05,11.75,12.85,10.3,12.407142857142857,14.25,10.3,13.678333333333335,16.9,10.3,,,,,,,,,,84.66666666666667,88.0,82.5,84.78571428571429,88.0,81.5,85.71666666666667,96.5,73.5,5.7,6.85,4.85,6.021428571428571,8.3,4.85,5.7,10.3,3.9,0.1249999999999929,0.1249999999999929,72.0,,,,4.000000000000002,0,0,0,0,0,0,1,0.49999999999999994,0.8660254037844387,1
109/01/18,12.8,16.25,11.25,,0.0,,80.0,7.550000000000001,14.733333333333333,17.4,12.8,14.957142857142857,17.4,12.8,16.74,19.0,12.8,18.583333333333332,23.4,16.1,19.5,24.15,16.05,21.791666666666668,26.65,16.05,12.066666666666665,12.85,11.25,11.978571428571428,12.85,10.3,13.511666666666667,16.9,10.3,,,,,,,,,,83.83333333333333,88.0,80.0,83.64285714285714,88.0,80.0,85.48333333333333,96.5,73.5,6.416666666666668,7.550000000000001,4.85,6.3999999999999995,8.3,4.85,5.76,10.3,3.9,0.0,0.1249999999999929,72.0,,,,5.0,0,0,0,0,0,0,1,0.49999999999999994,0.8660254037844387,1
109/01/19,13.65,15.95,11.9,,0.0,,87.0,4.95,13.483333333333333,14.0,12.8,14.935714285714287,17.4,12.8,16.591666666666665,19.0,12.8,16.099999999999998,16.25,15.95,19.485714285714288,24.15,15.95,21.59,26.65,15.95,11.75,12.1,11.25,11.957142857142856,12.85,10.3,13.389999999999999,16.9,10.3,,,,,,,,,,85.0,88.0,80.0,83.85714285714286,88.0,80.0,85.58333333333333,96.5,73.5,6.450000000000002,7.550000000000001,4.95,5.921428571428572,7.550000000000001,4.85,5.738333333333333,10.3,3.9,0.0,0.1249999999999929,69.0,,,,4.049999999999999,0,0,0,0,0,0,1,0.49999999999999994,0.8660254037844387,1
109/01/20,14.25,20.75,9.95,,0.0,,82.0,5.75,13.566666666666665,14.25,12.8,14.864285714285716,17.4,12.8,16.46833333333333,19.0,12.8,17.650000000000002,20.75,15.95,19.8,24.15,15.95,21.56833333333333,26.65,15.95,11.033333333333331,11.9,9.95,11.578571428571427,12.85,9.95,13.158333333333333,16.6,9.95,,,,,,,,,,83.0,87.0,80.0,83.92857142857143,88.0,80.0,85.15,96.5,73.5,6.083333333333335,7.550000000000001,4.95,6.035714285714286,7.550000000000001,4.85,5.8,10.3,3.9,0.0,0.1249999999999929,68.875,,,,10.8,1,0,0,0,0,0,1,0.49999999999999994,0.8660254037844387,1
109/01/21,15.05,23.55,8.45,,0.0,,80.5,4.85,14.316666666666665,15.05,13.65,14.75,17.4,12.8,16.355,19.0,12.8,20.083333333333332,23.55,15.95,20.021428571428572,24.15,15.95,21.485,26.65,15.95,10.1,11.9,8.45,10.971428571428572,12.85,8.45,12.893333333333333,16.6,8.45,,,,,,,,,,83.16666666666667,87.0,80.5,83.35714285714286,88.0,80.0,84.75,96.5,73.5,5.1833333333333345,5.75,4.85,5.742857142857143,7.550000000000001,4.85,5.8100000000000005,10.3,3.9,0.0,0.1249999999999929,68.5,,,,15.100000000000001,1,0,0,0,0,0,1,0.49999999999999994,0.8660254037844387,1
109/01/22,18.4,26.1,13.45,,0.0,,81.5,4.75,15.899999999999999,18.4,14.25,15.078571428571431,18.4,12.8,16.386666666666667,19.0,12.8,23.46666666666667,26.1,20.75,20.3,26.1,15.95,21.64333333333333,26.65,15.95,10.616666666666665,13.45,8.45,11.421428571428573,13.45,8.45,12.840000000000002,16.6,8.45,,,,,,,,,,81.33333333333333,82.0,80.5,83.21428571428571,88.0,80.0,84.55,96.5,73.5,5.116666666666668,5.75,4.75,5.6499999999999995,7.550000000000001,4.75,5.8100000000000005,10.3,3.9,0.0,0.0,68.5,,,,12.650000000000002,0,0,0,0,0,0,1,0.49999999999999994,0.8660254037844387,1
109/01/23,20.3,27.7,15.3,,0.0,,79.0,4.8,17.916666666666668,20.3,15.05,15.492857142857144,20.3,12.8,16.455,20.3,12.8,25.78333333333333,27.7,23.55,20.914285714285715,27.7,15.95,21.78666666666667,27.7,15.95,12.4,15.3,8.45,11.77142857142857,15.3,8.45,12.818333333333332,16.6,8.45,,,,,,,,,,80.33333333333333,81.5,79.0,82.57142857142857,88.0,79.0,84.23333333333333,96.5,73.5,4.800000000000002,4.85,4.75,5.642857142857143,7.550000000000001,4.75,5.825,10.3,3.9,0.0,0.0,68.5,,,,12.399999999999999,0,0,0,0,0,0,1,0.49999999999999994,0.8660254037844387,1
109/01/24,18.3,21.35,16.75,,0.0,,94.0,4.95,18.999999999999996,20.3,18.3,16.107142857142858,20.3,12.8,16.441666666666666,20.3,12.8,25.05,27.7,21.35,21.664285714285715,27.7,15.95,21.631666666666668,27.7,15.95,15.166666666666666,16.75,13.45,12.435714285714285,16.75,8.45,12.875,16.75,8.45,,,,,,,,,,84.83333333333333,94.0,79.0,83.42857142857143,94.0,79.0,84.5,96.5,73.5,4.833333333333335,4.95,4.75,5.371428571428572,7.550000000000001,4.75,5.848333333333334,10.3,3.9,0.0,0.0,68.5,,,,4.600000000000001,0,0,0,0,0,0,1,0.49999999999999994,0.8660254037844387,1
109/01/25,17.3,19.5,15.95,,0.375,,96.5,5.7,18.63333333333333,20.3,17.3,16.75,20.3,13.65,16.385,20.3,12.8,22.849999999999998,27.7,19.5,22.12857142857143,27.7,15.95,21.441666666666666,27.7,15.95,16.0,16.75,15.3,13.107142857142858,16.75,8.45,12.921666666666669,16.75,8.45,,,,,,,,,,89.83333333333333,96.5,79.0,85.78571428571429,96.5,79.0,85.08333333333333,96.5,73.5,5.150000000000001,5.7,4.8,5.107142857142857,5.75,4.75,5.7733333333333325,10.3,3.9,0.3749999999999929,0.3749999999999929,68.875,,,,3.5500000000000007,0,0,0,0,0,1,1,0.49999999999999994,0.8660254037844387,1
109/01/26,15.8,17.25,13.5,,39.125,,97.5,7.35,17.133333333333333,18.3,15.8,17.057142857142857,20.3,14.25,16.435,20.3,12.8,19.366666666666664,21.35,17.25,22.314285714285713,27.7,17.25,21.428333333333335,27.7,15.95,15.4,16.75,13.5,13.335714285714285,16.75,8.45,12.995000000000001,16.75,8.45,,,,,,,,,,96.0,97.5,94.0,87.28571428571429,97.5,79.0,85.88333333333334,97.5,77.0,6.000000000000001,7.35,4.95,5.45,7.35,4.75,5.679999999999999,10.3,3.9,39.49999999999999,39.49999999999999,108.0,,,,3.75,0,0,0,0,0,2,1,0.49999999999999994,0.8660254037844387,1
109/01/27,12.9,15.15,11.45,,0.5,,91.5,5.85,15.33333333333333,17.3,12.9,16.864285714285714,20.3,12.9,16.29,20.3,12.8,17.3,19.5,15.15,21.514285714285712,27.7,15.15,21.138333333333332,27.7,15.15,13.633333333333333,15.95,11.45,13.549999999999999,16.75,8.45,12.97,16.75,8.45,,,,,,,,,,95.16666666666667,97.5,91.5,88.64285714285714,97.5,79.0,86.3,97.5,77.0,6.300000000000002,7.35,5.7,5.464285714285714,7.35,4.75,5.718333333333334,10.3,3.9,39.99999999999999,39.99999999999999,108.5,,,,3.700000000000001,0,0,0,0,0,3,1,0.49999999999999994,0.8660254037844387,1
109/01/28,11.75,13.4,9.7,,0.25,,85.5,7.1,13.483333333333333,15.8,11.75,16.392857142857142,20.3,11.75,16.10333333333333,20.3,11.75,15.266666666666667,17.25,13.4,20.064285714285717,27.7,13.4,20.965,27.7,13.4,11.549999999999999,13.5,9.7,13.728571428571428,16.75,9.7,12.745,16.75,8.45,,,,,,,,,,91.5,97.5,85.5,89.35714285714286,97.5,79.0,85.93333333333334,97.5,77.0,6.766666666666668,7.35,5.85,5.785714285714286,7.35,4.75,5.8066666666666675,10.3,3.9,39.87499999999999,40.24999999999999,69.625,,,,3.700000000000001,1,0,0,0,0,4,1,0.49999999999999994,0.8660254037844387,1
109/01/29,10.4,12.8,8.6,,0.0,,77.5,7.9,11.683333333333332,12.9,10.4,15.25,20.3,10.4,15.840000000000002,20.3,10.4,13.783333333333333,15.15,12.8,18.164285714285715,27.7,12.8,20.70333333333333,27.7,12.8,9.916666666666666,11.45,8.6,13.035714285714286,16.75,8.6,12.478333333333333,16.75,8.45,,,,,,,,,,84.83333333333333,91.5,77.5,88.78571428571429,97.5,77.5,85.33333333333333,97.5,77.0,6.95,7.9,5.85,6.235714285714286,7.9,4.8,5.838333333333334,10.3,3.9,0.7499999999999929,40.24999999999999,41.25,,,,4.200000000000001,1,0,0,0,0,0,1,0.49999999999999994,0.8660254037844387,1
109/01/30,10.5,15.0,7.55,,0.0,,53.5,9.1,10.883333333333331,11.75,10.4,13.85,18.3,10.4,15.685,20.3,10.4,13.733333333333334,15.0,12.8,16.35,21.35,12.8,20.61,27.7,12.8,8.616666666666665,9.7,7.55,11.928571428571429,16.75,7.55,12.306666666666667,16.75,7.55,,,,,,,,,,72.16666666666667,85.5,53.5,85.14285714285714,97.5,53.5,84.31666666666666,97.5,53.5,8.033333333333333,9.1,7.1,6.8500000000000005,9.1,4.95,5.798333333333334,9.35,3.9,0.2499999999999929,40.24999999999999,41.0,,,,7.45,1,0,0,0,0,0,1,0.49999999999999994,0.8660254037844387,1
109/01/31,10.5,17.2,4.65,,0.0,,59.0,7.85,10.466666666666665,10.5,10.4,12.735714285714286,17.3,10.4,15.548333333333336,20.3,10.4,15.0,17.2,12.8,15.757142857142858,19.5,12.8,20.611666666666668,27.7,12.8,6.933333333333334,8.6,4.65,10.2,15.95,4.65,12.038333333333334,16.75,4.65,,,,,,,,,,63.333333333333336,77.5,53.5,80.14285714285714,97.5,53.5,83.35,97.5,53.5,8.283333333333333,9.1,7.85,7.264285714285713,9.1,5.7,5.8983333333333325,9.35,3.9,0.0,40.24999999999999,40.625,,,,12.549999999999999,1,1,0,0,0,0,1,0.49999999999999994,0.8660254037844387,1
