觀測時間(hour),測站氣壓(hPa),海平面氣壓(hPa),測站最高氣壓(hPa),測站最高氣壓時間(LST),測站最低氣壓(hPa),測站最低氣壓時間(LST),氣溫(℃),最高氣溫(℃),最高氣溫時間(LST),最低氣溫(℃),最低氣溫時間(LST),露點溫度(℃),相對溼度(%),最小相對溼度(%),最小相對溼度時間(LST),風速(m/s),風向(360degree),最大陣風(m/s),最大陣風風向(360degree),最大陣風風速時間(LST),降水量(mm),降水時數(hour),最大十分鐘降水量(mm),最大十分鐘降水量起始時間(LST),最大六十分鐘降水量(mm),最大六十分鐘降水量起始時間(LST),日照時數(hour),日照率(%),全天空日射量(MJ/㎡),A型蒸發量(mm),TxSoil0cm,TxSoil5cm,TxSoil10cm,TxSoil20cm,TxSoil50cm,TxSoil100cm,TxSoil30cm,TxSoil200cm,TxSoil300cm,TxSoil500cm,VaporPressure
2020-08-01,1008.4,1009.3,1009.8,2020/8/1 21:49,1006.9,2020/8/1 15:22,29.9,33.3,2020/8/1 13:29,25.8,2020/8/1 05:28,24.8,74,64,2020/8/1 13:01,2.9,150,14.3,150,2020/8/1 11:18,0.0,0.0,0.0,,,,11.4,86.2,25.0,4.9,29.5,30.3,31.3,30.7,31.3,30.4,,,,,
2020-08-02,1007.0,1007.9,1009.7,2020/8/2 00:01,1004.7,2020/8/2 23:58,29.6,35.4,2020/8/2 12:00,26.4,2020/8/2 03:38,24.6,75,61,2020/8/2 10:38,2.4,110,11.0,140,2020/8/2 13:33,0.0,0.0,0.0,,,,6.0,45.4,20.97,-4.5,29.5,30.4,31.3,30.8,31.5,30.2,,,,,
2020-08-03,1001.5,1002.4,1004.7,2020/8/3 00:01,1000.1,2020/8/3 10:52,27.8,31.4,2020/8/3 10:06,25.4,2020/8/3 22:42,23.4,78,63,2020/8/3 04:26,1.9,350,12.5,340,2020/8/3 06:36,5.0,5.5,0.5,2020/8/3 06:41,,,0.0,0.0,4.33,-1.1,27.6,28.9,30.1,30.3,31.5,30.3,,,,,
2020-08-04,1006.0,1006.9,1010.1,2020/8/4 22:33,1002.4,2020/8/4 01:29,29.2,35.1,2020/8/4 11:10,25.3,2020/8/4 00:43,24.8,78,60,2020/8/4 12:52,2.1,90,8.3,90,2020/8/4 16:09,4.0,0.4,2.5,2020/8/4 21:50,,,2.5,19.0,17.62,-2.3,28.5,29.3,30.0,29.8,30.6,30.3,,,,,
2020-08-05,1010.4,1011.3,1012.1,2020/8/5 22:07,1008.8,2020/8/5 02:56,29.6,34.8,2020/8/5 12:36,25.9,2020/8/5 01:47,25.7,80,67,2020/8/5 11:07,2.5,90,10.4,120,2020/8/5 15:51,0.0,0.0,0.0,,,,8.0,60.8,24.91,5.6,29.6,30.1,30.8,30.5,31.0,30.0,,,,,
2020-08-06,1010.5,1011.4,1011.8,2020/8/6 00:01,1009.1,2020/8/6 16:58,30.0,34.6,2020/8/6 11:18,26.3,2020/8/6 04:58,24.8,74,63,2020/8/6 12:16,2.3,290,9.2,120,2020/8/6 15:51,0.0,0.0,0.0,,,,10.2,77.6,26.53,6.7,29.9,30.8,31.4,31.0,31.0,30.0,,,,,
2020-08-07,1008.2,1009.1,1009.8,2020/8/7 00:04,1006.2,2020/8/7 17:01,30.2,34.8,2020/8/7 12:38,26.0,2020/8/7 04:58,24.9,73,64,2020/8/7 10:40,2.7,100,9.9,100,2020/8/7 12:55,0.0,0.0,0.0,,,,11.1,84.6,26.29,7.3,30.3,30.9,31.7,31.2,30.7,30.0,,,,,
2020-08-08,1005.5,1006.4,1007.7,2020/8/8 00:01,1004.0,2020/8/8 16:03,29.9,35.4,2020/8/8 12:06,26.5,2020/8/8 04:07,24.5,73,59,2020/8/8 11:54,2.0,120,7.4,130,2020/8/8 10:35,0.0,0.0,0.0,,,,9.2,70.2,26.05,5.5,30.4,31.3,32.1,31.6,31.6,30.2,,,,,
2020-08-09,1003.0,1003.9,1004.5,2020/8/9 23:08,1001.1,2020/8/9 13:08,29.5,34.5,2020/8/9 11:36,25.4,2020/8/9 05:18,23.8,72,61,2020/8/9 12:35,1.8,150,8.4,170,2020/8/9 17:01,0.0,0.0,0.0,,,,6.9,52.8,21.31,4.5,29.8,30.9,31.8,31.5,31.5,30.4,,,,,
2020-08-10,1005.1,1006.0,1007.0,2020/8/10 20:30,1003.3,2020/8/10 02:04,29.8,35.7,2020/8/10 12:39,26.4,2020/8/10 05:15,24.9,76,61,2020/8/10 12:39,2.1,150,14.9,190,2020/8/10 16:04,2.0,2.9,0.5,2020/8/10 18:39,,,7.6,58.2,20.85,-4.6,30.4,31.2,31.9,31.5,31.5,30.5,,,,,
2020-08-11,1008.9,1009.8,1012.2,2020/8/11 21:06,1004.6,2020/8/11 00:54,28.9,32.9,2020/8/11 12:08,26.2,2020/8/11 05:22,24.6,78,67,2020/8/11 11:41,1.6,360,6.3,140,2020/8/11 11:46,0.0,0.0,0.0,,,,0.5,3.8,10.38,1.6,28.9,30.0,30.9,30.8,31.5,30.5,,,,,
2020-08-12,1012.8,1013.7,1014.8,2020/8/12 21:39,1011.4,2020/8/12 16:29,30.2,35.6,2020/8/12 15:25,25.9,2020/8/12 04:29,25.1,75,60,2020/8/12 12:28,2.4,140,8.3,140,2020/8/12 13:43,0.0,0.0,0.0,,,,10.6,81.4,26.21,7.5,30.8,30.9,31.4,30.9,31.1,30.5,,,,,
2020-08-13,1012.0,1012.9,1014.2,2020/8/13 00:01,1010.2,2020/8/13 16:23,30.1,34.5,2020/8/13 13:36,26.2,2020/8/13 04:54,25.1,75,67,2020/8/13 13:35,1.9,130,7.4,130,2020/8/13 12:02,0.0,0.0,0.0,,,,10.5,80.8,26.84,5.5,31.1,31.7,32.1,31.6,31.5,30.5,,,,,
2020-08-14,1009.4,1010.3,1011.1,2020/8/14 09:03,1007.6,2020/8/14 14:40,30.0,34.7,2020/8/14 13:38,26.0,2020/8/14 04:03,24.5,73,59,2020/8/14 09:58,1.9,130,8.6,130,2020/8/14 12:27,0.0,0.0,0.0,,,,11.8,90.9,27.27,6.4,31.4,31.9,32.5,31.9,31.8,30.5,,,,,
2020-08-15,1008.8,1009.7,1010.5,2020/8/15 23:12,1007.0,2020/8/15 15:39,29.8,34.5,2020/8/15 12:58,26.0,2020/8/15 05:09,24.4,73,61,2020/8/15 10:49,2.2,140,11.1,130,2020/8/15 15:44,0.0,0.0,0.0,,,,10.0,77.2,25.67,8.0,31.6,31.9,32.6,32.0,31.5,30.5,,,,,
2020-08-16,1009.3,1010.2,1010.7,2020/8/16 22:25,1007.9,2020/8/16 15:23,29.8,34.3,2020/8/16 10:49,26.3,2020/8/16 05:01,24.5,74,58,2020/8/16 11:19,2.8,130,10.7,140,2020/8/16 12:57,0.0,0.0,0.0,,,,8.7,67.3,24.7,5.5,31.4,31.7,32.1,31.9,31.9,30.5,,,,,
2020-08-17,1009.0,1009.9,1010.5,2020/8/17 00:54,1007.2,2020/8/17 17:43,29.0,32.6,2020/8/17 13:36,26.1,2020/8/17 04:53,24.4,76,66,2020/8/17 13:05,2.9,140,12.6,140,2020/8/17 16:22,0.0,0.0,0.0,,,,6.4,49.6,15.27,-1.8,29.7,30.7,31.7,31.5,31.6,30.5,,,,,
2020-08-18,1009.0,1009.9,1010.5,2020/8/18 07:50,1007.3,2020/8/18 14:52,28.7,33.2,2020/8/18 13:02,25.9,2020/8/18 09:52,24.4,78,65,2020/8/18 13:02,1.9,150,13.4,160,2020/8/18 14:12,2.0,4.0,0.5,2020/8/18 08:26,,,5.8,45.0,15.26,-4.2,28.8,30.1,30.7,30.8,31.0,30.5,,,,,
2020-08-19,1008.5,1009.4,1009.8,2020/8/19 23:29,1007.4,2020/8/19 14:46,29.7,34.7,2020/8/19 13:15,25.9,2020/8/19 05:15,25.0,76,64,2020/8/19 13:15,2.5,120,10.9,140,2020/8/19 13:42,0.0,0.0,0.0,,,,10.0,77.7,26.0,4.0,30.5,30.7,31.6,31.1,31.3,30.5,,,,,
2020-08-20,1009.1,1010.0,1010.2,2020/8/20 23:11,1007.4,2020/8/20 15:13,29.7,34.2,2020/8/20 13:07,25.8,2020/8/20 05:32,24.9,76,63,2020/8/20 13:01,2.9,130,10.7,150,2020/8/20 11:50,0.0,0.0,0.0,,,,9.9,77.1,25.36,5.4,30.7,31.3,32.0,31.4,31.5,30.5,,,,,
2020-08-21,1008.9,1009.8,1010.1,2020/8/21 09:26,1007.7,2020/8/21 16:12,29.3,33.7,2020/8/21 12:35,25.9,2020/8/21 23:52,24.6,76,66,2020/8/21 13:17,2.5,150,13.0,190,2020/8/21 15:12,3.0,0.2,2.0,2020/8/21 23:09,,,8.4,65.5,20.1,-5.6,31.4,31.1,32.0,31.5,31.5,30.5,,,,,
2020-08-22,1005.3,1006.2,1008.7,2020/8/22 00:09,1003.3,2020/8/22 23:44,26.9,31.7,2020/8/22 13:33,24.8,2020/8/22 03:04,24.0,84,73,2020/8/22 23:59,2.1,240,10.4,90,2020/8/22 11:59,62.5,14.3,6.0,2020/8/22 01:10,,,1.2,9.4,12.48,-2.1,28.3,29.0,30.1,30.3,31.1,30.5,,,,,
2020-08-23,1002.7,1003.6,1004.2,2020/8/23 22:41,1001.5,2020/8/23 14:42,30.2,34.9,2020/8/23 15:08,27.0,2020/8/23 22:34,22.1,62,51,2020/8/23 16:20,3.6,340,12.4,360,2020/8/23 07:28,0.0,0.0,0.0,2020/8/23 03:57,,,1.7,13.3,9.79,3.5,27.4,28.1,29.3,29.5,30.7,30.3,,,,,
2020-08-24,1002.1,1003.0,1003.9,2020/8/24 00:01,1000.4,2020/8/24 16:37,29.1,34.6,2020/8/24 12:29,24.7,2020/8/24 05:05,23.1,71,51,2020/8/24 10:15,1.6,100,6.2,120,2020/8/24 13:14,0.0,0.0,0.0,,,,8.6,67.4,21.21,4.0,29.0,29.2,29.7,29.3,30.5,30.3,,,,,
2020-08-25,1000.7,1001.6,1002.0,2020/8/25 06:37,999.3,2020/8/25 15:23,29.9,35.2,2020/8/25 11:39,25.3,2020/8/25 03:43,24.3,73,57,2020/8/25 09:50,1.7,120,5.8,120,2020/8/25 13:53,0.0,0.0,0.0,,,,11.2,88.0,25.81,5.7,29.9,30.3,30.8,30.2,30.9,30.0,,,,,
2020-08-26,1000.8,1001.7,1002.3,2020/8/26 21:48,999.9,2020/8/26 03:13,28.8,34.9,2020/8/26 10:54,26.3,2020/8/26 05:10,24.2,76,66,2020/8/26 11:01,1.5,290,6.4,130,2020/8/26 12:23,2.0,2.3,0.5,2020/8/26 15:22,,,6.8,53.5,18.21,-5.1,29.2,30.4,31.0,30.6,31.5,30.5,,,,,
2020-08-27,1002.0,1002.9,1004.1,2020/8/27 20:59,1000.5,2020/8/27 04:12,27.8,34.4,2020/8/27 10:46,25.1,2020/8/27 15:57,24.2,81,69,2020/8/27 08:16,1.8,290,9.6,240,2020/8/27 15:32,106.5,6.5,24.0,2020/8/27 15:38,,,6.0,47.3,15.67,-99.7,27.8,29.1,29.9,29.8,31.5,30.4,,,,,
2020-08-28,1002.8,1003.7,1004.0,2020/8/28 20:11,1001.4,2020/8/28 04:32,28.6,34.0,2020/8/28 10:52,24.8,2020/8/28 04:29,24.7,80,65,2020/8/28 11:14,1.6,290,8.9,120,2020/8/28 14:36,0.0,0.0,0.0,,,,6.9,54.5,20.04,2.5,28.9,29.1,29.8,29.4,30.0,30.0,,,,,
2020-08-29,1004.6,1005.5,1006.0,2020/8/29 20:39,1003.2,2020/8/29 03:22,29.6,33.8,2020/8/29 11:27,26.2,2020/8/29 03:08,25.4,78,69,2020/8/29 08:59,2.4,130,8.3,130,2020/8/29 13:39,0.0,0.0,0.0,,,,6.7,53.0,21.41,4.8,29.8,29.8,30.3,29.9,30.5,30.0,,,,,
2020-08-30,1005.3,1006.2,1006.4,2020/8/30 21:12,1003.8,2020/8/30 02:54,29.7,33.8,2020/8/30 11:15,27.1,2020/8/30 04:43,25.6,79,66,2020/8/30 09:52,1.8,110,7.3,130,2020/8/30 12:29,0.0,0.0,0.0,,,,8.5,67.4,23.94,-5.0,30.0,30.6,31.4,30.6,31.2,30.0,,,,,
2020-08-31,1003.4,1004.3,1005.9,2020/8/31 00:02,1001.1,2020/8/31 16:37,29.4,35.0,2020/8/31 13:16,25.7,2020/8/31 04:24,24.1,74,57,2020/8/31 13:14,2.4,30,10.0,40,2020/8/31 15:16,7.5,1.1,3.0,2020/8/31 15:18,,,8.3,65.9,21.58,-6.1,29.7,30.4,31.1,30.6,31.5,30.0,,,,,
2020-09-01,1000.9,1001.8,1002.4,2020/9/1 22:14,999.4,2020/9/1 03:07,29.3,32.7,2020/9/1 16:09,26.0,2020/9/1 01:09,23.0,69,60,2020/9/1 20:53,3.4,330,13.0,300,2020/9/1 13:53,3.5,0.7,3.0,2020/9/1 00:37,,,0.6,4.8,9.72,-1.5,28.1,29.1,30.0,30.2,31.5,30.5,,,,,
2020-09-02,1003.8,1004.7,1006.5,2020/9/2 22:28,1001.1,2020/9/2 01:31,29.4,35.3,2020/9/2 11:37,25.2,2020/9/2 05:03,23.8,72,53,2020/9/2 09:58,1.7,120,7.3,40,2020/9/2 17:47,0.5,0.6,0.5,2020/9/2 16:55,,,7.7,61.4,21.96,-4.6,29.4,29.6,30.2,30.0,31.0,30.5,,,,,
2020-09-03,1007.6,1008.5,1010.6,2020/9/3 21:57,1004.9,2020/9/3 02:09,29.3,34.1,2020/9/3 14:04,25.7,2020/9/3 02:48,24.2,74,63,2020/9/3 13:33,1.7,110,9.4,350,2020/9/3 12:45,0.0,0.0,0.0,,,,6.6,52.7,14.8,3.0,28.7,29.2,30.2,30.1,31.3,30.3,,,,,
2020-09-04,1009.1,1010.0,1010.7,2020/9/4 08:20,1007.5,2020/9/4 14:57,28.5,33.7,2020/9/4 12:40,25.2,2020/9/4 05:20,23.8,76,67,2020/9/4 12:36,2.7,110,10.9,130,2020/9/4 13:44,0.0,0.0,0.0,,,,7.6,60.8,22.02,7.6,28.6,29.5,30.4,30.1,31.3,30.5,,,,,
2020-09-05,1006.0,1006.9,1008.9,2020/9/5 00:01,1003.3,2020/9/5 15:58,29.1,34.7,2020/9/5 12:22,24.1,2020/9/5 05:27,20.3,61,42,2020/9/5 12:00,2.3,50,9.2,30,2020/9/5 17:17,0.0,0.0,0.0,,,,8.7,69.8,22.51,5.0,28.2,29.2,30.0,29.8,31.2,30.5,,,,,
2020-09-06,1004.0,1004.9,1006.4,2020/9/6 22:50,1001.0,2020/9/6 13:42,28.5,33.7,2020/9/6 13:13,23.1,2020/9/6 23:47,16.9,50,34,2020/9/6 13:46,4.6,330,17.6,350,2020/9/6 13:29,0.0,0.0,0.0,,,,10.9,87.6,26.7,6.9,26.9,28.3,29.4,29.4,30.6,30.5,,,,,
2020-09-07,1008.7,1009.6,1011.4,2020/9/7 21:57,1006.1,2020/9/7 02:39,27.3,32.8,2020/9/7 10:45,22.1,2020/9/7 03:48,19.5,63,45,2020/9/7 11:42,1.8,140,9.8,140,2020/9/7 15:56,0.0,0.0,0.0,,,,7.1,57.2,21.85,6.2,27.7,28.5,29.2,29.0,30.5,30.5,,,,,
2020-09-08,1011.5,1012.4,1012.7,2020/9/8 08:43,1010.0,2020/9/8 15:00,28.8,33.3,2020/9/8 12:10,25.0,2020/9/8 05:16,22.8,70,57,2020/9/8 12:09,1.8,290,8.9,100,2020/9/8 11:27,0.0,0.0,0.0,,,,7.5,60.5,21.94,4.6,29.2,29.8,30.5,29.7,30.5,30.3,,,,,
2020-09-09,1009.6,1010.5,1012.0,2020/9/9 00:01,1008.1,2020/9/9 16:03,27.7,33.3,2020/9/9 11:25,24.2,2020/9/9 23:53,23.2,77,64,2020/9/9 10:20,1.9,300,10.4,240,2020/9/9 17:00,56.0,1.2,21.5,2020/9/9 17:13,,,2.6,21.0,15.06,-99.7,28.3,29.3,30.3,29.9,30.9,30.0,,,,,
2020-09-10,1007.2,1008.1,1008.5,2020/9/10 00:02,1005.6,2020/9/10 15:36,27.2,31.0,2020/9/10 13:53,23.7,2020/9/10 04:39,23.0,78,68,2020/9/10 12:58,1.6,140,5.1,130,2020/9/10 11:15,-9.8,0.2,-9.8,2020/9/10 19:15,,,3.1,25.1,12.98,-2.5,27.5,28.2,29.2,29.0,30.5,30.0,,,,,
2020-09-11,1008.1,1009.0,1010.1,2020/9/11 23:18,1006.8,2020/9/11 02:24,27.7,33.3,2020/9/11 12:51,24.8,2020/9/11 05:30,23.5,78,66,2020/9/11 10:05,1.7,300,6.9,90,2020/9/11 13:38,0.5,3.1,0.5,2020/9/11 14:25,,,5.0,40.6,15.71,-2.1,28.2,29.2,29.9,29.5,30.2,29.9,,,,,
2020-09-12,1010.9,1011.8,1013.3,2020/9/12 21:16,1008.8,2020/9/12 04:39,26.9,33.7,2020/9/12 10:17,25.2,2020/9/12 05:38,23.6,82,67,2020/9/12 09:51,1.6,280,8.1,50,2020/9/12 15:04,75.5,8.2,12.5,2020/9/12 15:23,,,2.5,20.3,10.61,-99.7,26.6,28.1,29.1,29.1,30.5,29.7,,,,,
2020-09-13,1011.5,1012.4,1013.0,2020/9/13 10:31,1010.3,2020/9/13 17:18,26.5,28.7,2020/9/13 14:56,24.7,2020/9/13 04:53,24.1,87,81,2020/9/13 16:01,1.1,60,4.5,60,2020/9/13 21:07,0.5,4.2,0.5,2020/9/13 12:14,,,0.1,0.8,4.62,-0.6,26.1,27.2,28.3,28.1,30.0,30.0,,,,,
2020-09-14,1010.4,1011.3,1011.8,2020/9/14 00:04,1008.6,2020/9/14 15:22,27.6,31.5,2020/9/14 11:31,25.7,2020/9/14 02:24,24.7,84,77,2020/9/14 14:04,1.5,120,6.6,130,2020/9/14 12:27,0.0,0.0,0.0,,,,3.5,28.6,12.07,2.0,27.7,28.5,29.0,28.7,29.6,29.5,,,,,
2020-09-16,1008.7,1009.6,1009.9,2020/9/16 21:07,1007.4,2020/9/16 14:52,29.4,34.6,2020/9/16 13:22,25.5,2020/9/16 06:00,24.8,76,64,2020/9/16 13:35,1.7,280,7.3,60,2020/9/16 13:29,0.0,0.0,0.0,,,,8.8,72.2,20.3,5.4,29.2,29.7,30.3,29.8,30.5,29.5,,,,,
2020-09-17,1008.3,1009.2,1010.2,2020/9/17 23:20,1006.5,2020/9/17 14:06,29.6,34.3,2020/9/17 13:46,25.6,2020/9/17 05:56,24.5,75,59,2020/9/17 13:45,1.7,270,6.0,130,2020/9/17 14:44,0.0,0.0,0.0,,,,8.5,69.8,17.97,2.3,29.1,29.5,30.1,29.8,30.5,29.7,,,,,
2020-09-18,1011.2,1012.1,1013.2,2020/9/18 20:37,1009.7,2020/9/18 00:11,29.6,34.5,2020/9/18 11:08,26.1,2020/9/18 05:01,25.3,78,67,2020/9/18 12:09,2.3,100,8.2,90,2020/9/18 17:20,0.0,0.0,0.0,,,,8.9,73.3,21.67,2.2,29.9,30.1,30.9,30.1,30.9,29.9,,,,,
2020-09-19,1012.1,1013.0,1013.5,2020/9/19 08:13,1010.6,2020/9/19 14:11,28.7,33.6,2020/9/19 12:47,25.7,2020/9/19 23:55,24.8,80,68,2020/9/19 10:22,1.7,280,6.5,70,2020/9/19 15:47,2.0,1.6,1.0,2020/9/19 16:21,,,6.5,53.6,18.75,-0.4,29.5,30.2,30.9,30.3,31.0,29.5,,,,,
2020-09-20,1011.4,1012.3,1012.7,2020/9/20 20:55,1010.1,2020/9/20 04:16,26.3,29.9,2020/9/20 13:14,25.0,2020/9/20 05:19,23.3,84,78,2020/9/20 07:02,1.6,90,6.8,90,2020/9/20 18:05,5.0,9.3,1.0,2020/9/20 14:04,,,0.8,6.6,7.35,-3.3,27.7,28.3,29.3,29.3,30.6,29.9,,,,,
2020-09-21,1011.3,1012.2,1012.4,2020/9/21 09:46,1009.7,2020/9/21 15:21,26.3,29.6,2020/9/21 15:32,24.7,2020/9/21 05:45,22.5,80,68,2020/9/21 15:32,1.2,70,6.5,100,2020/9/21 10:13,0.5,0.4,0.5,2020/9/21 07:11,,,1.2,9.9,6.26,1.0,26.6,27.8,28.7,28.7,30.5,30.0,,,,,
2020-09-22,1010.7,1011.6,1011.9,2020/9/22 09:00,1009.2,2020/9/22 15:19,26.6,30.7,2020/9/22 11:34,23.0,2020/9/22 05:53,20.7,70,61,2020/9/22 10:47,2.4,90,8.1,90,2020/9/22 13:43,0.0,0.0,0.0,,,,4.8,39.8,15.98,3.8,26.4,27.7,28.6,28.4,30.1,30.0,,,,,
2020-09-23,1010.4,1011.3,1011.6,2020/9/23 20:44,1009.2,2020/9/23 15:02,26.5,31.1,2020/9/23 12:20,22.8,2020/9/23 03:51,20.9,72,62,2020/9/23 10:46,1.8,110,6.0,120,2020/9/23 12:14,0.0,0.0,0.0,,,,7.2,59.9,19.65,5.1,27.1,28.1,28.7,28.6,30.0,29.9,,,,,
2020-09-24,1010.2,1011.1,1011.6,2020/9/24 08:49,1009.2,2020/9/24 03:12,24.9,26.4,2020/9/24 12:06,24.0,2020/9/24 03:51,21.6,82,78,2020/9/24 02:10,0.9,270,3.6,60,2020/9/24 12:37,0.0,0.0,0.0,,,,0.0,0.0,2.36,0.6,25.8,27.1,28.0,28.2,29.9,29.5,,,,,
2020-09-25,1010.3,1011.2,1011.8,2020/9/25 21:51,1009.1,2020/9/25 03:31,24.4,26.4,2020/9/25 09:40,23.2,2020/9/25 21:59,20.0,76,69,2020/9/25 09:25,1.5,260,8.4,240,2020/9/25 17:25,-9.8,0.8,-9.8,2020/9/25 11:19,,,0.0,0.0,3.34,-0.7,24.9,26.3,27.2,27.5,29.5,29.6,,,,,
2020-09-26,1011.1,1012.0,1012.9,2020/9/26 23:22,1009.1,2020/9/26 03:28,24.1,26.1,2020/9/26 14:10,22.6,2020/9/26 23:55,20.0,78,68,2020/9/26 15:12,2.0,240,7.9,230,2020/9/26 06:31,0.5,4.5,0.5,2020/9/26 09:21,,,0.0,0.0,5.04,-0.1,24.5,25.7,26.6,26.8,29.0,29.5,,,,,
2020-09-27,1012.0,1012.9,1013.6,2020/9/27 09:17,1010.6,2020/9/27 14:07,22.3,23.8,2020/9/27 12:08,21.3,2020/9/27 02:44,19.8,86,79,2020/9/27 11:52,0.8,280,6.1,90,2020/9/27 00:26,8.5,13.5,0.5,2020/9/27 01:47,,,0.0,0.0,3.36,-0.2,24.0,25.3,26.0,26.5,29.0,29.5,,,,,
2020-09-28,1010.6,1011.5,1012.5,2020/9/28 09:42,1009.0,2020/9/28 14:47,23.1,24.6,2020/9/28 13:03,21.8,2020/9/28 00:01,20.9,87,82,2020/9/28 13:03,0.9,270,4.0,230,2020/9/28 22:26,15.0,14.7,2.5,2020/9/28 16:55,,,0.0,0.0,3.51,-0.2,24.4,25.2,25.8,26.4,28.5,29.0,,,,,
2020-09-29,1008.4,1009.3,1010.7,2020/9/29 00:26,1006.0,2020/9/29 15:27,24.5,28.3,2020/9/29 11:31,22.1,2020/9/29 06:14,20.7,80,64,2020/9/29 12:05,1.2,270,5.0,90,2020/9/29 14:20,0.5,1.6,0.5,2020/9/29 00:25,,,0.2,1.7,8.04,-2.0,24.7,25.5,26.4,26.1,28.3,29.0,,,,,
2020-09-30,1009.2,1010.1,1011.2,2020/9/30 21:44,1006.9,2020/9/30 03:49,22.8,24.8,2020/9/30 10:49,20.8,2020/9/30 22:28,18.6,78,67,2020/9/30 12:32,1.6,260,5.8,230,2020/9/30 09:18,-9.8,3.8,-9.8,2020/9/30 07:20,,,0.0,0.0,4.65,-0.3,23.7,25.2,25.8,26.0,28.5,28.6,,,,,
2020-10-01,1010.6,1011.5,1012.1,2020/10/1 09:56,1009.0,2020/10/1 02:54,24.0,28.2,2020/10/1 09:03,20.8,2020/10/1 04:51,19.1,74,65,2020/10/1 13:18,1.5,260,6.1,90,2020/10/1 09:28,0.0,0.0,0.0,,,,1.5,12.7,7.32,1.4,23.5,24.4,25.4,25.5,28.0,28.5,,,,,
2020-10-02,1011.2,1012.1,1012.4,2020/10/2 09:08,1009.6,2020/10/2 14:37,25.7,30.8,2020/10/2 12:13,21.6,2020/10/2 03:23,21.2,77,64,2020/10/2 10:25,2.0,100,7.7,130,2020/10/2 12:32,-9.8,0.9,-9.8,2020/10/2 20:12,,,5.2,44.1,17.19,-2.3,25.2,25.9,26.4,25.9,27.5,28.3,,,,,
2020-10-03,1010.9,1011.8,1012.0,2020/10/3 00:01,1009.0,2020/10/3 14:20,26.6,31.6,2020/10/3 11:08,22.4,2020/10/3 05:38,22.2,77,66,2020/10/3 11:16,1.8,260,7.7,110,2020/10/3 11:45,1.0,0.7,1.0,2020/10/3 16:37,,,6.0,51.0,18.36,-4.3,26.2,26.7,27.4,26.7,28.0,28.2,,,,,
2020-10-04,1009.7,1010.6,1011.7,2020/10/4 22:01,1007.0,2020/10/4 14:09,27.3,31.5,2020/10/4 10:13,23.6,2020/10/4 05:08,22.4,75,65,2020/10/4 09:59,1.6,130,6.3,110,2020/10/4 13:11,0.0,0.0,0.0,,,,6.9,58.7,18.32,-3.5,26.8,27.6,28.2,27.5,28.5,28.3,,,,,
2020-10-05,1012.7,1013.6,1015.4,2020/10/5 22:17,1010.6,2020/10/5 01:57,24.6,26.1,2020/10/5 12:49,23.3,2020/10/5 23:41,21.1,81,75,2020/10/5 04:39,1.6,230,6.8,100,2020/10/5 05:07,1.0,7.2,0.5,2020/10/5 09:40,,,0.0,0.0,1.79,-0.1,25.2,26.4,27.4,27.2,28.7,28.3,,,,,
2020-10-06,1015.8,1016.7,1017.7,2020/10/6 22:06,1014.4,2020/10/6 03:16,23.5,25.6,2020/10/6 10:17,21.9,2020/10/6 21:53,19.2,77,68,2020/10/6 13:57,1.8,230,8.5,60,2020/10/6 18:44,-9.8,0.4,-9.8,2020/10/6 20:37,,,0.0,0.0,5.28,-1.3,24.4,25.3,26.2,26.2,28.5,28.4,,,,,
2020-10-07,1015.4,1016.3,1017.2,2020/10/7 09:02,1013.6,2020/10/7 14:19,23.9,28.3,2020/10/7 13:50,21.9,2020/10/7 00:48,18.1,70,60,2020/10/7 14:35,1.7,10,8.2,50,2020/10/7 14:50,0.0,0.0,0.0,,,,1.8,15.4,7.41,1.8,24.6,24.8,25.7,25.7,28.0,28.4,,,,,
2020-10-08,1015.4,1016.3,1016.6,2020/10/8 08:57,1014.1,2020/10/8 15:08,23.6,27.2,2020/10/8 15:18,21.3,2020/10/8 02:21,17.9,71,62,2020/10/8 14:05,1.9,280,5.6,290,2020/10/8 02:12,0.0,0.0,0.0,,,,1.3,11.2,5.29,-0.7,23.5,24.4,25.3,25.4,28.0,28.3,,,,,
2020-10-09,1015.0,1015.9,1016.7,2020/10/9 08:30,1013.6,2020/10/9 14:47,23.4,26.6,2020/10/9 15:38,21.4,2020/10/9 04:55,18.8,76,64,2020/10/9 15:33,1.9,260,5.5,260,2020/10/9 09:03,1.0,2.4,0.5,2020/10/9 03:42,,,0.1,0.9,6.72,-1.3,23.2,24.4,25.3,25.2,27.5,28.0,,,,,
2020-10-10,1013.1,1014.0,1014.7,2020/10/10 00:02,1011.7,2020/10/10 14:56,23.5,25.7,2020/10/10 12:13,22.1,2020/10/10 01:34,20.1,82,75,2020/10/10 12:04,1.9,240,5.5,230,2020/10/10 21:02,0.5,0.5,0.5,2020/10/10 22:40,,,0.0,0.0,4.56,-1.1,23.4,24.4,25.2,25.1,27.0,28.0,,,,,
2020-10-11,1010.3,1011.2,1012.4,2020/10/11 00:01,1008.3,2020/10/11 16:17,24.4,25.6,2020/10/11 13:12,22.8,2020/10/11 02:44,22.3,89,85,2020/10/11 00:01,1.3,240,5.5,80,2020/10/11 12:07,66.0,18.6,4.5,2020/10/11 16:23,,,0.0,0.0,3.51,-99.7,24.1,24.8,25.5,25.2,27.0,27.8,,,,,
2020-10-12,1010.1,1011.0,1012.1,2020/10/12 23:43,1008.6,2020/10/12 14:02,26.8,30.7,2020/10/12 11:58,24.4,2020/10/12 04:16,24.3,86,78,2020/10/12 12:32,3.8,90,14.4,80,2020/10/12 22:51,9.0,2.9,2.5,2020/10/12 01:44,,,3.5,30.3,13.61,-99.7,26.3,26.3,26.9,26.0,27.0,27.5,,,,,
2020-10-13,1013.4,1014.3,1015.8,2020/10/13 23:50,1011.1,2020/10/13 03:15,24.9,26.4,2020/10/13 09:28,23.5,2020/10/13 23:59,22.7,88,82,2020/10/13 00:01,4.2,80,15.4,90,2020/10/13 05:05,174.5,20.1,20.0,2020/10/13 01:00,,,0.2,1.7,3.87,-0.1,24.7,25.3,26.2,26.0,27.4,27.5,,,,,
2020-10-14,1016.3,1017.2,1017.6,2020/10/14 09:41,1015.0,2020/10/14 02:23,24.0,26.0,2020/10/14 16:04,22.0,2020/10/14 04:05,21.4,85,79,2020/10/14 16:46,2.2,70,8.3,80,2020/10/14 16:36,33.5,12.5,3.0,2020/10/14 11:02,,,0.1,0.9,2.06,-0.5,23.6,24.5,25.2,25.2,26.5,27.3,,,,,
2020-10-15,1015.5,1016.4,1017.5,2020/10/15 08:53,1013.5,2020/10/15 15:08,25.3,26.7,2020/10/15 08:22,23.8,2020/10/15 13:15,21.8,81,75,2020/10/15 03:17,4.3,90,11.9,100,2020/10/15 21:27,26.5,4.8,5.5,2020/10/15 13:07,,,0.1,0.9,3.94,-0.1,23.5,24.4,25.3,25.0,26.6,27.5,,,,,
2020-10-16,1014.4,1015.3,1016.0,2020/10/16 09:27,1012.5,2020/10/16 15:37,24.6,27.2,2020/10/16 11:31,23.0,2020/10/16 18:52,21.8,84,78,2020/10/16 02:30,3.4,60,12.1,80,2020/10/16 00:03,128.0,11.0,10.5,2020/10/16 19:05,,,0.1,0.9,2.7,-99.7,23.7,24.9,25.2,25.2,26.5,27.0,,,,,
2020-10-17,1016.3,1017.2,1017.8,2020/10/17 09:00,1014.8,2020/10/17 02:39,22.9,24.2,2020/10/17 12:21,21.8,2020/10/17 21:14,19.9,83,75,2020/10/17 06:48,1.8,240,8.2,60,2020/10/17 00:35,3.0,2.0,0.5,2020/10/17 00:04,,,0.0,0.0,2.98,-0.1,22.4,23.7,24.6,24.4,26.0,27.0,,,,,
2020-10-18,1016.6,1017.5,1018.4,2020/10/18 21:10,1014.9,2020/10/18 14:20,22.2,24.0,2020/10/18 11:05,20.7,2020/10/18 23:35,20.2,88,84,2020/10/18 10:38,1.5,230,8.1,90,2020/10/18 10:26,35.0,16.5,1.5,2020/10/18 14:39,,,0.0,0.0,3.27,-1.1,22.7,23.5,24.0,24.2,26.0,26.6,,,,,
2020-10-19,1016.7,1017.6,1018.1,2020/10/19 08:34,1014.6,2020/10/19 14:50,22.3,24.2,2020/10/19 20:47,20.8,2020/10/19 00:01,19.6,85,75,2020/10/19 22:21,2.3,240,9.6,80,2020/10/19 21:02,3.5,12.5,0.5,2020/10/19 00:35,,,0.0,0.0,1.44,-0.3,22.0,23.0,23.8,23.7,25.6,26.5,,,,,
2020-10-20,1015.0,1015.9,1017.3,2020/10/20 07:48,1012.8,2020/10/20 23:43,23.6,27.2,2020/10/20 14:57,21.7,2020/10/20 06:00,20.8,84,80,2020/10/20 04:14,3.2,70,12.9,70,2020/10/20 15:59,20.5,11.4,4.0,2020/10/20 11:12,,,0.4,3.5,3.03,-0.3,22.8,23.2,24.0,23.7,25.7,26.5,,,,,
2020-10-21,1009.6,1010.5,1012.8,2020/10/21 00:01,1007.3,2020/10/21 23:27,24.8,26.3,2020/10/21 15:38,23.4,2020/10/21 07:09,22.8,89,84,2020/10/21 00:22,1.9,100,8.8,140,2020/10/21 11:02,86.5,16.3,9.5,2020/10/21 19:08,,,0.0,0.0,2.66,-99.7,23.7,24.1,24.7,24.2,25.5,26.4,,,,,
2020-10-22,1010.0,1010.9,1014.1,2020/10/22 22:34,1006.4,2020/10/22 02:26,23.3,25.6,2020/10/22 13:05,20.5,2020/10/22 23:32,19.8,81,69,2020/10/22 16:57,3.0,230,13.3,60,2020/10/22 17:04,8.5,8.2,2.5,2020/10/22 00:07,,,0.0,0.0,4.62,-1.4,23.4,24.0,24.8,24.4,25.5,26.5,,,,,
2020-10-23,1015.5,1016.4,1017.5,2020/10/23 19:43,1012.4,2020/10/23 02:04,19.7,21.0,2020/10/23 00:23,18.8,2020/10/23 11:06,16.7,83,77,2020/10/23 13:36,2.1,240,10.3,240,2020/10/23 14:17,19.5,14.2,1.5,2020/10/23 03:15,,,0.0,0.0,3.13,-0.2,20.5,22.1,23.1,23.3,25.5,26.0,,,,,
2020-10-24,1018.1,1019.0,1020.2,2020/10/24 08:48,1016.6,2020/10/24 03:25,19.9,21.7,2020/10/24 15:09,18.7,2020/10/24 23:37,16.5,81,70,2020/10/24 16:42,1.7,270,6.4,230,2020/10/24 07:15,1.0,5.9,0.5,2020/10/24 06:00,,,0.0,0.0,0.56,-0.2,20.1,21.4,22.1,22.2,24.6,25.6,,,,,
2020-10-25,1016.8,1017.7,1018.7,2020/10/25 08:36,1014.6,2020/10/25 15:42,21.5,25.1,2020/10/25 14:27,18.1,2020/10/25 02:36,18.1,81,69,2020/10/25 12:06,1.2,230,5.2,140,2020/10/25 15:25,-9.8,1.8,-9.8,2020/10/25 18:33,,,0.0,0.0,4.39,-0.5,21.1,21.8,22.3,22.2,24.5,25.7,,,,,
2020-10-26,1014.5,1015.4,1016.6,2020/10/26 08:55,1012.3,2020/10/26 15:27,24.1,29.0,2020/10/26 12:09,21.0,2020/10/26 02:08,19.5,76,65,2020/10/26 11:47,1.8,270,6.1,140,2020/10/26 13:41,0.0,0.0,0.0,,,,3.4,30.2,13.19,1.7,23.2,23.6,24.0,23.2,24.5,25.5,,,,,
2020-10-27,1014.4,1015.3,1016.6,2020/10/27 22:01,1012.6,2020/10/27 14:11,24.1,29.0,2020/10/27 11:50,20.9,2020/10/27 02:32,19.8,78,63,2020/10/27 11:50,1.6,140,7.5,140,2020/10/27 11:39,1.0,2.9,0.5,2020/10/27 18:19,,,4.2,37.4,10.37,-1.3,23.1,24.0,24.6,24.0,25.0,25.5,,,,,
2020-10-28,1016.7,1017.6,1018.7,2020/10/28 22:15,1015.0,2020/10/28 04:09,23.5,25.2,2020/10/28 15:15,22.4,2020/10/28 00:56,20.7,84,79,2020/10/28 15:15,1.3,250,5.4,240,2020/10/28 09:31,1.0,4.6,0.5,2020/10/28 13:13,,,0.0,0.0,2.88,-0.2,23.2,23.2,24.5,24.4,25.5,25.5,,,,,
2020-10-29,1018.3,1019.2,1020.0,2020/10/29 09:40,1016.3,2020/10/29 14:20,23.3,25.6,2020/10/29 12:58,22.0,2020/10/29 23:57,20.2,83,74,2020/10/29 16:24,2.0,260,8.3,110,2020/10/29 13:35,-9.8,1.8,-9.8,2020/10/29 08:35,,,0.0,0.0,2.65,-1.1,23.0,23.6,24.4,24.1,25.5,25.5,,,,,
2020-10-30,1019.8,1020.8,1021.5,2020/10/30 21:28,1018.1,2020/10/30 03:13,21.5,23.5,2020/10/30 13:45,18.5,2020/10/30 23:32,17.1,76,64,2020/10/30 13:27,1.4,280,5.3,60,2020/10/30 12:09,-9.8,0.3,-9.8,2020/10/30 18:15,,,0.0,0.0,2.12,-1.0,21.8,22.8,23.7,23.7,25.3,25.5,,,,,
2020-10-31,1018.3,1019.2,1020.3,2020/10/31 00:04,1016.4,2020/10/31 14:57,21.9,26.9,2020/10/31 14:14,18.4,2020/10/31 00:13,16.0,70,54,2020/10/31 14:25,2.1,100,6.8,120,2020/10/31 12:10,0.5,0.7,0.5,2020/10/31 21:13,,,6.6,59.3,13.77,-2.2,21.7,22.4,23.1,23.1,25.0,25.7,,,,,
2020-11-01,1015.0,1016.0,1017.0,2020/11/1 09:22,1013.3,2020/11/1 14:19,22.7,27.4,2020/11/1 10:45,18.9,2020/11/1 04:37,19.4,82,70,2020/11/1 11:09,1.3,100,6.7,150,2020/11/1 16:15,2.5,3.4,1.0,2020/11/1 18:59,,,1.2,10.8,10.02,-1.1,22.6,23.1,23.8,23.3,25.0,25.5,,,,,
2020-11-02,1014.9,1015.8,1016.8,2020/11/2 20:49,1013.4,2020/11/2 14:45,24.1,29.1,2020/11/2 12:46,21.3,2020/11/2 23:59,19.5,76,64,2020/11/2 11:12,2.7,90,11.6,100,2020/11/2 13:27,0.0,0.0,0.0,,,,6.7,60.4,15.72,-2.6,23.8,24.3,24.7,24.1,25.0,25.5,,,,,
2020-11-03,1018.2,1019.1,1020.3,2020/11/3 19:51,1015.9,2020/11/3 00:19,21.0,24.3,2020/11/3 14:25,18.1,2020/11/3 23:53,16.2,74,60,2020/11/3 14:24,1.9,280,9.4,60,2020/11/3 15:08,3.0,4.8,1.5,2020/11/3 07:52,,,0.2,1.8,2.48,-0.9,21.7,22.8,23.6,23.7,25.5,25.7,,,,,
2020-11-04,1019.3,1020.2,1021.2,2020/11/4 09:06,1017.5,2020/11/4 14:31,19.9,22.4,2020/11/4 15:02,17.5,2020/11/4 00:42,15.0,74,62,2020/11/4 15:36,2.0,260,8.1,80,2020/11/4 15:33,1.5,0.0,0.5,2020/11/4 00:01,,,0.0,0.0,3.03,-0.9,19.9,21.3,22.3,22.6,24.7,25.5,,,,,
2020-11-05,1017.8,1018.8,1019.9,2020/11/5 09:06,1016.0,2020/11/5 14:29,21.0,23.9,2020/11/5 11:33,18.8,2020/11/5 00:03,17.6,81,71,2020/11/5 12:25,1.7,260,5.7,230,2020/11/5 08:55,3.0,7.9,0.5,2020/11/5 16:45,,,0.0,0.0,3.09,-0.1,20.7,21.6,22.1,22.1,24.5,25.5,,,,,
2020-11-06,1013.7,1014.6,1016.7,2020/11/6 00:01,1011.4,2020/11/6 15:04,24.4,27.5,2020/11/6 13:35,21.4,2020/11/6 00:01,22.0,87,83,2020/11/6 13:52,1.8,140,10.5,140,2020/11/6 23:04,4.5,6.9,1.0,2020/11/6 12:01,,,0.3,2.7,6.22,-0.5,23.6,23.3,23.8,23.4,24.5,25.5,,,,,
2020-11-08,1019.3,1020.2,1021.5,2020/11/8 21:19,1015.9,2020/11/8 00:01,21.0,25.2,2020/11/8 00:01,19.4,2020/11/8 21:09,18.2,84,68,2020/11/8 00:01,1.4,230,6.7,310,2020/11/8 00:05,11.0,14.4,1.0,2020/11/8 19:18,,,0.0,0.0,3.49,-1.1,22.3,23.6,24.5,24.5,25.1,25.5,,,,,
2020-11-09,1020.8,1021.8,1022.3,2020/11/9 20:37,1019.5,2020/11/9 04:44,19.3,20.5,2020/11/9 09:06,18.1,2020/11/9 21:08,16.0,81,74,2020/11/9 16:10,2.1,240,5.7,230,2020/11/9 21:06,1.5,3.1,0.5,2020/11/9 01:07,,,0.0,0.0,2.52,-0.2,20.3,21.7,22.6,22.9,24.6,25.5,,,,,
2020-11-10,1021.8,1022.8,1023.5,2020/11/10 21:45,1020.1,2020/11/10 04:00,18.8,19.6,2020/11/10 10:23,17.9,2020/11/10 02:44,16.1,84,82,2020/11/10 00:13,2.0,250,8.1,240,2020/11/10 22:53,10.5,17.2,1.0,2020/11/10 06:07,,,0.0,0.0,2.11,-1.0,19.7,21.0,21.7,22.0,24.5,25.5,,,,,
2020-11-11,1023.0,1024.0,1024.6,2020/11/11 09:43,1021.9,2020/11/11 03:02,19.8,22.9,2020/11/11 14:44,18.1,2020/11/11 05:22,16.0,79,65,2020/11/11 15:27,2.6,240,9.0,90,2020/11/11 16:11,6.0,6.0,1.0,2020/11/11 20:10,,,0.0,0.0,0.83,-0.1,19.4,20.6,21.2,21.4,24.7,25.0,,,,,
2020-11-12,1020.5,1021.5,1022.9,2020/11/12 00:03,1019.1,2020/11/12 23:53,20.2,21.6,2020/11/12 12:45,19.1,2020/11/12 00:06,18.2,88,86,2020/11/12 15:39,1.5,250,5.1,210,2020/11/12 04:06,79.0,19.7,3.5,2020/11/12 04:01,,,0.0,0.0,1.14,-99.7,19.9,21.0,21.2,21.0,23.5,25.0,,,,,
2020-11-13,1018.7,1019.6,1020.7,2020/11/13 23:37,1016.9,2020/11/13 14:16,21.2,21.9,2020/11/13 10:17,20.4,2020/11/13 00:01,19.7,91,88,2020/11/13 17:02,1.9,240,10.4,50,2020/11/13 17:01,99.0,18.4,8.0,2020/11/13 20:48,,,0.0,0.0,2.14,-99.7,20.5,21.3,21.7,21.3,23.0,24.0,,,,,
2020-11-14,1020.2,1021.2,1021.5,2020/11/14 09:22,1018.7,2020/11/14 02:43,20.2,21.7,2020/11/14 12:50,19.1,2020/11/14 05:26,18.2,88,82,2020/11/14 22:23,1.8,240,6.2,230,2020/11/14 00:54,25.5,10.3,2.5,2020/11/14 09:19,,,0.0,0.0,1.82,-1.5,20.3,21.1,21.7,21.3,23.0,24.0,,,,,
2020-11-15,1019.0,1020.0,1020.6,2020/11/15 09:10,1017.6,2020/11/15 14:08,21.9,25.9,2020/11/15 13:22,18.9,2020/11/15 04:08,18.4,81,69,2020/11/15 13:08,1.5,260,5.8,210,2020/11/15 10:00,0.0,0.0,0.0,,,,0.7,6.4,6.96,1.0,20.8,21.6,22.1,21.5,22.7,23.7,,,,,
2020-11-16,1017.6,1018.5,1019.0,2020/11/16 08:47,1016.1,2020/11/16 14:10,22.1,25.7,2020/11/16 08:51,19.3,2020/11/16 02:25,19.4,85,77,2020/11/16 09:56,1.4,270,5.5,120,2020/11/16 10:54,7.5,7.7,1.0,2020/11/16 16:54,,,0.6,5.5,5.63,-0.2,21.2,21.8,22.4,21.8,23.0,24.0,,,,,
2020-11-17,1015.7,1016.6,1017.3,2020/11/17 00:01,1014.1,2020/11/17 14:19,23.2,26.8,2020/11/17 11:44,21.4,2020/11/17 02:49,21.4,90,59,2020/11/17 14:39,1.3,130,5.3,60,2020/11/17 11:47,1.5,5.6,0.5,2020/11/17 00:46,,,0.2,1.8,5.75,-1.0,22.4,22.8,23.3,22.6,23.5,24.0,,,,,
2020-11-18,1012.9,1013.8,1014.8,2020/11/18 00:01,1011.2,2020/11/18 14:15,24.7,28.8,2020/11/18 12:45,22.5,2020/11/18 06:07,22.7,89,70,2020/11/18 12:43,1.5,120,5.9,140,2020/11/18 13:28,0.0,0.0,0.0,,,,5.0,46.2,12.06,1.6,24.2,24.2,24.5,23.6,24.0,24.0,,,,,
2020-11-19,1011.4,1012.3,1013.1,2020/11/19 08:44,1009.1,2020/11/19 14:56,25.0,29.6,2020/11/19 12:41,20.8,2020/11/19 06:07,22.6,87,66,2020/11/19 11:25,2.0,60,7.2,60,2020/11/19 15:14,0.0,0.0,0.0,,,,9.6,88.9,15.4,3.4,24.5,24.8,25.1,24.5,24.5,25.0,,,,,
2020-11-20,1012.7,1013.6,1014.9,2020/11/20 20:51,1010.6,2020/11/20 00:55,24.9,29.3,2020/11/20 11:25,22.1,2020/11/20 06:14,23.0,89,73,2020/11/20 11:24,2.4,70,10.2,70,2020/11/20 23:17,1.0,4.0,0.5,2020/11/20 20:21,,,4.2,38.9,10.12,-0.9,24.2,25.0,25.5,24.6,25.0,24.5,,,,,
2020-11-21,1015.4,1016.3,1016.6,2020/11/21 08:59,1013.9,2020/11/21 02:35,23.3,24.3,2020/11/21 12:53,22.2,2020/11/21 22:00,22.7,97,91,2020/11/21 00:01,2.7,60,10.3,80,2020/11/21 02:34,32.5,14.7,3.0,2020/11/21 14:03,,,0.0,0.0,2.81,-1.3,23.1,24.4,24.7,24.1,25.0,24.5,,,,,
2020-11-22,1017.1,1018.0,1021.1,2020/11/22 22:34,1014.8,2020/11/22 03:01,24.4,29.1,2020/11/22 12:48,20.8,2020/11/22 05:06,22.3,89,70,2020/11/22 11:09,2.4,80,9.8,90,2020/11/22 23:10,0.0,0.0,0.0,,,,6.9,64.1,13.63,-0.2,24.2,24.7,24.9,24.2,25.0,24.6,,,,,
2020-11-23,1021.0,1021.9,1023.1,2020/11/23 09:02,1019.3,2020/11/23 15:19,21.3,22.6,2020/11/23 14:13,20.6,2020/11/23 08:27,20.3,94,86,2020/11/23 00:54,2.5,80,10.3,90,2020/11/23 01:31,25.5,11.8,2.0,2020/11/23 12:14,,,0.0,0.0,3.28,-0.3,22.0,23.2,24.0,24.0,25.0,24.7,,,,,
2020-11-24,1020.3,1021.2,1022.0,2020/11/24 08:45,1018.8,2020/11/24 14:49,21.3,23.2,2020/11/24 13:50,20.5,2020/11/24 22:51,20.2,94,80,2020/11/24 14:28,1.3,270,6.4,60,2020/11/24 15:58,19.0,16.8,1.0,2020/11/24 00:56,,,0.0,0.0,0.74,-0.4,21.5,22.3,23.0,23.0,24.5,25.0,,,,,
2020-11-25,1018.9,1019.8,1020.4,2020/11/25 08:56,1016.9,2020/11/25 14:10,22.8,26.2,2020/11/25 10:32,20.6,2020/11/25 00:01,20.9,90,72,2020/11/25 09:10,1.1,260,5.2,120,2020/11/25 15:07,2.5,3.6,1.0,2020/11/25 12:03,,,2.2,20.5,7.33,-1.3,22.3,22.9,23.3,22.6,24.1,24.6,,,,,
2020-11-26,1019.2,1020.1,1021.0,2020/11/26 21:32,1017.3,2020/11/26 13:54,23.3,28.0,2020/11/26 12:29,20.3,2020/11/26 05:52,20.6,86,62,2020/11/26 15:21,1.3,290,6.1,120,2020/11/26 12:38,0.0,0.0,0.0,,,,5.8,54.2,12.81,-1.0,23.2,23.6,24.1,23.3,24.5,24.7,,,,,
2020-11-27,1021.1,1022.0,1022.8,2020/11/27 21:32,1019.2,2020/11/27 03:09,21.3,24.6,2020/11/27 12:31,19.9,2020/11/27 22:23,19.6,90,77,2020/11/27 12:54,2.1,80,8.7,70,2020/11/27 12:55,7.0,8.1,2.0,2020/11/27 19:52,,,0.2,1.9,4.47,-1.2,21.7,22.7,23.5,23.4,24.5,24.5,,,,,
2020-11-28,1022.0,1023.0,1023.9,2020/11/28 10:04,1020.6,2020/11/28 15:19,19.8,21.8,2020/11/28 12:39,18.2,2020/11/28 22:58,18.2,91,79,2020/11/28 12:58,2.2,80,9.0,100,2020/11/28 12:57,21.0,15.0,4.0,2020/11/28 10:05,,,0.0,0.0,2.89,-0.1,20.4,21.5,22.3,22.4,24.5,24.7,,,,,
2020-11-29,1022.7,1023.7,1024.6,2020/11/29 21:39,1021.1,2020/11/29 03:12,18.4,20.0,2020/11/29 13:26,17.6,2020/11/29 20:35,17.2,93,81,2020/11/29 14:46,2.1,70,8.5,70,2020/11/29 12:04,24.5,17.8,1.5,2020/11/29 19:13,,,0.0,0.0,3.6,-99.7,19.5,20.5,21.3,21.6,23.5,24.5,,,,,
2020-11-30,1023.7,1024.7,1025.5,2020/11/30 09:16,1021.9,2020/11/30 15:37,17.9,18.9,2020/11/30 13:18,17.5,2020/11/30 04:22,16.9,94,87,2020/11/30 13:17,2.1,50,8.4,60,2020/11/30 10:26,94.5,21.7,6.0,2020/11/30 08:46,,,0.0,0.0,2.5,-99.7,18.8,19.7,20.2,20.4,23.0,24.4,,,,,
2020-12-01,1021.8,1022.8,1024.1,2020/12/1 08:26,1020.0,2020/12/1 14:56,18.9,20.5,2020/12/1 12:54,17.7,2020/12/1 00:02,17.6,92,83,2020/12/1 12:54,2.2,240,11.3,110,2020/12/1 12:31,73.0,18.9,4.5,2020/12/1 10:22,,,0.0,0.0,0.14,-0.1,18.3,19.2,19.7,19.8,22.9,24.0,,,,,
2020-12-02,1020.3,1021.3,1022.4,2020/12/2 20:23,1018.8,2020/12/2 13:39,19.7,22.1,2020/12/2 12:58,17.4,2020/12/2 21:22,16.5,82,71,2020/12/2 13:38,2.9,60,10.2,70,2020/12/2 10:25,2.5,1.8,1.0,2020/12/2 08:59,,,0.0,0.0,3.31,-1.0,18.7,19.3,19.7,19.6,21.5,22.8,,,,,
2020-12-03,1021.8,1022.8,1023.1,2020/12/3 19:58,1020.5,2020/12/3 02:40,17.0,18.4,2020/12/3 12:15,16.0,2020/12/3 23:51,15.2,89,77,2020/12/3 12:26,1.6,240,5.5,230,2020/12/3 11:30,3.0,14.2,0.5,2020/12/3 05:07,,,0.0,0.0,1.31,-0.1,17.9,18.8,19.4,19.4,21.5,23.0,,,,,
2020-12-04,1021.4,1022.4,1022.8,2020/12/4 21:38,1019.8,2020/12/4 13:34,17.0,19.0,2020/12/4 13:37,15.8,2020/12/4 01:57,15.5,91,82,2020/12/4 13:49,1.7,280,7.4,60,2020/12/4 18:10,17.5,18.1,1.0,2020/12/4 05:17,,,0.0,0.0,3.81,-0.1,17.9,18.6,19.3,19.2,21.0,22.7,,,,,
2020-12-05,1021.6,1022.6,1023.6,2020/12/5 09:07,1019.8,2020/12/5 14:01,17.7,20.3,2020/12/5 13:19,16.0,2020/12/5 03:02,16.1,91,81,2020/12/5 13:31,1.6,260,6.9,90,2020/12/5 17:22,13.5,15.3,1.0,2020/12/5 00:01,,,0.0,0.0,4.3,-99.7,18.0,18.8,19.3,19.1,21.0,22.4,,,,,
2020-12-06,1020.1,1021.1,1021.5,2020/12/6 08:51,1018.4,2020/12/6 15:06,18.8,20.0,2020/12/6 12:16,17.6,2020/12/6 00:01,18.1,95,91,2020/12/6 14:50,1.5,250,6.8,70,2020/12/6 13:16,81.0,21.1,2.5,2020/12/6 10:29,,,0.0,0.0,2.48,-0.1,18.5,18.9,19.5,19.2,21.0,22.3,,,,,
2020-12-07,1019.8,1020.8,1021.3,2020/12/7 08:41,1018.1,2020/12/7 14:03,20.2,21.9,2020/12/7 13:17,19.2,2020/12/7 02:45,19.4,95,91,2020/12/7 16:41,1.5,240,6.3,240,2020/12/7 02:43,27.0,20.3,1.0,2020/12/7 00:28,,,0.0,0.0,3.81,-0.6,19.5,20.1,20.6,19.7,20.8,22.0,,,,,
2020-12-08,1019.9,1020.9,1021.6,2020/12/8 09:20,1017.9,2020/12/8 14:19,19.1,20.5,2020/12/8 12:28,18.0,2020/12/8 23:15,18.0,93,86,2020/12/8 13:19,1.1,250,5.0,60,2020/12/8 11:14,9.0,14.5,0.5,2020/12/8 00:10,,,0.0,0.0,4.24,-0.1,19.4,20.2,20.9,20.1,21.5,22.0,,,,,
2020-12-09,1017.6,1018.6,1020.4,2020/12/9 09:00,1015.2,2020/12/9 23:52,19.0,20.0,2020/12/9 15:17,17.7,2020/12/9 06:29,18.0,94,92,2020/12/9 03:09,1.4,240,5.5,240,2020/12/9 11:17,27.0,14.2,2.0,2020/12/9 06:20,,,0.0,0.0,2.87,-0.8,19.2,19.7,20.4,19.9,21.1,21.8,,,,,
2020-12-10,1015.7,1016.6,1017.2,2020/12/10 20:25,1014.1,2020/12/10 14:40,20.6,22.2,2020/12/10 13:06,19.4,2020/12/10 00:51,19.8,95,92,2020/12/10 11:07,1.0,230,5.2,250,2020/12/10 23:54,12.0,12.8,1.0,2020/12/10 01:32,,,0.0,0.0,4.51,-0.1,20.0,20.5,21.1,20.3,21.5,22.0,,,,,
2020-12-11,1014.8,1015.7,1016.6,2020/12/11 08:43,1012.4,2020/12/11 14:53,21.0,23.4,2020/12/11 12:02,20.0,2020/12/11 06:30,19.9,94,83,2020/12/11 12:22,0.9,250,4.3,100,2020/12/11 23:18,11.0,15.0,1.0,2020/12/11 03:08,,,0.0,0.0,4.38,-0.2,20.5,21.0,21.7,20.9,21.9,22.0,,,,,
2020-12-12,1015.2,1016.1,1017.0,2020/12/12 09:17,1013.6,2020/12/12 14:49,19.3,21.1,2020/12/12 08:58,17.4,2020/12/12 23:56,17.7,90,82,2020/12/12 09:10,1.2,240,4.6,240,2020/12/12 17:16,1.5,10.1,0.5,2020/12/12 10:34,,,0.0,0.0,1.45,-0.9,19.7,20.7,21.4,20.8,22.0,22.1,,,,,
2020-12-13,1015.0,1016.0,1016.7,2020/12/13 08:22,1013.3,2020/12/13 14:29,19.8,24.5,2020/12/13 12:42,17.2,2020/12/13 01:05,16.8,84,64,2020/12/13 10:54,1.5,290,4.1,130,2020/12/13 11:58,0.5,0.0,0.5,2020/12/13 00:36,,,1.3,12.3,7.62,-1.3,20.0,20.6,21.1,20.5,21.7,22.0,,,,,
2020-12-14,1019.4,1020.4,1022.5,2020/12/14 22:02,1015.3,2020/12/14 02:15,18.3,19.9,2020/12/14 11:42,16.3,2020/12/14 23:34,16.1,88,76,2020/12/14 11:56,2.3,90,9.7,110,2020/12/14 13:03,28.5,7.4,6.5,2020/12/14 03:29,,,0.0,0.0,3.48,-0.1,18.8,19.9,20.5,20.2,22.0,22.2,,,,,
2020-12-15,1022.9,1023.9,1025.0,2020/12/15 09:23,1020.9,2020/12/15 14:23,16.2,17.8,2020/12/15 14:23,15.4,2020/12/15 05:32,14.8,91,83,2020/12/15 15:20,1.3,250,6.9,70,2020/12/15 16:11,23.5,17.1,2.5,2020/12/15 23:37,,,0.0,0.0,4.06,-0.1,17.6,18.4,19.0,19.6,21.5,22.5,,,,,
2020-12-16,1023.8,1024.8,1025.6,2020/12/16 09:32,1022.5,2020/12/16 02:07,15.7,16.3,2020/12/16 11:00,15.1,2020/12/16 20:25,14.5,93,88,2020/12/16 18:01,2.0,50,8.4,60,2020/12/16 09:01,53.0,20.0,2.0,2020/12/16 19:36,,,0.0,0.0,0.69,-0.2,16.5,17.2,18.1,18.4,20.7,22.0,,,,,
2020-12-17,1022.2,1023.2,1024.9,2020/12/17 09:21,1019.8,2020/12/17 23:04,15.9,17.7,2020/12/17 14:38,14.6,2020/12/17 04:19,14.8,93,87,2020/12/17 15:01,1.2,240,5.9,240,2020/12/17 05:22,41.0,16.1,1.5,2020/12/17 07:14,,,0.3,2.8,3.73,-0.1,16.3,17.3,17.6,17.8,19.8,21.5,,,,,
2020-12-18,1019.3,1020.2,1021.2,2020/12/18 23:57,1017.2,2020/12/18 14:17,19.6,25.4,2020/12/18 12:03,15.5,2020/12/18 06:31,17.3,87,61,2020/12/18 10:59,1.6,260,8.5,90,2020/12/18 14:24,9.5,7.4,1.0,2020/12/18 17:15,,,6.1,57.8,11.97,-1.6,19.3,19.4,19.5,18.6,19.5,21.5,,,,,
2020-12-19,1023.8,1024.8,1025.5,2020/12/19 09:15,1020.8,2020/12/19 00:07,17.3,19.1,2020/12/19 00:01,15.7,2020/12/19 23:06,15.3,88,77,2020/12/19 12:10,2.1,90,8.1,80,2020/12/19 16:00,4.5,13.2,0.5,2020/12/19 00:01,,,0.0,0.0,3.45,-0.1,17.8,19.2,19.6,19.3,20.5,21.2,,,,,
2020-12-20,1024.7,1025.7,1026.2,2020/12/20 08:41,1023.2,2020/12/20 14:16,16.1,18.0,2020/12/20 12:45,14.9,2020/12/20 23:52,14.0,88,77,2020/12/20 15:30,2.9,70,9.8,60,2020/12/20 11:40,14.5,12.9,1.5,2020/12/20 06:10,,,0.0,0.0,3.45,-0.1,16.8,17.8,18.4,18.6,20.5,21.1,,,,,
2020-12-21,1023.4,1024.4,1025.6,2020/12/21 08:55,1021.7,2020/12/21 14:41,15.6,16.7,2020/12/21 12:55,14.8,2020/12/21 06:21,14.3,92,85,2020/12/21 13:26,1.8,240,7.2,50,2020/12/21 04:08,69.0,22.0,2.0,2020/12/21 00:58,,,0.0,0.0,3.09,-0.3,16.2,17.1,17.6,18.0,19.7,21.0,,,,,
2020-12-22,1020.0,1021.0,1022.5,2020/12/22 08:24,1017.4,2020/12/22 15:02,17.9,20.8,2020/12/22 14:29,16.0,2020/12/22 03:05,16.8,93,85,2020/12/22 14:55,1.4,240,6.1,150,2020/12/22 23:23,23.5,16.2,1.0,2020/12/22 00:01,,,0.3,2.8,4.05,-0.1,17.4,17.7,18.2,17.8,19.0,20.7,,,,,
2020-12-23,1015.6,1016.5,1018.7,2020/12/23 00:01,1012.8,2020/12/23 23:56,19.3,20.9,2020/12/23 11:51,18.1,2020/12/23 08:10,18.1,93,86,2020/12/23 11:30,1.3,320,5.4,310,2020/12/23 05:58,7.0,12.7,1.0,2020/12/23 07:46,,,0.0,0.0,2.71,-0.1,18.4,18.9,19.3,19.0,19.6,20.5,,,,,
2020-12-24,1014.8,1015.7,1018.4,2020/12/24 21:44,1011.6,2020/12/24 02:52,19.8,23.7,2020/12/24 10:45,17.9,2020/12/24 23:52,16.1,80,69,2020/12/24 13:48,2.6,30,9.1,20,2020/12/24 13:51,0.5,0.8,0.5,2020/12/24 03:33,,,0.9,8.5,6.56,-0.7,18.8,19.6,19.9,19.2,20.0,20.6,,,,,
2020-12-25,1019.8,1020.8,1021.4,2020/12/25 09:52,1017.7,2020/12/25 01:46,16.3,18.0,2020/12/25 00:01,15.4,2020/12/25 19:08,14.7,90,78,2020/12/25 00:01,1.3,260,4.5,240,2020/12/25 17:26,7.0,17.1,0.5,2020/12/25 04:34,,,0.0,0.0,0.15,-0.3,17.1,18.2,18.8,18.7,20.2,20.5,,,,,
2020-12-26,1017.5,1018.5,1020.1,2020/12/26 08:58,1015.0,2020/12/26 15:14,18.7,24.1,2020/12/26 12:04,14.7,2020/12/26 06:08,15.9,84,69,2020/12/26 09:45,1.5,290,5.3,110,2020/12/26 12:23,0.0,0.0,0.0,,,,6.8,64.4,12.15,2.8,18.6,19.1,19.3,18.6,19.9,20.5,,,,,
2020-12-27,1015.6,1016.5,1017.6,2020/12/27 22:09,1013.8,2020/12/27 15:10,19.6,25.7,2020/12/27 11:35,14.9,2020/12/27 06:56,15.9,80,51,2020/12/27 11:34,1.4,300,4.7,110,2020/12/27 11:45,-9.8,0.5,-9.8,2020/12/27 20:10,,,4.1,38.8,8.73,-0.3,18.6,18.9,19.5,18.9,20.0,20.7,,,,,
2020-12-28,1016.3,1017.3,1018.8,2020/12/28 08:29,1013.9,2020/12/28 23:57,18.7,19.7,2020/12/28 15:57,18.0,2020/12/28 07:43,16.2,85,75,2020/12/28 03:46,1.6,280,6.6,210,2020/12/28 07:23,2.0,4.7,0.5,2020/12/28 05:48,,,0.0,0.0,0.0,-1.6,18.2,19.0,19.6,19.2,20.5,20.9,,,,,
2020-12-29,1012.8,1013.7,1014.8,2020/12/29 23:59,1010.5,2020/12/29 14:48,21.0,26.6,2020/12/29 12:42,17.6,2020/12/29 06:45,17.6,82,62,2020/12/29 12:39,1.4,120,5.7,130,2020/12/29 12:49,0.0,0.0,0.0,,,,4.8,45.4,11.02,-1.0,20.1,20.4,20.7,19.6,20.5,21.0,,,,,
2020-12-30,1024.3,1025.3,1028.8,2020/12/30 23:50,1014.7,2020/12/30 00:01,13.4,19.8,2020/12/30 00:49,10.4,2020/12/30 23:51,7.2,66,56,2020/12/30 23:32,4.0,40,14.5,90,2020/12/30 01:27,0.5,0.1,0.5,2020/12/30 01:22,,,0.0,0.0,1.34,1.3,15.2,17.3,18.3,18.9,20.5,20.7,,,,,
2020-12-31,1028.3,1029.3,1030.5,2020/12/31 09:21,1026.2,2020/12/31 14:39,9.9,10.8,2020/12/31 20:30,8.3,2020/12/31 07:21,3.8,66,54,2020/12/31 01:19,2.6,270,8.3,50,2020/12/31 04:35,0.0,0.0,0.0,,,,0.0,0.0,0.53,0.8,12.2,12.9,14.6,16.3,19.5,20.7,,,,,
2021-01-01,1024.6,1025.6,1027.3,2021/1/1 00:01,1022.0,2021/1/1 14:52,12.3,14.7,2021/1/1 14:05,9.9,2021/1/1 03:45,7.4,72,57,2021/1/1 13:40,1.9,220,5.9,240,2021/1/1 01:19,-9.8,3.1,-9.8,2021/1/1 20:05,-9.8,2021/1/1 20:05,0.0,0.0,4.52,-0.3,12.8,13.6,14.1,16.0,16.9,19.8,,,,,
2021-01-02,1023.6,1024.6,1025.0,2021/1/2 09:14,1022.4,2021/1/2 14:00,13.1,13.7,2021/1/2 08:00,12.5,2021/1/2 00:01,11.4,90,76,2021/1/2 06:43,1.9,230,6.3,220,2021/1/2 03:29,0.5,15.5,0.5,2021/1/2 16:49,0.5,2021/1/2 16:49,0.0,0.0,1.78,-0.2,13.7,14.4,14.7,16.0,16.6,19.4,,,,,
2021-01-03,1022.1,1023.1,1024.2,2021/1/3 07:21,1020.0,2021/1/3 14:03,16.4,20.3,2021/1/3 11:44,13.6,2021/1/3 00:01,14.1,87,65,2021/1/3 11:32,1.5,240,5.9,230,2021/1/3 05:53,-9.8,4.6,-9.8,2021/1/3 00:01,-9.8,2021/1/3 00:01,0.8,7.5,7.54,-0.9,15.5,15.8,15.8,16.2,16.6,19.2,,,,,
2021-01-04,1019.2,1020.2,1021.9,2021/1/4 09:08,1016.8,2021/1/4 23:52,17.9,21.8,2021/1/4 13:52,14.7,2021/1/4 00:29,16.3,90,74,2021/1/4 04:15,1.2,290,6.5,40,2021/1/4 14:21,0.5,1.7,0.5,2021/1/4 11:36,0.5,2021/1/4 11:05,1.1,10.4,8.68,-0.1,17.1,17.1,17.0,17.1,17.0,19.0,,,,,
2021-01-05,1019.6,1020.6,1022.0,2021/1/5 20:42,1016.7,2021/1/5 00:03,17.6,20.9,2021/1/5 02:30,15.0,2021/1/5 22:58,15.4,88,70,2021/1/5 02:30,2.1,60,8.7,30,2021/1/5 02:25,0.5,7.8,0.5,2021/1/5 20:12,0.5,2021/1/5 20:12,0.0,0.0,4.65,-0.2,17.5,17.9,17.9,17.9,17.6,19.0,,,,,
2021-01-06,1020.1,1021.1,1022.8,2021/1/6 08:18,1017.2,2021/1/6 14:48,14.6,15.3,2021/1/6 10:26,14.0,2021/1/6 06:52,13.9,96,89,2021/1/6 10:20,1.5,240,5.7,220,2021/1/6 05:13,18.5,20.3,2.5,2021/1/6 08:09,3.5,2021/1/6 06:01,0.0,0.0,2.27,-0.3,15.9,16.5,16.9,17.7,17.6,19.0,,,,,
2021-01-07,1022.5,1023.5,1025.5,2021/1/7 22:43,1019.5,2021/1/7 02:53,12.7,14.2,2021/1/7 00:01,10.0,2021/1/7 22:48,10.8,88,74,2021/1/7 14:38,1.9,40,8.7,70,2021/1/7 09:44,2.5,15.0,0.5,2021/1/7 03:13,1.0,2021/1/7 03:10,0.0,0.0,2.72,-0.2,14.7,15.5,16.0,17.1,17.3,19.1,,,,,
2021-01-08,1025.7,1026.7,1027.3,2021/1/8 20:53,1023.9,2021/1/8 13:28,8.2,10.3,2021/1/8 00:01,7.0,2021/1/8 18:17,5.6,83,72,2021/1/8 15:46,1.5,280,8.8,10,2021/1/8 16:43,2.5,13.8,0.5,2021/1/8 02:06,1.0,2021/1/8 17:02,0.0,0.0,0.95,-0.1,11.7,13.0,13.9,16.1,16.7,19.0,,,,,
2021-01-09,1026.1,1027.1,1027.6,2021/1/9 08:59,1023.8,2021/1/9 14:15,8.8,10.2,2021/1/9 09:39,7.9,2021/1/9 01:45,3.4,69,58,2021/1/9 10:31,1.9,340,6.4,360,2021/1/9 11:14,0.0,0.0,0.0,,0.0,,0.1,0.9,3.54,0.9,10.6,11.9,12.6,14.8,15.7,18.8,,,,,
2021-01-10,1024.4,1025.4,1026.7,2021/1/10 00:51,1021.9,2021/1/10 14:35,11.4,14.8,2021/1/10 12:26,9.0,2021/1/10 00:40,7.5,78,57,2021/1/10 09:35,1.5,230,5.2,240,2021/1/10 06:07,2.5,7.6,0.5,2021/1/10 16:16,1.0,2021/1/10 16:16,0.8,7.5,5.1,-0.1,11.9,12.5,12.9,14.4,15.2,18.5,,,,,
2021-01-11,1023.2,1024.2,1025.0,2021/1/11 08:29,1021.1,2021/1/11 14:46,11.5,12.9,2021/1/11 12:59,9.8,2021/1/11 23:15,10.3,92,78,2021/1/11 17:48,1.4,240,6.5,360,2021/1/11 17:47,8.5,23.5,0.5,2021/1/11 01:09,1.0,2021/1/11 02:36,0.0,0.0,2.12,-0.1,12.6,13.1,13.4,14.6,15.1,18.1,,,,,
2021-01-12,1022.4,1023.4,1024.3,2021/1/12 09:23,1020.4,2021/1/12 14:51,10.4,14.0,2021/1/12 14:22,7.5,2021/1/12 20:50,5.4,72,50,2021/1/12 14:09,2.0,330,7.8,340,2021/1/12 13:34,-9.8,3.4,-9.8,2021/1/12 01:01,-9.8,2021/1/12 01:01,3.4,31.8,8.29,0.3,11.4,12.4,12.9,14.4,15.0,17.9,,,,,
2021-01-13,1019.7,1020.7,1021.7,2021/1/13 08:35,1016.8,2021/1/13 14:35,12.5,17.0,2021/1/13 14:38,7.0,2021/1/13 05:17,7.4,72,50,2021/1/13 11:55,1.8,270,5.4,60,2021/1/13 13:19,0.0,0.0,0.0,,0.0,,9.8,91.6,16.68,2.3,12.1,12.6,12.9,14.1,14.7,17.7,,,,,
2021-01-14,1017.8,1018.8,1019.8,2021/1/14 00:08,1015.8,2021/1/14 14:11,15.0,20.4,2021/1/14 12:59,9.9,2021/1/14 06:30,9.7,72,48,2021/1/14 14:20,1.9,230,7.0,60,2021/1/14 13:05,0.0,0.0,0.0,,0.0,,8.8,82.2,16.59,3.5,14.0,14.3,14.3,14.7,15.0,17.5,,,,,
2021-01-15,1015.5,1016.4,1017.0,2021/1/15 00:01,1013.0,2021/1/15 14:59,16.9,22.5,2021/1/15 12:35,11.9,2021/1/15 05:24,11.5,72,48,2021/1/15 09:53,1.8,240,5.0,220,2021/1/15 02:13,0.0,0.0,0.0,,0.0,,10.2,95.1,16.4,-1.1,15.2,15.4,15.3,15.5,15.5,17.4,,,,,
2021-01-16,1018.7,1019.7,1023.0,2021/1/16 23:45,1016.4,2021/1/16 00:01,17.2,22.5,2021/1/16 11:56,14.1,2021/1/16 23:06,13.3,79,54,2021/1/16 10:59,3.3,40,15.1,40,2021/1/16 15:54,3.0,6.0,0.5,2021/1/16 19:59,1.5,2021/1/16 22:42,6.8,63.3,14.21,-2.5,16.1,16.4,16.3,16.2,15.9,17.5,,,,,
2021-01-17,1025.5,1026.5,1027.5,2021/1/17 09:40,1022.9,2021/1/17 00:04,13.2,14.3,2021/1/17 00:51,12.0,2021/1/17 19:25,11.3,88,77,2021/1/17 15:44,1.7,230,5.4,30,2021/1/17 05:38,0.5,4.9,0.5,2021/1/17 05:43,0.5,2021/1/17 05:43,0.0,0.0,1.19,-0.8,14.4,15.2,15.5,16.3,16.2,17.6,,,,,
2021-01-18,1023.6,1024.6,1025.4,2021/1/18 01:01,1021.3,2021/1/18 14:38,13.2,15.0,2021/1/18 11:32,11.7,2021/1/18 03:19,9.4,78,61,2021/1/18 11:29,1.5,260,4.7,220,2021/1/18 01:33,-9.8,3.7,-9.8,2021/1/18 00:01,-9.8,2021/1/18 00:01,0.0,0.0,2.54,-0.1,13.5,14.2,14.6,15.6,15.8,17.7,,,,,
2021-01-19,1022.1,1023.1,1023.7,2021/1/19 09:02,1020.7,2021/1/19 14:15,14.5,16.5,2021/1/19 13:47,12.7,2021/1/19 00:01,12.3,86,73,2021/1/19 10:46,1.0,240,4.4,250,2021/1/19 10:58,-9.8,7.0,-9.8,2021/1/19 05:35,-9.8,2021/1/19 05:35,0.0,0.0,1.94,-0.2,14.2,14.6,14.7,15.4,15.6,17.6,,,,,
2021-01-20,1019.7,1020.7,1021.6,2021/1/20 08:53,1018.0,2021/1/20 23:58,16.8,19.2,2021/1/20 12:27,14.1,2021/1/20 06:34,15.5,92,83,2021/1/20 13:37,1.0,260,3.8,300,2021/1/20 16:30,0.5,8.4,0.5,2021/1/20 06:46,0.5,2021/1/20 06:46,0.2,1.9,4.61,-0.1,15.7,15.8,15.7,15.8,15.7,17.6,,,,,
2021-01-21,1016.0,1016.9,1018.3,2021/1/21 08:48,1013.8,2021/1/21 15:28,20.2,25.2,2021/1/21 12:42,16.3,2021/1/21 02:45,18.0,88,66,2021/1/21 12:11,1.6,220,5.5,100,2021/1/21 13:22,0.0,0.0,0.0,,0.0,,2.1,19.4,10.5,-0.7,17.9,17.7,17.4,16.6,16.2,17.6,,,,,
2021-01-22,1011.6,1012.5,1014.3,2021/1/22 00:01,1009.1,2021/1/22 14:32,20.8,23.4,2021/1/22 11:22,19.3,2021/1/22 04:50,19.8,95,83,2021/1/22 13:01,1.6,40,7.8,60,2021/1/22 14:48,4.5,9.4,0.5,2021/1/22 07:59,1.5,2021/1/22 08:37,0.1,0.9,7.32,-0.4,19.4,19.3,18.9,17.9,17.1,17.7,,,,,
2021-01-23,1012.2,1013.1,1017.2,2021/1/23 23:59,1009.6,2021/1/23 02:31,20.8,25.0,2021/1/23 12:48,18.1,2021/1/23 06:29,18.1,85,66,2021/1/23 13:06,2.2,40,8.8,80,2021/1/23 15:25,-9.8,2.4,-9.8,2021/1/23 00:01,-9.8,2021/1/23 00:01,3.9,36.0,12.07,-3.4,19.7,19.7,19.5,18.6,17.9,17.9,,,,,
2021-01-24,1018.7,1019.7,1020.5,2021/1/24 09:29,1017.1,2021/1/24 14:48,17.4,19.2,2021/1/24 00:01,15.4,2021/1/24 21:49,13.7,79,70,2021/1/24 14:05,2.6,50,9.5,50,2021/1/24 01:52,0.5,1.5,0.5,2021/1/24 11:43,0.5,2021/1/24 11:43,0.0,0.0,2.62,-1.6,17.5,18.2,18.5,18.7,18.2,18.3,,,,,
2021-01-25,1017.9,1018.8,1019.6,2021/1/25 07:33,1015.9,2021/1/25 15:01,18.2,22.2,2021/1/25 13:26,15.9,2021/1/25 01:27,14.0,77,59,2021/1/25 10:19,1.3,280,4.7,120,2021/1/25 13:36,0.0,0.0,0.0,,0.0,,3.6,33.1,11.54,2.3,17.9,18.1,18.1,18.2,18.0,18.5,,,,,
2021-01-26,1016.4,1017.3,1017.8,2021/1/26 23:05,1014.5,2021/1/26 14:40,18.7,23.5,2021/1/26 13:03,13.7,2021/1/26 05:20,14.9,79,62,2021/1/26 15:22,1.5,280,8.4,40,2021/1/26 13:52,0.5,0.0,0.5,2021/1/26 22:36,0.5,2021/1/26 22:36,7.7,70.7,14.7,-0.8,17.9,18.3,18.2,18.3,18.0,18.7,,,,,
2021-01-27,1017.7,1018.7,1019.5,2021/1/27 09:38,1015.7,2021/1/27 14:51,17.6,19.0,2021/1/27 11:59,16.7,2021/1/27 21:42,16.0,90,79,2021/1/27 10:29,1.9,220,6.7,50,2021/1/27 11:04,0.5,5.3,0.5,2021/1/27 00:37,0.5,2021/1/27 00:37,0.0,0.0,2.26,-0.1,17.8,18.3,18.5,18.6,18.3,18.8,,,,,
2021-01-28,1020.6,1021.6,1025.3,2021/1/28 23:39,1017.6,2021/1/28 03:47,16.7,21.6,2021/1/28 11:20,14.5,2021/1/28 21:21,12.3,76,60,2021/1/28 23:50,2.6,10,12.5,30,2021/1/28 13:17,-9.8,1.2,-9.8,2021/1/28 20:15,-9.8,2021/1/28 20:15,2.6,23.8,7.24,-1.2,16.8,17.7,17.9,18.3,18.1,18.9,,,,,
2021-01-29,1025.2,1026.2,1027.0,2021/1/29 09:04,1023.8,2021/1/29 14:28,14.3,15.2,2021/1/29 12:19,13.1,2021/1/29 22:02,7.5,64,53,2021/1/29 10:57,2.2,20,7.7,40,2021/1/29 14:05,0.0,0.0,0.0,,0.0,,0.0,0.0,1.81,-2.2,14.5,15.6,16.2,17.6,17.8,18.9,,,,,
2021-01-30,1023.7,1024.7,1025.2,2021/1/30 08:57,1021.6,2021/1/30 14:07,16.4,20.5,2021/1/30 13:46,12.8,2021/1/30 05:24,11.3,73,54,2021/1/30 13:29,1.7,140,8.4,130,2021/1/30 15:03,-9.8,0.3,-9.8,2021/1/30 02:49,-9.8,2021/1/30 02:49,4.9,44.7,12.45,2.5,15.8,16.2,16.3,17.0,17.2,18.9,,,,,
2021-01-31,1021.8,1022.8,1024.0,2021/1/31 08:44,1019.5,2021/1/31 14:47,18.1,23.3,2021/1/31 12:49,13.5,2021/1/31 05:06,12.7,72,51,2021/1/31 11:32,2.2,250,11.2,120,2021/1/31 13:30,0.0,0.0,0.0,,0.0,,9.5,86.6,16.9,1.8,16.6,17.0,16.9,17.3,17.3,18.7,,,,,
