日期,價格(元/公斤),上價_lag1,上價_lag7,上價_lag14,上價_ma3,上價_ma7,中價_lag1,中價_lag7,中價_lag14,中價_ma3,中價_ma7,下價_lag1,下價_lag7,下價_lag14,下價_ma3,下價_ma7,價格區間_lag1,價格區間_lag7,價格區間_lag14,價格區間_ma3,價格區間_ma7,交易量(公斤)_lag1,交易量(公斤)_lag7,交易量(公斤)_lag14,交易量(公斤)_ma3,交易量(公斤)_ma7,價格(元/公斤)_lag1,價格(元/公斤)_lag7,價格(元/公斤)_lag14
108/11/01,19.275714285714287,,,,,,,,,,,,,,,,,,,,,,,,,,,,
108/11/02,21.14846153846154,28.97142857142857,,,,,18.61428571428572,,,,,13.19285714285714,,,,,15.77857142857143,,,,,1689.428571428571,,,,,19.275714285714287,,
108/11/03,23.07166666666667,28.36923076923077,,,,,21.430769230769236,,,,,13.907692307692308,,,,,14.461538461538463,,,,,1407.8461538461538,,,,,21.14846153846154,,
108/11/04,16.4,31.0,,,29.44688644688645,,23.633333333333336,,,21.226129426129432,,14.675,,,13.92518315018315,,16.325000000000003,,,15.521703296703299,,900.1666666666666,,,1332.4804639804638,,23.07166666666667,,
108/11/05,20.764285714285712,22.4,,,27.25641025641026,,17.25,,,20.771367521367523,,10.0,,,12.860897435897437,,12.4,,,14.39551282051282,,4579.0,,,2295.67094017094,,16.4,,
108/11/06,20.91333333333333,29.692857142857143,,,27.697619047619046,,21.02142857142857,,,20.634920634920636,,14.478571428571428,,,13.051190476190476,,15.214285714285715,,,14.646428571428572,,1708.928571428571,,,2396.0317460317456,,20.764285714285712,,
108/11/07,20.985714285714288,29.8,,,27.297619047619047,,21.14,,,19.803809523809523,,14.553333333333336,,,13.01063492063492,,15.246666666666666,,,14.286984126984128,,1721.1333333333334,,,2669.6873015873016,,20.91333333333333,,
108/11/08,21.12142857142857,29.164285714285715,28.97142857142857,,29.552380952380954,28.485400313971745,21.764285714285712,18.61428571428572,,21.30857142857143,20.69344322344322,14.064285714285717,13.19285714285714,,14.365396825396827,13.553105703819991,15.1,15.77857142857143,,15.186984126984129,14.932294610151754,1371.2142857142858,1689.428571428571,,1600.4253968253968,1911.1025117739403,20.985714285714288,19.275714285714287,
108/11/09,24.092857142857145,28.957142857142856,28.36923076923077,,29.30714285714286,28.483359497645214,21.092857142857145,21.430769230769236,,21.332380952380955,21.047524856096285,15.585714285714284,13.907692307692308,,14.734444444444444,13.894942438513867,13.37142857142857,14.461538461538463,,14.572698412698413,14.588417059131347,1472.0,1407.8461538461538,,1521.4492063492064,1880.0412872841443,21.12142857142857,21.14846153846154,
108/11/10,25.745,33.285714285714285,31.0,,30.46904761904762,29.185714285714287,24.442857142857143,23.633333333333336,,22.433333333333334,21.4778231292517,16.0,14.675,,15.216666666666669,14.193843537414965,17.285714285714285,16.325000000000003,,15.252380952380951,14.99187074829932,1408.428571428571,900.1666666666666,,1417.2142857142856,1880.1244897959182,24.092857142857145,23.07166666666667,
108/11/11,24.6,34.9,22.4,,32.38095238095238,29.742857142857144,26.21666666666667,17.25,,23.91746031746032,21.84687074829932,16.941666666666666,10.0,,16.17579365079365,14.517653061224491,17.958333333333332,12.4,,16.20515873015873,15.225204081632652,960.3333333333334,4579.0,,1280.253968253968,1888.7197278911565,25.745,16.4,
108/11/12,29.025384615384613,35.0,29.692857142857143,,34.39523809523809,31.542857142857144,24.35,21.02142857142857,,25.003174603174603,22.861156462585033,15.0,14.478571428571428,,15.980555555555554,15.231938775510205,20.0,15.214285714285715,,18.41468253968254,16.310918367346936,2339.5,1708.928571428571,,1569.420634920635,1568.791156462585,24.6,20.764285714285712,
108/11/13,30.071538461538463,40.63076923076923,29.8,,36.843589743589746,33.10541601255887,29.83076923076923,21.14,,26.799145299145298,24.119633699633702,19.17692307692308,14.553333333333336,,17.03952991452992,15.903131868131869,21.453846153846158,15.246666666666666,,19.804059829059828,17.202284144427,1338.5384615384614,1721.1333333333334,,1546.1239316239316,1515.8782836211406,29.025384615384613,20.91333333333333,
108/11/14,29.6,40.83846153846154,29.164285714285715,,38.82307692307692,34.68233908948194,30.07692307692308,21.764285714285712,,28.085897435897436,25.396336996337,21.93846153846154,14.064285714285717,,18.705128205128208,16.958150183150185,18.9,15.1,,20.117948717948718,17.724188906331765,1268.5384615384614,1371.2142857142858,,1648.8589743589744,1451.2218733647303,30.071538461538463,20.985714285714288,
108/11/15,29.47,40.88333333333333,28.957142857142856,28.97142857142857,40.784188034188034,36.35648874934589,29.73333333333333,21.092857142857145,18.61428571428572,29.880341880341884,26.534772370486657,21.566666666666663,15.585714285714284,13.19285714285714,20.894017094017098,18.029918890633176,19.316666666666663,13.37142857142857,15.77857142857143,19.89017094017094,18.326569858712713,1571.8333333333333,1472.0,1689.428571428571,1392.9700854700852,1479.8817373103084,29.6,21.12142857142857,19.275714285714287
108/11/16,31.273333333333333,42.86666666666667,33.285714285714285,28.36923076923077,41.52948717948718,38.34356357927787,29.883333333333336,24.442857142857143,21.430769230769236,29.897863247863246,27.79055468341183,17.558333333333334,16.0,13.907692307692308,20.354487179487176,18.311721611721612,25.308333333333334,17.285714285714285,14.461538461538463,21.174999999999997,20.031841967556254,1735.6666666666667,1408.428571428571,1407.8461538461538,1525.3461538461536,1517.5484039769751,29.47,24.092857142857145,21.14846153846154
108/11/17,29.71,40.72666666666667,34.9,31.0,41.492222222222225,39.406556776556776,31.60666666666667,26.21666666666667,23.633333333333336,30.407777777777778,28.813956043956043,22.346666666666668,16.941666666666666,14.675,20.490555555555556,19.21838827838828,18.38,17.958333333333332,16.325000000000003,21.001666666666665,20.188168498168498,1351.2666666666669,960.3333333333334,900.1666666666666,1552.9222222222222,1509.3824175824175,31.273333333333333,25.745,23.07166666666667
108/11/18,27.8,39.53333333333333,35.0,22.4,41.04222222222222,40.068461538461534,30.09166666666667,24.35,17.25,30.527222222222225,29.367527472527474,18.808333333333334,15.0,10.0,19.57111111111111,19.485054945054944,20.725,20.0,12.4,21.47111111111111,20.583406593406597,978.3333333333334,2339.5,4579.0,1355.0888888888892,1511.9538461538457,29.71,24.6,16.4
108/11/19,26.98857142857143,35.166666666666664,40.63076923076923,29.692857142857143,38.47555555555555,40.09227106227106,27.33333333333333,29.83076923076923,21.02142857142857,29.677222222222223,29.79371794871795,22.0,19.17692307692308,14.478571428571428,21.051666666666666,20.485054945054944,13.166666666666664,21.453846153846158,15.214285714285715,17.423888888888886,19.60721611721612,1947.0,1338.5384615384614,1708.928571428571,1425.5333333333335,1455.8824175824172,27.8,29.025384615384613,20.764285714285712
108/11/20,23.63533333333333,38.55,40.83846153846154,29.8,37.75,39.79501831501831,27.05,30.07692307692308,21.14,28.15833333333333,29.396465201465197,17.52857142857143,21.93846153846154,14.553333333333336,19.44563492063492,20.249576138147567,21.021428571428576,18.9,15.246666666666666,18.30436507936508,19.545442176870747,1629.428571428571,1268.5384615384614,1721.1333333333334,1518.2539682539682,1497.438147566719,26.98857142857143,30.071538461538463,20.91333333333333
108/11/21,24.555333333333333,35.96666666666667,40.88333333333333,29.164285714285715,36.56111111111111,39.09904761904762,24.01333333333333,29.73333333333333,21.764285714285712,26.13222222222222,28.530238095238097,13.106666666666666,21.566666666666663,14.064285714285717,17.545079365079363,18.987891156462585,22.860000000000003,19.316666666666663,15.1,19.016031746031747,20.111156462585033,1396.4666666666667,1571.8333333333333,1371.2142857142858,1657.631746031746,1515.713605442177,23.63533333333333,29.6,20.985714285714288
108/11/22,24.724666666666668,34.31333333333334,42.86666666666667,28.957142857142856,36.27666666666667,38.16047619047619,24.60666666666667,29.883333333333336,21.092857142857145,25.223333333333333,27.797857142857143,17.613333333333333,17.558333333333334,15.585714285714284,16.08285714285714,18.42312925170068,16.700000000000006,25.308333333333334,13.37142857142857,20.19380952380953,19.737346938775513,1189.8,1735.6666666666667,1472.0,1405.231746031746,1461.1374149659862,24.555333333333333,29.47,21.12142857142857
108/11/23,26.70230769230769,36.24666666666667,40.72666666666667,33.285714285714285,35.50888888888889,37.21476190476191,24.346666666666668,31.60666666666667,24.442857142857143,24.322222222222223,27.00690476190476,15.373333333333331,22.346666666666668,16.0,15.364444444444445,18.110986394557823,20.87333333333333,18.38,17.285714285714285,20.14444444444445,19.103775510204084,1133.8,1351.2666666666669,1408.428571428571,1240.0222222222221,1375.1564625850338,24.724666666666668,31.273333333333333,24.092857142857145
108/11/24,28.348000000000003,37.669230769230765,39.53333333333333,34.9,36.076410256410256,36.77798534798535,26.700000000000003,30.09166666666667,26.21666666666667,25.21777777777778,26.305952380952384,17.26153846153846,18.808333333333334,16.941666666666666,16.749401709401706,17.384539508110937,20.407692307692304,20.725,17.958333333333332,19.327008547008546,19.39344583987441,1543.3461538461538,978.3333333333334,960.3333333333334,1288.9820512820513,1402.5963893249607,26.70230769230769,29.71,25.745
108/11/25,23.9,38.24,35.166666666666664,35.0,37.38529914529914,36.593223443223444,28.380000000000003,27.33333333333333,24.35,26.47555555555556,26.06142857142857,20.22,22.0,15.0,17.618290598290596,17.5862061747776,18.02,13.166666666666664,20.0,19.767008547008547,19.007017268445843,980.3,1947.0,2339.5,1219.1487179487178,1402.8773417059128,28.348000000000003,27.8,24.6
108/11/26,27.182666666666663,32.03333333333333,38.55,40.63076923076923,35.9808547008547,36.145604395604394,23.266666666666666,27.05,29.83076923076923,26.115555555555556,25.480476190476192,17.666666666666668,17.52857142857143,19.17692307692308,18.382735042735046,16.967158555729984,14.366666666666664,21.021428571428576,21.453846153846158,17.598119658119657,19.17844583987441,1733.3333333333333,1629.428571428571,1338.5384615384614,1418.9931623931625,1372.3535321821034,23.9,26.98857142857143,29.025384615384613
108/11/27,25.92933333333333,37.79333333333333,35.96666666666667,40.83846153846154,36.02222222222222,36.037509157509156,27.35333333333333,24.01333333333333,30.07692307692308,26.333333333333332,25.523809523809526,17.966666666666665,13.106666666666666,21.93846153846154,18.61777777777778,17.02974358974359,19.826666666666664,22.860000000000003,18.9,17.404444444444444,19.007765567765567,1317.4666666666667,1396.4666666666667,1268.5384615384614,1343.7,1327.7875457875457,27.182666666666663,23.63533333333333,30.071538461538463
108/11/28,24.99714285714285,37.0,34.31333333333334,40.88333333333333,35.608888888888885,36.18512820512821,25.7,24.60666666666667,29.73333333333333,25.439999999999998,25.764761904761905,17.09333333333333,17.613333333333333,21.566666666666663,17.575555555555553,17.599267399267397,19.90666666666667,16.700000000000006,19.316666666666663,18.03333333333333,18.585860805860808,1309.2666666666669,1189.8,1571.8333333333333,1453.3555555555558,1315.330402930403,25.92933333333333,24.555333333333333,29.6
108/11/29,24.00642857142857,33.628571428571426,36.24666666666667,42.86666666666667,36.140634920634916,36.0873050758765,24.985714285714288,24.346666666666668,29.883333333333336,26.013015873015874,25.818911564625854,17.07857142857143,15.373333333333331,17.558333333333334,17.379523809523807,17.52287284144427,16.549999999999997,20.87333333333333,25.308333333333334,18.76111111111111,18.564432234432235,1183.5,1133.8,1735.6666666666667,1270.0777777777778,1314.4304029304028,24.99714285714285,24.724666666666668,29.47
108/11/30,26.22307692307692,32.278571428571425,37.669230769230765,40.72666666666667,34.30238095238095,35.520434327577185,24.36428571428572,26.700000000000003,31.60666666666667,25.01666666666667,25.821428571428577,16.27857142857143,17.26153846153846,22.346666666666668,16.816825396825397,17.652192569335426,15.999999999999996,20.407692307692304,18.38,17.485555555555553,17.86824175824176,1141.4642857142858,1543.3461538461538,1351.2666666666669,1211.4103174603176,1315.5253008895866,24.00642857142857,26.70230769230769,31.273333333333333
108/12/01,24.629166666666663,36.93076923076923,38.24,39.53333333333333,34.27930402930403,35.41493982208267,26.26923076923077,28.380000000000003,30.09166666666667,25.206410256410255,25.75989010989011,15.746153846153844,20.22,18.808333333333334,16.36776556776557,17.43570905285191,21.184615384615384,18.02,20.725,17.91153846153846,17.979230769230767,1166.8461538461538,980.3,978.3333333333334,1163.9368131868132,1261.739586603872,26.22307692307692,28.348000000000003,29.71
108/12/02,26.1,33.625,32.03333333333333,35.166666666666664,34.27811355311355,34.75565410779696,24.816666666666663,23.266666666666666,27.33333333333333,25.150061050061055,25.250842490842494,16.025000000000002,17.666666666666668,22.0,16.01657509157509,16.836423338566195,17.599999999999998,14.366666666666664,13.166666666666664,18.26153846153846,17.91923076923077,1008.25,1733.3333333333333,1947.0,1105.5201465201465,1265.7324437467291,24.629166666666663,23.9,27.8
108/12/03,26.37857142857143,37.5,37.79333333333333,38.55,36.01858974358975,35.53660648874934,26.0,27.35333333333333,27.05,25.695299145299145,25.641318681318687,17.5,17.966666666666665,17.52857142857143,16.423717948717947,16.81261381475667,20.0,19.826666666666664,21.021428571428576,19.594871794871793,18.723992673992672,3113.5,1317.4666666666667,1629.428571428571,1762.8653846153848,1462.899110413396,26.1,27.182666666666663,26.98857142857143
108/12/04,29.048571428571428,35.40714285714286,37.0,35.96666666666667,35.51071428571428,35.19572213500785,26.62857142857143,25.7,24.01333333333333,25.815079365079367,25.53778126635269,17.62142857142857,17.09333333333333,13.106666666666666,17.048809523809524,16.763294086865514,17.78571428571429,19.90666666666667,22.860000000000003,18.461904761904762,18.43242804814233,1461.5,1309.2666666666669,1396.4666666666667,1861.0833333333333,1483.4753008895864,26.37857142857143,25.92933333333333,23.63533333333333
108/12/05,29.87642857142857,37.75,33.628571428571426,34.31333333333334,36.88571428571428,35.3028649921507,29.264285714285712,24.985714285714288,24.60666666666667,27.297619047619047,26.046964939822086,20.5,17.07857142857143,17.613333333333333,18.540476190476188,17.249960753532182,17.25,16.549999999999997,16.700000000000006,18.3452380952381,18.052904238618524,1377.142857142857,1183.5,1189.8,1984.047619047619,1493.1718995290423,29.048571428571428,24.99714285714285,24.555333333333333
108/12/06,31.91846153846154,39.12857142857143,32.278571428571425,36.24666666666667,37.42857142857142,36.088579277864994,29.514285714285712,24.36428571428572,24.346666666666668,28.46904761904762,26.693903715332286,21.707142857142856,16.27857142857143,15.373333333333331,19.94285714285714,17.9111852433281,17.42142857142857,15.999999999999996,20.87333333333333,17.485714285714288,18.177394034536892,1286.0,1141.4642857142858,1133.8,1374.8809523809523,1507.8147566718994,29.87642857142857,24.00642857142857,24.724666666666668
108/12/07,34.459230769230764,44.892307692307696,36.93076923076923,37.669230769230765,40.59029304029304,37.89054160125589,30.77692307692308,26.26923076923077,26.700000000000003,29.851831501831498,27.609994767137625,22.21538461538461,15.746153846153844,17.26153846153846,21.47417582417582,18.75930141287284,22.67692307692308,21.184615384615384,20.407692307692304,19.116117216117217,19.131240188383043,1146.4615384615386,1166.8461538461538,1543.3461538461538,1269.868131868132,1508.528649921507,31.91846153846154,26.22307692307692,26.70230769230769
108/12/08,36.59090909090909,50.34615384615385,33.625,38.24,44.78901098901099,39.80702511773941,34.06153846153846,24.816666666666663,28.380000000000003,31.450915750915755,28.723181580324432,23.21538461538461,16.025000000000002,20.22,22.379304029304027,19.826334379905806,27.130769230769232,17.599999999999998,18.02,22.409706959706963,19.980690737833594,1292.3076923076924,1008.25,980.3,1241.5897435897439,1526.4517268445836,34.459230769230764,24.629166666666663,28.348000000000003
108/12/09,34.25,49.75454545454545,37.5,32.03333333333333,48.33100233100233,42.11124589696019,36.054545454545455,26.0,23.266666666666666,33.63100233100233,30.328592835735694,25.29090909090909,17.5,17.666666666666668,23.57389277389277,21.150035678607107,24.46363636363636,20.0,14.366666666666664,24.75710955710956,20.961210218353077,771.9090909090909,3113.5,1733.3333333333333,1070.2261072261074,1492.6887398315969,36.59090909090909,26.1,23.9
108/12/10,37.055,46.65,35.40714285714286,37.79333333333333,48.91689976689977,43.41838875410304,36.4,26.62857142857143,27.35333333333333,35.505361305361305,31.814307121449982,20.0,17.62142857142857,17.966666666666665,22.835431235431233,21.507178535749965,26.65,17.78571428571429,19.826666666666664,26.08146853146853,21.911210218353073,2323.0,1461.5,1317.4666666666667,1462.4055944055945,1379.7601684030253,34.25,26.37857142857143,27.182666666666663
108/12/11,33.95428571428572,48.75714285714286,37.75,37.0,48.38722943722943,45.32553161124589,38.32857142857143,29.264285714285712,25.7,36.92770562770563,33.48573569287855,25.178571428571427,20.5,17.09333333333333,23.489826839826843,22.586770372484658,23.578571428571436,17.25,19.90666666666667,24.8974025974026,22.738761238761242,1278.2857142857142,1377.142857142857,1309.2666666666669,1457.7316017316018,1353.5866990152701,37.055,29.048571428571428,25.92933333333333
108/12/12,33.79538461538462,45.892857142857146,39.12857142857143,33.628571428571426,47.1,46.48879691736834,34.871428571428574,29.514285714285712,24.985714285714288,36.53333333333333,34.28675610104181,21.12142857142857,21.707142857142856,17.07857142857143,22.099999999999998,22.675545882688738,24.771428571428576,17.42142857142857,16.549999999999997,25.000000000000004,23.81325103467961,1220.75,1286.0,1183.5,1607.3452380952378,1331.2448622805766,33.95428571428572,29.87642857142857,24.99714285714285
108/12/13,31.92,47.315384615384616,44.892307692307696,32.278571428571425,47.32179487179487,47.65834165834166,34.61538461538461,30.77692307692308,24.36428571428572,35.93846153846153,35.015484515484516,19.32307692307692,22.21538461538461,16.27857142857143,21.87435897435897,22.33496503496503,27.99230769230769,22.67692307692308,15.999999999999996,25.4474358974359,25.323376623376625,1242.7692307692307,1146.4615384615386,1141.4642857142858,1247.268315018315,1325.0690381047523,33.79538461538462,31.91846153846154,24.00642857142857
108/12/14,29.53,47.62307692307692,50.34615384615385,36.93076923076923,46.943772893772895,48.04845154845155,31.49230769230769,34.06153846153846,26.26923076923077,33.65970695970696,35.117682317682316,19.46153846153846,23.21538461538461,15.746153846153844,19.968681318681316,21.941558441558442,28.161538461538463,27.130769230769232,21.184615384615384,26.97509157509158,26.106893106893107,1379.2307692307693,1292.3076923076924,1166.8461538461538,1280.9166666666667,1358.3217853574995,31.92,34.459230769230764,26.22307692307692
108/12/15,30.183333333333334,42.23571428571428,49.75454545454545,33.625,45.72472527472527,46.88981732553161,29.25,36.054545454545455,24.816666666666663,31.785897435897436,34.43031968031968,17.071428571428573,25.29090909090909,16.025000000000002,18.61868131868132,21.063850435279004,25.164285714285707,24.46363636363636,17.599999999999998,27.10604395604396,25.825966890252605,1232.5,771.9090909090909,1008.25,1284.8333333333333,1349.7778293135436,29.53,36.59090909090909,24.629166666666663
108/12/16,32.6,43.00833333333333,46.65,37.5,44.289041514041514,45.92607273678702,29.925,36.4,26.0,30.222435897435897,33.55467032967033,17.95,20.0,17.5,18.160989010989013,20.01514913657771,25.058333333333334,26.65,20.0,26.1280525030525,25.910923600209312,964.2083333333334,2323.0,3113.5,1191.979700854701,1377.2491496598636,30.183333333333334,34.25,26.1
108/12/17,32.276428571428575,44.4,48.75714285714286,35.40714285714286,43.214682539682535,45.60464416535846,33.2,38.32857142857143,26.62857142857143,30.791666666666668,33.097527472527474,20.0,25.178571428571427,17.62142857142857,18.340476190476192,20.01514913657771,24.4,23.578571428571436,17.78571428571429,24.874206349206347,25.589495028780743,3096.0,1278.2857142857142,1461.5,1764.2361111111113,1487.6777210884352,32.6,37.055,26.37857142857143
108/12/18,30.77928571428572,43.0,45.892857142857146,37.75,43.46944444444444,44.78219518576662,32.707142857142856,34.871428571428574,29.264285714285712,31.94404761904762,32.29446624803768,20.935714285714287,21.12142857142857,20.5,19.62857142857143,19.409026687598118,22.064285714285717,24.771428571428576,17.25,23.840873015873015,25.373168498168496,1600.5357142857142,1220.75,1377.142857142857,1886.9146825396826,1533.7134353741494,32.276428571428575,33.95428571428572,29.048571428571428
108/12/19,27.346,41.06428571428571,47.315384615384616,39.12857142857143,42.82142857142858,44.09239926739927,31.5,34.61538461538461,29.514285714285712,32.46904761904762,31.812833594976457,18.557142857142857,19.32307692307692,21.707142857142856,19.83095238095238,19.04270015698587,22.507142857142853,27.99230769230769,17.42142857142857,22.990476190476187,25.049699110413396,1299.571428571429,1242.7692307692307,1286.0,1998.702380952381,1544.9736394557822,30.77928571428572,33.79538461538462,29.87642857142857
108/12/20,23.573571428571427,36.78,47.62307692307692,44.892307692307696,40.28142857142857,42.58734432234432,27.48,31.49230769230769,30.77692307692308,30.562380952380952,30.793492935635793,17.373333333333335,19.46153846153846,22.21538461538461,18.95539682539683,18.764165358451073,19.406666666666663,28.161538461538463,22.67692307692308,21.326031746031745,23.82317896389325,1291.2666666666669,1379.2307692307693,1146.4615384615386,1397.1246031746032,1551.9018445839877,27.346,31.92,31.91846153846154
108/12/21,27.10571428571429,37.02857142857143,42.23571428571428,50.34615384615385,38.29095238095238,41.073843537414966,23.464285714285715,29.25,34.06153846153846,27.48142857142857,29.64663265306123,12.771428571428572,17.071428571428573,23.21538461538461,16.233968253968253,17.80843537414966,24.257142857142853,25.164285714285707,27.130769230769232,22.056984126984123,23.265408163265302,1550.642857142857,1232.5,1292.3076923076924,1380.4936507936509,1576.3892857142857,23.573571428571427,29.53,34.459230769230764
108/12/22,25.225833333333338,41.385714285714286,43.00833333333333,49.75454545454545,38.39809523809524,40.9524149659864,27.07857142857143,29.925,36.054545454545455,26.00761904761905,29.336428571428574,14.928571428571429,17.95,25.29090909090909,15.024444444444446,17.50231292517007,26.457142857142856,25.058333333333334,24.46363636363636,23.373650793650793,23.450102040816322,1456.928571428571,964.2083333333334,771.9090909090909,1432.9460317460316,1608.4505102040816,27.10571428571429,30.183333333333334,36.59090909090909
108/12/23,26.2,38.50833333333333,44.4,46.65,38.97420634920635,40.30955782312925,25.566666666666663,33.2,36.4,25.36984126984127,28.713809523809523,12.216666666666669,20.0,20.0,13.305555555555557,16.68326530612245,26.291666666666664,24.4,26.65,25.668650793650794,23.6262925170068,920.6666666666666,3096.0,2323.0,1309.4126984126983,1602.2302721088433,25.225833333333338,32.6,34.25
108/12/24,23.407692307692308,36.6,43.0,48.75714285714286,38.83134920634921,39.19527210884354,26.15,32.707142857142856,38.32857142857143,26.265079365079362,27.70666666666667,17.5,20.935714285714287,25.178571428571427,14.881746031746033,16.326122448979593,19.1,22.064285714285717,23.578571428571436,23.949603174603173,22.869149659863947,4074.0,1600.5357142857142,1278.2857142857142,2150.531746031746,1741.9445578231291,26.2,32.276428571428575,37.055
108/12/25,20.822142857142858,37.85384615384616,41.06428571428571,45.892857142857146,37.65405982905983,38.46010727367871,23.707692307692305,31.5,34.871428571428574,25.14145299145299,26.421030873888014,10.569230769230767,18.557142857142857,21.12142857142857,13.42863247863248,14.845196232339092,27.284615384615385,22.507142857142853,24.771428571428576,24.22542735042735,23.61491104133961,1688.076923076923,1299.571428571429,1220.75,2227.5811965811968,1754.4504447933018,23.407692307692308,30.77928571428572,33.95428571428572
108/12/26,22.35214285714286,33.17857142857143,36.78,47.315384615384616,35.87747252747253,37.33357666143381,20.707142857142856,27.48,34.61538461538461,23.52161172161172,24.879194139194137,10.407142857142857,17.373333333333335,19.32307692307692,12.825457875457873,13.680910518053377,22.77142857142857,19.406666666666663,27.99230769230769,23.052014652014652,23.652666143380426,1729.7142857142858,1291.2666666666669,1242.7692307692307,2497.2637362637365,1815.8994243851387,20.822142857142858,27.346,33.79538461538462
108/12/27,20.16,35.707142857142856,37.02857142857143,47.62307692307692,35.57985347985348,37.18031135531135,21.985714285714288,23.464285714285715,31.49230769230769,22.133516483516484,24.094296180010467,10.092857142857143,12.771428571428572,19.46153846153846,10.356410256410255,12.640842490842491,25.614285714285717,24.257142857142853,28.161538461538463,25.223443223443223,24.539468864468862,1400.642857142857,1550.642857142857,1379.2307692307693,1606.1446886446886,1831.5245944531657,22.35214285714286,23.573571428571427,31.92
108/12/28,22.153846153846157,35.114285714285714,41.385714285714286,42.23571428571428,34.666666666666664,36.90684196755626,19.1,27.07857142857143,29.25,20.597619047619048,23.470826792255362,9.664285714285716,14.928571428571429,17.071428571428573,10.054761904761905,12.196964939822083,25.45,26.457142857142856,25.164285714285707,24.611904761904764,24.70987702773417,1588.571428571429,1456.928571428571,1232.5,1572.9761904761908,1836.9429618001045,20.16,27.10571428571429,29.53
108/12/29,22.52,35.97692307692308,38.50833333333333,43.00833333333333,35.59945054945055,36.13415750915751,20.85384615384616,25.566666666666663,29.925,20.64652014652015,22.581580324437464,12.576923076923077,12.216666666666669,17.95,10.778021978021977,11.86101517530089,23.4,26.291666666666664,25.058333333333334,24.82142857142857,24.27314233385662,1711.1538461538462,920.6666666666666,964.2083333333334,1566.7893772893774,1873.2608581894297,22.153846153846157,25.225833333333338,30.183333333333334
108/12/30,20.75,34.6,36.6,44.4,35.23040293040293,35.575824175824174,21.58333333333333,26.15,33.2,20.512393162393163,22.012532705389848,13.075,17.5,20.0,11.772069597069597,11.983634222919937,21.525,19.1,24.4,23.458333333333332,23.592189952904242,1061.75,4074.0,3096.0,1453.8250915750916,1893.4156200941914,22.52,26.2,32.6
108/12/31,25.44066666666667,27.5,37.85384615384616,43.0,32.692307692307686,34.27582417582418,21.95,23.707692307692305,32.707142857142856,21.462393162393166,21.41253270538985,12.5,10.569230769230767,20.935714285714287,12.717307692307692,11.269348508634224,15.0,27.284615384615385,22.064285714285717,19.974999999999998,23.006475667189953,3932.5,1688.076923076923,1600.5357142857142,2235.1346153846152,1873.2013343799058,20.75,23.407692307692308,32.276428571428575
109/01/01,24.018571428571427,34.18666666666666,33.17857142857143,41.06428571428571,32.095555555555556,33.75194139194139,25.506666666666668,20.707142857142856,31.5,23.013333333333332,21.669529042386184,17.586666666666666,10.407142857142857,18.557142857142857,14.387222222222222,12.271839351125065,16.599999999999994,22.77142857142857,22.507142857142853,17.708333333333332,21.480102040816327,1422.4333333333334,1729.7142857142858,1299.571428571429,2138.8944444444446,1835.2522501308215,25.44066666666667,20.822142857142858,30.77928571428572
109/01/02,23.59642857142857,34.385714285714286,35.707142857142856,36.78,32.02412698412698,33.92439037153323,23.785714285714285,21.985714285714288,27.48,23.74746031746032,22.109324960753533,14.892857142857142,10.092857142857143,17.373333333333335,14.993174603174603,12.912655677655676,19.492857142857144,25.614285714285717,19.406666666666663,17.03095238095238,21.01173469387755,1560.428571428571,1400.642857142857,1291.2666666666669,2305.120634920635,1811.0685766614338,24.018571428571427,22.35214285714286,27.346
109/01/03,23.014,34.50714285714286,35.114285714285714,37.02857142857143,34.35984126984127,33.752961800104664,23.52857142857143,19.1,23.464285714285715,24.27365079365079,22.329733124018837,14.364285714285714,9.664285714285716,12.771428571428572,15.614603174603175,13.522859759288329,20.142857142857142,25.45,24.257142857142853,18.745238095238093,20.230102040816323,1529.142857142857,1588.571428571429,1550.642857142857,1504.0015873015873,1829.4257195185767,23.59642857142857,20.16,23.573571428571427
109/01/04,21.75857142857143,32.913333333333334,35.97692307692308,41.385714285714286,33.93539682539682,33.438540031397174,22.59333333333333,20.85384615384616,27.07857142857143,23.302539682539685,22.828780743066456,15.0,12.576923076923077,14.928571428571429,14.752380952380951,14.285104657247514,17.913333333333334,23.4,26.457142857142856,19.183015873015872,19.153435374149662,1504.6333333333334,1711.1538461538462,1456.928571428571,1531.4015873015871,1817.4345630559915,23.014,22.153846153846157,27.10571428571429
109/01/05,22.43,31.75,34.6,38.50833333333333,33.056825396825396,32.834693877551025,21.814285714285717,21.58333333333333,25.566666666666663,22.645396825396826,22.965986394557824,12.821428571428571,13.075,12.216666666666669,14.061904761904762,14.32003401360544,18.92857142857143,21.525,26.291666666666664,18.994920634920636,18.514659863945578,1558.642857142857,1061.75,920.6666666666666,1530.8063492063493,1795.6472789115646,21.75857142857143,22.52,25.225833333333338
109/01/06,20.75,32.69166666666667,27.5,36.6,32.45166666666667,32.56207482993197,22.6,21.95,26.15,22.335873015873016,23.111224489795916,14.008333333333333,12.5,17.5,13.943253968253968,14.453367346938775,18.683333333333337,15.0,19.1,18.5084126984127,18.108707482993196,915.75,3932.5,4074.0,1326.3420634920637,1774.7901360544217,22.43,20.75,26.2
109/01/07,23.90857142857143,27.4,34.18666666666666,37.85384615384616,30.61388888888889,32.54778911564626,21.95,25.506666666666668,23.707692307692305,22.12142857142857,23.11122448979592,12.5,17.586666666666666,10.569230769230767,13.109920634920634,14.453367346938775,14.9,16.599999999999994,27.284615384615385,17.503968253968257,18.094421768707484,3944.0,1422.4333333333334,1688.076923076923,2139.464285714286,1776.4329931972788,20.75,25.44066666666667,23.407692307692308
109/01/08,23.317692307692308,34.24285714285714,34.385714285714286,33.17857142857143,31.444841269841266,32.55581632653061,24.1,23.785714285714285,20.707142857142856,22.883333333333336,22.91027210884354,15.69285714285714,14.892857142857142,10.407142857142857,14.067063492063491,14.1828231292517,18.55,19.492857142857144,22.77142857142857,17.37777777777778,18.37299319727891,1853.2857142857144,1560.428571428571,1729.7142857142858,2237.6785714285716,1837.9833333333331,23.90857142857143,24.018571428571427,20.822142857142858
109/01/09,22.713846153846152,32.284615384615385,34.50714285714286,35.707142857142856,31.30915750915751,32.25565934065934,23.515384615384612,23.52857142857143,21.985714285714288,23.18846153846154,22.871653584510728,15.653846153846152,14.364285714285714,10.092857142857143,14.615567765567766,14.291535845107274,16.630769230769232,20.142857142857142,25.614285714285717,16.693589743589744,17.96412349555207,1801.692307692308,1529.142857142857,1400.642857142857,2532.9926739926746,1872.4495813710098,23.317692307692308,23.59642857142857,22.35214285714286
109/01/10,26.53,32.315384615384616,32.913333333333334,35.114285714285714,32.94761904761904,31.94255102040816,22.746153846153845,22.59333333333333,19.1,23.453846153846154,22.75987964416536,14.723076923076924,15.0,9.664285714285716,15.356593406593404,14.342791732077446,17.592307692307692,17.913333333333334,25.45,17.59102564102564,17.599759288330716,1655.6923076923076,1504.6333333333334,1588.571428571429,1770.2234432234436,1890.5280743066457,22.713846153846152,23.014,20.16
109/01/11,24.59583333333333,36.52307692307692,31.75,35.97692307692308,33.707692307692305,32.45822867608582,26.37692307692308,21.814285714285717,20.85384615384616,24.212820512820514,23.30039246467818,18.161538461538463,12.821428571428571,12.576923076923077,16.17948717948718,14.794440083725798,18.36153846153846,18.92857142857143,23.4,17.528205128205126,17.66378859236002,1645.7692307692307,1558.642857142857,1711.1538461538462,1701.0512820512822,1910.690345368917,26.53,21.75857142857143,22.153846153846157
109/01/12,24.54272727272728,36.15,32.69166666666667,34.6,34.996153846153845,33.08680010465725,24.491666666666664,22.6,21.58333333333333,24.538247863247864,23.68287545787546,13.875,14.008333333333333,13.075,15.586538461538462,14.944950287807432,22.275,18.683333333333337,21.525,19.409615384615382,18.141849816849817,1610.75,915.75,1061.75,1637.4038461538464,1918.1342229199374,24.59583333333333,22.43,22.52
109/01/13,20.85,33.21818181818182,27.4,27.5,35.29708624708625,33.162016554873695,25.00909090909091,21.95,21.95,25.29256021756022,24.027031302031304,16.436363636363637,12.5,12.5,16.157634032634032,15.291811759668901,16.78181818181818,14.9,15.0,19.139452214452213,17.870204795204796,913.7272727272727,3944.0,3932.5,1390.0821678321681,1917.8452618809763,24.54272727272728,20.75,20.75
109/01/14,27.691538461538464,27.5,34.24285714285714,34.18666666666666,32.28939393939394,33.176302269159414,21.35,24.1,25.506666666666668,23.616919191919195,23.941317016317015,12.5,15.69285714285714,17.586666666666666,14.270454545454546,15.291811759668901,15.0,18.55,16.599999999999994,18.018939393939394,17.884490509490508,3901.0,1853.2857142857144,1422.4333333333334,2141.825757575758,1911.702404738119,20.85,23.90857142857143,25.44066666666667
109/01/15,30.21153846153846,37.57692307692308,32.284615384615385,34.385714285714286,32.765034965034964,33.6525974025974,27.746153846153845,23.515384615384612,23.785714285714285,24.701748251748253,24.462196137196138,19.369230769230768,15.653846153846152,14.892857142857142,16.101864801864803,15.817007992007992,18.207692307692312,16.630769230769232,19.492857142857144,16.663170163170165,17.83558941058941,1463.076923076923,1801.692307692308,1560.428571428571,2092.601398601399,1855.9582917082917,27.691538461538464,23.317692307692308,24.018571428571427
109/01/16,30.374285714285715,39.93846153846154,32.315384615384616,34.50714285714286,35.00512820512821,34.746003996004,29.892307692307693,22.746153846153845,23.52857142857143,26.329487179487177,25.373185148185147,22.338461538461537,14.723076923076924,14.364285714285714,18.069230769230767,16.771953046953048,17.6,17.592307692307692,20.142857142857142,16.935897435897438,17.97405094905095,1419.2307692307693,1655.6923076923076,1529.142857142857,2261.1025641025644,1801.320929070929,30.21153846153846,22.713846153846152,23.59642857142857
109/01/17,26.63357142857143,40.16428571428571,36.52307692307692,32.913333333333334,39.22655677655678,35.867275581561294,30.06428571428572,26.37692307692308,22.59333333333333,29.234249084249086,26.418632557918272,22.342857142857145,18.161538461538463,15.0,21.350183150183152,17.86049307835022,17.821428571428566,18.36153846153846,17.913333333333334,17.876373626373624,18.006782503211074,1333.571428571429,1645.7692307692307,1504.6333333333334,1405.2930402930406,1755.3036606250892,30.374285714285715,26.53,23.014
109/01/18,26.409230769230767,37.59285714285714,36.15,31.75,39.23186813186813,36.020101327244184,26.25,24.491666666666664,21.814285714285717,28.735531135531136,26.400500689786405,18.214285714285715,13.875,12.821428571428571,20.965201465201464,17.86802840017126,19.378571428571423,22.275,18.92857142857143,18.266666666666662,18.15207292707293,1693.142857142857,1610.75,1558.642857142857,1481.9816849816852,1762.071321535607,26.63357142857143,24.59583333333333,21.75857142857143
109/01/19,27.827272727272728,39.51538461538462,33.21818181818182,32.69166666666667,39.09084249084249,36.50087055801341,26.53846153846154,25.00909090909091,22.6,27.617582417582422,26.692899957185677,15.7,16.436363636363637,14.008333333333333,18.752380952380953,18.128742685885545,23.81538461538462,16.78181818181818,18.683333333333337,20.338461538461534,18.37212787212787,1575.3076923076924,913.7272727272727,915.75,1534.0073260073261,1757.0081347224204,26.409230769230767,24.54272727272728,22.43
109/01/20,23.25,41.1,27.5,27.4,39.402747252747254,37.62684458398744,26.863636363636363,21.35,21.95,26.550699300699304,26.957835022120737,17.599999999999998,12.5,12.5,17.171428571428567,18.294976452119307,23.500000000000004,15.0,14.9,22.23131868131868,19.331868131868134,1052.6363636363635,3901.0,3944.0,1440.3623043623045,1776.8522905665761,27.827272727272728,20.85,20.75
109/01/21,25.26214285714286,32.45,37.57692307692308,34.24285714285714,37.688461538461546,38.3339874411303,23.55,27.746153846153845,24.1,25.6506993006993,27.272120736406453,15.0,19.369230769230768,15.69285714285714,16.099999999999998,18.652119309262165,17.450000000000003,18.207692307692312,18.55,21.58846153846154,19.681868131868132,3756.0,1463.076923076923,1853.2857142857144,2127.981351981352,1756.1380048522904,23.25,27.691538461538464,23.90857142857143
109/01/22,25.45642857142857,36.29285714285714,39.93846153846154,32.284615384615385,36.614285714285714,38.150549450549455,25.2,29.892307692307693,23.515384615384612,25.204545454545453,26.90838447267019,15.45,22.338461538461537,15.653846153846152,16.016666666666666,18.09222919937206,20.84285714285714,17.6,16.630769230769232,20.59761904761905,20.058320251177395,1882.0,1419.2307692307693,1801.692307692308,2230.2121212121215,1815.9841586984444,25.26214285714286,30.21153846153846,23.317692307692308
109/01/23,19.608571428571427,35.857142857142854,40.16428571428571,32.315384615384616,34.86666666666667,37.56750392464678,25.05,30.06428571428572,22.746153846153845,24.599999999999998,26.216626230911945,15.721428571428572,22.342857142857145,14.723076923076924,15.39047619047619,17.146938775510204,20.135714285714283,17.821428571428566,17.592307692307692,19.476190476190478,20.420565149136575,2041.071428571429,1333.571428571429,1655.6923076923076,2559.6904761904766,1904.8185386042528,25.45642857142857,30.374285714285715,22.713846153846152
109/01/24,16.165454545454544,32.642857142857146,37.59285714285714,36.52307692307692,34.930952380952384,36.49301412872841,18.714285714285715,26.25,26.37692307692308,22.98809523809524,24.595197659483375,10.12857142857143,18.214285714285715,18.161538461538463,13.766666666666666,15.402040816326531,22.51428571428572,19.378571428571423,18.36153846153846,21.164285714285715,21.090973312401882,2455.5,1693.142857142857,1645.7692307692307,2126.1904761904766,2065.0940488083343,19.608571428571427,26.63357142857143,26.53
109/01/29,23.5,31.954545454545453,39.51538461538462,36.15,33.484848484848484,35.68754103039817,14.627272727272729,26.53846153846154,24.491666666666664,19.463852813852814,22.934808049093764,6.6,15.7,13.875,10.816666666666668,13.742857142857142,25.35454545454545,23.81538461538462,22.275,22.668181818181818,21.944683887541032,1109.909090909091,1575.3076923076924,1610.75,1868.82683982684,1981.7749393463678,16.165454545454544,26.409230769230767,24.59583333333333
109/01/30,24.405833333333334,30.0,41.1,33.21818181818182,31.532467532467535,34.32820037105751,24.0,26.863636363636363,25.00909090909091,19.113852813852816,22.5721706864564,15.0,17.599999999999998,16.436363636363637,10.576190476190476,13.642857142857142,15.0,23.500000000000004,16.78181818181818,20.956277056277056,20.68534322820037,6273.0,1052.6363636363635,913.7272727272727,3279.4696969696965,2652.8738404452693,23.5,27.827272727272728,24.54272727272728
109/01/31,25.8,39.175,32.45,27.5,33.709848484848486,34.053200371057514,22.8,23.55,21.35,20.475757575757573,21.991651205936925,14.8,15.0,12.5,12.133333333333333,13.242857142857144,24.375000000000007,17.450000000000003,15.0,21.57651515151515,20.81034322820037,1902.75,3756.0,3901.0,3095.2196969696965,2774.318645640074,24.405833333333334,23.25,20.85
