日期,氣溫(℃)_lag1d,最高氣溫(℃)_lag1d,最低氣溫(℃)_lag1d,日照時數(hour)_lag1d,降水量(mm)_lag1d,降水時數(hour)_lag1d,相對溼度(%)_lag1d,最大陣風(m/s)_lag1d,氣溫(℃)_rollmean_3d_prev,最高氣溫(℃)_rollmean_3d_prev,最低氣溫(℃)_rollmean_3d_prev,日照時數(hour)_rollmean_3d_prev,相對溼度(%)_rollmean_3d_prev,最大陣風(m/s)_rollmean_3d_prev,降水量(mm)_rollsum_3d_prev,降水量(mm)_rollsum_7d_prev,降水時數(hour)_rollsum_3d_prev,降水時數(hour)_rollsum_7d_prev,daily_temp_range_prev,is_cold_wave_prev,is_strong_cold_prev,is_frost_risk_prev,is_strong_wind_prev,is_heavy_rain_prev,rainy_day_prev,consec_rainy_days_prev,month,month_sin,month_cos,is_winter
111/09/01,,,,,,,,,,,,,,,,,,,,0,0,0,0,0,0,0,9,-1.0,-1.8369701987210297e-16,0
111/09/02,28.08,32.06,25.34,4.6,0.0,0.0,79.8,11.42,,,,,,,,,,,6.720000000000002,0,0,0,0,0,0,0,9,-1.0,-1.8369701987210297e-16,0
111/09/03,25.94,28.14,24.42,0.0,2.618,0.4,85.8,10.88,,,,,,,,,,,3.719999999999999,0,0,0,0,0,1,1,9,-1.0,-1.8369701987210297e-16,0
111/09/04,26.12,27.74,24.8,0.2,34.8,4.3,94.8,12.34,26.713333333333335,29.313333333333333,24.853333333333335,1.5999999999999999,86.8,11.546666666666667,37.418,,4.7,,2.9399999999999977,0,0,0,0,0,1,2,9,-1.0,-1.8369701987210297e-16,0
111/09/05,27.12,30.84,24.34,1.0,19.2,0.4,85.4,9.68,26.393333333333334,28.906666666666666,24.52,0.39999999999999997,88.66666666666667,10.966666666666667,56.617999999999995,,5.1000000000000005,,6.5,0,0,0,0,0,1,3,9,-1.0,-1.8369701987210297e-16,0
111/09/06,28.46,32.239999999999995,25.94,3.5,0.0,0.0,79.6,8.62,27.233333333333334,30.27333333333333,25.026666666666667,1.5666666666666667,86.60000000000001,10.213333333333333,54.0,,4.7,,6.299999999999994,0,0,0,0,0,0,0,9,-1.0,-1.8369701987210297e-16,0
111/09/07,27.46,32.76,25.22,2.1,23.4,2.1,85.8,5.8,27.680000000000003,31.94666666666667,25.166666666666668,2.1999999999999997,83.6,8.033333333333333,42.599999999999994,,2.5,,7.539999999999999,0,0,0,0,0,1,1,9,-1.0,-1.8369701987210297e-16,0
111/09/08,26.82,32.68,24.28,2.5,12.2,1.9,87.6,6.74,27.58,32.559999999999995,25.146666666666665,2.6999999999999997,84.33333333333333,7.053333333333334,35.599999999999994,92.21799999999999,4.0,9.1,8.399999999999999,0,0,0,0,0,1,2,9,-1.0,-1.8369701987210297e-16,0
111/09/09,27.12,31.76,24.28,5.1,7.6,0.9,87.0,6.1,27.133333333333336,32.4,24.593333333333334,3.233333333333333,86.8,6.213333333333334,43.199999999999996,99.818,4.9,10.0,7.48,0,0,0,0,0,1,3,9,-1.0,-1.8369701987210297e-16,0
111/09/10,28.28,32.46,25.18,8.6,0.0,0.0,75.6,5.779999999999999,27.406666666666666,32.3,24.580000000000002,5.3999999999999995,83.39999999999999,6.206666666666666,19.799999999999997,97.2,2.8,9.6,7.280000000000001,0,0,0,0,0,0,0,9,-1.0,-1.8369701987210297e-16,0
111/09/11,26.96,31.360000000000003,24.4,5.4,0.3,0.0,78.8,6.34,27.453333333333337,31.86,24.62,6.366666666666667,80.46666666666665,6.073333333333333,7.8999999999999995,62.699999999999996,0.9,5.3,6.960000000000004,0,0,0,0,0,1,1,9,-1.0,-1.8369701987210297e-16,0
111/09/12,26.24,30.4,23.22,4.9,0.0,0.0,83.4,8.8,27.16,31.406666666666666,24.266666666666666,6.3,79.26666666666667,6.973333333333333,0.3,43.5,0.0,4.8999999999999995,7.18,0,0,0,0,0,0,0,9,-1.0,-1.8369701987210297e-16,0
111/09/13,26.360000000000003,29.46,23.84,5.9,4.4,0.6,85.0,11.48,26.52,30.406666666666666,23.819999999999997,5.400000000000001,82.39999999999999,8.873333333333333,4.7,47.9,0.6,5.5,5.620000000000001,0,0,0,0,0,1,1,9,-1.0,-1.8369701987210297e-16,0
111/09/14,26.26,29.880000000000003,23.72,6.5,5.1,0.4,82.0,8.3,26.286666666666665,29.913333333333338,23.593333333333334,5.766666666666667,83.46666666666665,9.526666666666667,9.5,29.599999999999998,1.0,3.8,6.160000000000004,0,0,0,0,0,1,2,9,-1.0,-1.8369701987210297e-16,0
111/09/15,27.34,33.660000000000004,22.96,10.6,0.1,0.0,74.0,5.82,26.653333333333336,31.0,23.506666666666664,7.666666666666667,80.33333333333333,8.533333333333333,9.6,17.5,1.0,1.9,10.700000000000003,0,0,0,0,0,1,3,9,-1.0,-1.8369701987210297e-16,0
111/09/16,28.08,33.6,23.32,11.5,0.0,0.0,70.0,5.58,27.22666666666667,32.38,23.333333333333332,9.533333333333333,75.33333333333333,6.566666666666667,5.199999999999999,9.9,0.4,1.0,10.280000000000001,0,0,0,0,0,0,0,9,-1.0,-1.8369701987210297e-16,0
111/09/17,27.3,32.92,24.160000000000004,9.1,0.0,0.0,75.0,8.059999999999999,27.573333333333334,33.39333333333334,23.48,10.4,73.0,6.486666666666667,0.1,9.9,0.0,1.0,8.759999999999998,0,0,0,0,0,0,0,9,-1.0,-1.8369701987210297e-16,0
111/09/18,27.02,32.52,23.3,9.6,0.0,0.0,75.6,7.62,27.46666666666667,33.013333333333335,23.593333333333334,10.066666666666666,73.53333333333335,7.086666666666666,0.0,9.6,0.0,1.0,9.220000000000002,0,0,0,0,0,0,0,9,-1.0,-1.8369701987210297e-16,0
111/09/19,27.08,32.760000000000005,23.16,6.1,0.0,0.0,74.4,5.3,27.133333333333336,32.733333333333334,23.540000000000003,8.266666666666666,75.0,6.993333333333332,0.0,9.6,0.0,1.0,9.600000000000005,0,0,0,0,0,0,0,9,-1.0,-1.8369701987210297e-16,0
111/09/20,27.2,33.7,23.46,7.7,11.2,0.4,75.0,8.78,27.099999999999998,32.99333333333333,23.30666666666667,7.8,75.0,7.233333333333333,11.2,16.4,0.4,0.8,10.240000000000002,0,0,0,0,0,1,1,9,-1.0,-1.8369701987210297e-16,0
111/09/21,26.380000000000003,30.68,23.68,3.5,4.9,0.0,81.8,6.7,26.886666666666667,32.38,23.433333333333334,5.766666666666667,77.06666666666666,6.926666666666666,16.1,16.2,0.4,0.4,7.0,0,0,0,0,0,1,2,9,-1.0,-1.8369701987210297e-16,0
111/09/22,26.46,31.06,22.7,9.5,0.2,0.0,75.6,6.16,26.680000000000003,31.813333333333333,23.28,6.900000000000001,77.46666666666667,7.213333333333334,16.3,16.299999999999997,0.4,0.4,8.36,0,0,0,0,0,1,3,9,-1.0,-1.8369701987210297e-16,0
111/09/23,26.54,31.54,23.4,9.0,0.1,0.0,75.6,5.8,26.459999999999997,31.093333333333334,23.26,7.333333333333333,77.66666666666666,6.22,5.2,16.4,0.0,0.4,8.14,0,0,0,0,0,1,4,9,-1.0,-1.8369701987210297e-16,0
111/09/24,26.42,31.74,22.3,9.0,0.0,0.0,74.0,6.1,26.473333333333333,31.44666666666667,22.8,9.166666666666666,75.06666666666666,6.0200000000000005,0.30000000000000004,16.4,0.0,0.4,9.439999999999998,0,0,0,0,0,0,0,9,-1.0,-1.8369701987210297e-16,0
111/09/25,26.12,30.8,22.76,7.1,0.0,0.0,76.0,6.779999999999999,26.36,31.36,22.820000000000004,8.366666666666667,75.2,6.226666666666667,0.1,16.4,0.0,0.4,8.04,0,0,0,0,0,0,0,9,-1.0,-1.8369701987210297e-16,0
111/09/26,26.56,32.12,22.84,9.7,0.1,0.0,81.4,6.640000000000001,26.36666666666667,31.55333333333333,22.633333333333336,8.6,77.13333333333334,6.506666666666667,0.1,16.499999999999996,0.0,0.4,9.279999999999998,0,0,0,0,0,1,1,9,-1.0,-1.8369701987210297e-16,0
111/09/27,27.875,32.9,24.2,,0.0,,80.5,5.875,26.85166666666667,31.939999999999998,23.26666666666667,,79.3,6.4316666666666675,0.1,5.300000000000001,,,8.7,0,0,0,0,0,0,0,9,-1.0,-1.8369701987210297e-16,0
111/09/28,28.360000000000003,33.58,24.62,9.9,0.1,0.0,79.2,5.62,27.598333333333333,32.86666666666667,23.886666666666667,,80.36666666666667,6.045000000000001,0.2,0.5,,,8.959999999999997,0,0,0,0,0,1,1,9,-1.0,-1.8369701987210297e-16,0
111/09/29,28.3,33.620000000000005,24.52,9.1,1.1,0.0,79.4,6.0600000000000005,28.17833333333333,33.36666666666667,24.44666666666667,,79.7,5.851666666666667,1.2000000000000002,1.4000000000000001,,,9.100000000000005,0,0,0,0,0,1,2,9,-1.0,-1.8369701987210297e-16,0
111/09/30,28.0,32.44,25.16,6.2,0.0,0.0,79.0,5.64,28.22,33.21333333333333,24.766666666666666,8.4,79.2,5.773333333333333,1.2000000000000002,1.3,0.0,,7.279999999999998,0,0,0,0,0,0,0,9,-1.0,-1.8369701987210297e-16,0
111/10/01,28.12,33.12,24.68,9.0,0.0,0.0,77.2,5.779999999999999,28.14,33.06,24.786666666666665,8.100000000000001,78.53333333333335,5.826666666666665,1.1,1.3,0.0,,8.439999999999998,0,0,0,0,0,0,0,10,-0.8660254037844386,0.5000000000000001,0
111/10/02,28.02,33.28,23.96,10.4,0.0,0.0,77.8,5.76,28.046666666666667,32.946666666666665,24.599999999999998,8.533333333333333,78.0,5.726666666666667,0.0,1.3,0.0,,9.32,0,0,0,0,0,0,0,10,-0.8660254037844386,0.5000000000000001,0
111/10/03,28.12,33.22,24.380000000000003,8.9,0.0,0.0,78.6,5.62,28.08666666666667,33.20666666666667,24.340000000000003,9.433333333333335,77.86666666666666,5.72,0.0,1.2000000000000002,0.0,,8.839999999999996,0,0,0,0,0,0,0,10,-0.8660254037844386,0.5000000000000001,0
111/10/04,28.04,33.9,24.24,8.9,0.0,0.0,79.4,5.4,28.060000000000002,33.46666666666666,24.19333333333333,9.4,78.60000000000001,5.593333333333334,0.0,1.2000000000000002,0.0,0.0,9.66,0,0,0,0,0,0,0,10,-0.8660254037844386,0.5000000000000001,0
111/10/05,28.34,32.78,25.74,7.9,0.5,0.0,79.0,5.46,28.166666666666668,33.3,24.786666666666665,8.566666666666668,79.0,5.493333333333333,0.5,1.6,0.0,0.0,7.040000000000003,0,0,0,0,0,1,1,10,-0.8660254037844386,0.5000000000000001,0
111/10/06,28.46,33.22,24.7,8.6,0.0,0.0,75.6,5.779999999999999,28.28,33.3,24.89333333333333,8.466666666666669,78.0,5.546666666666667,0.5,0.5,0.0,0.0,8.52,0,0,0,0,0,0,0,10,-0.8660254037844386,0.5000000000000001,0
111/10/07,27.8,33.64,23.66,8.3,1.9,0.0,77.8,6.48,28.2,33.21333333333333,24.7,8.266666666666667,77.46666666666665,5.906666666666666,2.4,2.4,0.0,0.0,9.98,0,0,0,0,0,1,1,10,-0.8660254037844386,0.5000000000000001,0
111/10/08,27.1,32.42,23.9,7.8,4.2,0.0,79.8,8.34,27.786666666666665,33.09333333333333,24.08666666666667,8.233333333333334,77.73333333333333,6.866666666666667,6.1,6.6,0.0,0.0,8.520000000000003,0,0,0,0,0,1,2,10,-0.8660254037844386,0.5000000000000001,0
111/10/09,26.42,31.160000000000004,23.52,5.8,0.4,1.2,81.4,6.08,27.10666666666667,32.406666666666666,23.69333333333333,7.300000000000001,79.66666666666667,6.966666666666666,6.500000000000001,7.000000000000001,1.2,1.2,7.640000000000004,0,0,0,0,0,1,3,10,-0.8660254037844386,0.5000000000000001,0
111/10/10,25.94,30.96,23.5,2.8,0.0,0.0,82.0,7.040000000000001,26.486666666666668,31.513333333333332,23.64,5.466666666666668,81.06666666666666,7.153333333333333,4.600000000000001,7.000000000000001,1.2,1.2,7.460000000000001,0,0,0,0,0,0,0,10,-0.8660254037844386,0.5000000000000001,0
111/10/11,22.84,27.34,19.2,3.1,0.0,0.0,73.6,7.92,25.066666666666666,29.819999999999997,22.073333333333334,3.900000000000001,79.0,7.013333333333333,0.4,7.000000000000001,1.2,1.2,8.14,0,0,0,0,0,0,0,10,-0.8660254037844386,0.5000000000000001,0
111/10/12,22.24,26.380000000000003,19.06,0.0,0.0,0.0,71.2,4.74,23.673333333333332,28.226666666666663,20.586666666666666,1.966666666666668,75.60000000000001,6.566666666666667,0.0,6.500000000000001,0.0,1.2,7.320000000000004,0,0,0,0,0,0,0,10,-0.8660254037844386,0.5000000000000001,0
111/10/13,23.78,29.9,19.3,10.8,0.0,0.0,74.8,7.44,22.953333333333333,27.87333333333333,19.186666666666667,4.6333333333333355,73.2,6.7,0.0,6.500000000000001,0.0,1.2,10.599999999999998,0,0,0,0,0,0,0,10,-0.8660254037844386,0.5000000000000001,0
111/10/14,24.86,31.32,20.32,10.6,0.0,0.0,78.4,7.159999999999999,23.626666666666665,29.2,19.56,7.1333333333333355,74.8,6.446666666666666,0.0,4.600000000000001,0.0,1.2,11.0,0,0,0,0,0,0,0,10,-0.8660254037844386,0.5000000000000001,0
111/10/15,25.18,30.14,21.86,6.3,0.0,0.0,79.2,6.16,24.60666666666667,30.453333333333333,20.493333333333336,9.233333333333336,77.46666666666667,6.919999999999999,0.0,0.4,0.0,1.2,8.280000000000001,0,0,0,0,0,0,0,10,-0.8660254037844386,0.5000000000000001,0
111/10/16,25.08,29.72,21.46,4.5,0.0,0.0,83.8,5.86,25.040000000000003,30.39333333333333,21.213333333333335,7.1333333333333355,80.46666666666668,6.3933333333333335,0.0,0.0,0.0,0.0,8.259999999999998,0,0,0,0,0,0,0,10,-0.8660254037844386,0.5000000000000001,0
111/10/17,24.68,27.12,23.32,0.0,2.2,1.9,93.6,4.720000000000001,24.98,28.99333333333333,22.213333333333335,3.6000000000000014,85.53333333333332,5.580000000000001,2.2,2.2,1.9,1.9,3.8000000000000007,0,0,0,0,0,1,1,10,-0.8660254037844386,0.5000000000000001,0
111/10/18,24.46,29.5,21.04,2.8,0.1,0.0,84.6,8.879999999999999,24.74,28.78,21.939999999999998,2.433333333333335,87.33333333333333,6.486666666666667,2.3000000000000003,2.3000000000000003,1.9,1.9,8.46,0,0,0,0,0,1,2,10,-0.8660254037844386,0.5000000000000001,0
111/10/19,21.78,25.6,19.58,2.6,0.0,0.0,74.6,6.659999999999999,23.64,27.406666666666666,21.313333333333333,1.8000000000000018,84.26666666666665,6.753333333333334,2.3000000000000003,2.3000000000000003,1.9,1.9,6.020000000000003,0,0,0,0,0,0,0,10,-0.8660254037844386,0.5000000000000001,0
111/10/20,22.96,28.94,19.64,7.4,0.1,0.0,70.4,6.24,23.066666666666666,28.013333333333332,20.086666666666662,4.266666666666668,76.53333333333335,7.259999999999999,0.2,2.4000000000000004,0.0,1.9,9.3,0,0,0,0,0,1,1,10,-0.8660254037844386,0.5000000000000001,0
111/10/21,24.32,30.0,20.3,9.9,0.1,0.0,73.6,6.659999999999999,23.02,28.179999999999996,19.84,6.6333333333333355,72.86666666666666,6.52,0.2,2.5,0.0,1.9,9.7,0,0,0,0,0,1,2,10,-0.8660254037844386,0.5000000000000001,0
111/10/22,24.24,29.6,20.0,9.1,0.1,0.0,80.6,6.16,23.84,29.513333333333332,19.98,8.800000000000002,74.86666666666667,6.353333333333333,0.30000000000000004,2.6,0.0,1.9,9.600000000000001,0,0,0,0,0,1,3,10,-0.8660254037844386,0.5000000000000001,0
111/10/23,24.82,29.18,21.54,0.4,0.018,0.1,84.4,4.46,24.459999999999997,29.593333333333334,20.613333333333333,6.466666666666669,79.53333333333332,5.760000000000001,0.218,2.6180000000000003,0.1,2.0,7.640000000000001,0,0,0,0,0,1,4,10,-0.8660254037844386,0.5000000000000001,0
111/10/24,24.08,27.28,21.8,0.1,0.018,0.5,88.4,6.48,24.379999999999995,28.686666666666667,21.113333333333333,3.2000000000000015,84.46666666666668,5.7,0.136,0.436,0.6,0.6,5.48,0,0,0,0,0,1,5,10,-0.8660254037844386,0.5000000000000001,0
111/10/25,22.6,26.14,20.42,0.2,0.0,0.0,76.6,5.64,23.833333333333332,27.53333333333333,21.253333333333334,0.23333333333333514,83.13333333333333,5.526666666666666,0.036,0.33599999999999997,0.6,0.6,5.719999999999999,0,0,0,0,0,0,0,10,-0.8660254037844386,0.5000000000000001,0
111/10/26,22.58,27.33333333333333,19.5,3.7,0.1,0.0,71.4,5.7,23.086666666666662,26.917777777777776,20.573333333333334,1.333333333333335,78.80000000000001,5.94,0.11800000000000001,0.436,0.5,0.6,7.833333333333329,0,0,0,0,0,1,1,10,-0.8660254037844386,0.5000000000000001,0
111/10/27,23.52,28.96,19.62,7.5,0.1,0.0,75.2,6.08,22.900000000000002,27.477777777777774,19.846666666666668,3.800000000000002,74.39999999999999,5.806666666666666,0.2,0.43600000000000005,0.0,0.6,9.34,0,0,0,0,0,1,2,10,-0.8660254037844386,0.5000000000000001,0
111/10/28,24.32,28.94,20.82,7.5,0.1,0.0,76.4,7.0,23.473333333333333,28.411111111111108,19.98,6.233333333333335,74.33333333333334,6.260000000000001,0.30000000000000004,0.43600000000000005,0.0,0.6,8.120000000000001,0,0,0,0,0,1,3,10,-0.8660254037844386,0.5000000000000001,0
111/10/29,24.52,29.48,20.46,8.2,0.1,0.0,80.0,5.5600000000000005,24.12,29.126666666666665,20.3,7.733333333333334,77.2,6.213333333333334,0.30000000000000004,0.43600000000000005,0.0,0.6,9.02,0,0,0,0,0,1,4,10,-0.8660254037844386,0.5000000000000001,0
111/10/30,24.34,30.22,20.94,9.7,0.1,0.0,80.8,5.8,24.393333333333334,29.546666666666663,20.74,8.466666666666669,79.06666666666666,6.12,0.30000000000000004,0.518,0.0,0.5,9.279999999999998,0,0,0,0,0,1,5,10,-0.8660254037844386,0.5000000000000001,0
111/10/31,24.3,29.9,20.34,6.2,0.0,0.0,82.6,5.279999999999999,24.386666666666667,29.866666666666664,20.580000000000002,8.033333333333335,81.13333333333333,5.546666666666667,0.2,0.5,0.0,0.0,9.559999999999999,0,0,0,0,0,0,0,10,-0.8660254037844386,0.5000000000000001,0
111/11/01,22.68,25.4,20.72,0.0,4.4,6.5,92.8,8.780000000000001,23.77333333333333,28.50666666666666,20.666666666666668,5.300000000000002,85.39999999999999,6.62,4.5,4.9,6.5,6.5,4.68,0,0,0,0,0,1,1,11,-0.5000000000000004,0.8660254037844384,1
111/11/02,23.28,28.74,20.18,3.1,0.618,0.2,82.2,5.459999999999999,23.419999999999998,28.013333333333332,20.413333333333334,3.100000000000002,85.86666666666666,6.506666666666667,5.018000000000001,5.418000000000001,6.7,6.7,8.559999999999999,0,0,0,0,0,1,2,11,-0.5000000000000004,0.8660254037844384,1
111/11/03,23.380000000000003,28.98,19.5,4.5,0.1,0.0,84.2,5.34,23.113333333333333,27.706666666666663,20.133333333333333,2.5333333333333354,86.40000000000002,6.526666666666666,5.118,5.418,6.7,6.7,9.48,0,0,0,0,0,1,3,11,-0.5000000000000004,0.8660254037844384,1
111/11/04,25.12,31.14,20.92,8.0,0.1,0.0,83.6,5.92,23.926666666666666,29.619999999999994,20.2,5.200000000000002,83.33333333333333,5.573333333333333,0.8180000000000001,5.418,0.2,6.7,10.219999999999999,0,0,0,0,0,1,4,11,-0.5000000000000004,0.8660254037844384,1
111/11/05,23.76,29.34,20.54,4.5,0.1,0.0,85.8,5.84,24.08666666666667,29.819999999999997,20.32,5.666666666666669,84.53333333333335,5.7,0.30000000000000004,5.418,0.0,6.7,8.8,0,0,0,0,0,1,5,11,-0.5000000000000004,0.8660254037844384,1
111/11/06,21.4,24.64,19.46,1.2,0.0,0.0,83.6,4.84,23.426666666666666,28.37333333333333,20.30666666666667,4.566666666666669,84.33333333333333,5.533333333333334,0.2,5.3180000000000005,0.0,6.7,5.18,0,0,0,0,0,0,0,11,-0.5000000000000004,0.8660254037844384,1
111/11/07,22.14,28.08,18.660000000000004,3.2,0.1,0.0,81.4,5.82,22.433333333333334,27.353333333333328,19.553333333333335,2.9666666666666686,83.60000000000001,5.5,0.2,5.418,0.0,6.7,9.419999999999995,0,0,0,0,0,1,1,11,-0.5000000000000004,0.8660254037844384,1
111/11/08,23.04,29.02,19.0,7.4,0.1,0.0,85.4,5.38,22.19333333333333,27.246666666666666,19.040000000000003,3.933333333333336,83.46666666666665,5.346666666666667,0.2,1.118,0.0,0.2,10.02,0,0,0,0,0,1,2,11,-0.5000000000000004,0.8660254037844384,1
111/11/09,23.44,27.9,20.84,1.6,0.0,0.0,87.6,6.3,22.873333333333335,28.33333333333333,19.5,4.066666666666669,84.80000000000001,5.833333333333333,0.2,0.5,0.0,0.0,7.059999999999999,0,0,0,0,0,0,0,11,-0.5000000000000004,0.8660254037844384,1
111/11/10,24.24,30.5,19.880000000000003,7.9,0.0,0.0,84.4,5.58,23.573333333333334,29.139999999999997,19.906666666666666,5.6333333333333355,85.8,5.753333333333333,0.1,0.4,0.0,0.0,10.619999999999997,0,0,0,0,0,0,0,11,-0.5000000000000004,0.8660254037844384,1
111/11/11,24.32,29.380000000000003,20.96,8.6,0.2,0.0,86.2,6.04,24.0,29.26,20.560000000000002,6.033333333333336,86.06666666666668,5.973333333333334,0.2,0.5,0.0,0.0,8.420000000000002,0,0,0,0,0,1,1,11,-0.5000000000000004,0.8660254037844384,1
111/11/12,24.96,31.14,21.92,7.4,0.1,0.0,85.6,5.18,24.50666666666667,30.34,20.92,7.966666666666669,85.39999999999999,5.6000000000000005,0.30000000000000004,0.5,0.0,0.0,9.219999999999999,0,0,0,0,0,1,2,11,-0.5000000000000004,0.8660254037844384,1
111/11/13,24.86,30.380000000000003,21.98,6.9,0.1,0.0,87.4,5.26,24.713333333333335,30.299999999999997,21.620000000000005,7.6333333333333355,86.40000000000002,5.493333333333333,0.4,0.6000000000000001,0.0,0.0,8.400000000000002,0,0,0,0,0,1,3,11,-0.5000000000000004,0.8660254037844384,1
111/11/14,24.3,30.34,21.38,6.1,0.1,0.0,87.0,5.64,24.706666666666667,30.62,21.76,6.800000000000002,86.66666666666667,5.359999999999999,0.30000000000000004,0.6,0.0,0.0,8.96,0,0,0,0,0,1,4,11,-0.5000000000000004,0.8660254037844384,1
111/11/15,23.78,29.3,20.46,5.7,0.1,0.0,85.4,5.3,24.313333333333333,30.006666666666664,21.27333333333333,6.233333333333335,86.60000000000001,5.3999999999999995,0.30000000000000004,0.6,0.0,0.0,8.84,0,0,0,0,0,1,5,11,-0.5000000000000004,0.8660254037844384,1
111/11/16,23.98,30.2,19.98,6.8,0.2,0.0,83.6,6.640000000000001,24.02,29.946666666666662,20.606666666666666,6.200000000000003,85.33333333333333,5.859999999999999,0.4,0.8,0.0,0.0,10.219999999999999,0,0,0,0,0,1,6,11,-0.5000000000000004,0.8660254037844384,1
111/11/17,23.18,28.125,21.075,3.3,0.1,0.0,88.8,5.175,23.646666666666665,29.208333333333332,20.505,5.266666666666669,85.93333333333334,5.705000000000001,0.4,0.9,0.0,0.0,7.050000000000001,0,0,0,0,0,1,7,11,-0.5000000000000004,0.8660254037844384,1
111/11/18,24.08,29.84,20.42,9.3,0.1,0.0,81.0,7.159999999999999,23.74666666666667,29.388333333333332,20.49166666666667,6.4666666666666694,84.46666666666665,6.324999999999999,0.4,0.8,0.0,0.0,9.419999999999998,0,0,0,0,0,1,8,11,-0.5000000000000004,0.8660254037844384,1
111/11/19,24.08,30.82,20.16,7.7,0.1,0.0,84.2,6.6,23.78,29.595,20.551666666666666,6.766666666666669,84.66666666666667,6.3116666666666665,0.30000000000000004,0.8,0.0,0.0,10.66,0,0,0,0,0,1,9,11,-0.5000000000000004,0.8660254037844384,1
111/11/20,23.48,28.76,20.92,5.9,0.1,0.0,88.4,5.779999999999999,23.88,29.80666666666666,20.5,7.633333333333336,84.53333333333333,6.513333333333333,0.30000000000000004,0.8,0.0,0.0,7.84,0,0,0,0,0,1,10,11,-0.5000000000000004,0.8660254037844384,1
111/11/21,23.880000000000003,29.56,20.9,4.9,0.1,0.0,86.4,5.26,23.813333333333333,29.713333333333328,20.66,6.166666666666669,86.33333333333333,5.879999999999999,0.30000000000000004,0.8,0.0,0.0,8.66,0,0,0,0,0,1,11,11,-0.5000000000000004,0.8660254037844384,1
111/11/22,24.48,29.6,21.04,5.9,0.0,0.0,84.0,4.54,23.94666666666667,29.30666666666667,20.953333333333333,5.56666666666667,86.26666666666667,5.193333333333333,0.2,0.7000000000000001,0.0,0.0,8.560000000000002,0,0,0,0,0,0,0,11,-0.5000000000000004,0.8660254037844384,1
111/11/23,24.2,28.52,21.2,1.3,0.218,0.7,87.0,5.0200000000000005,24.186666666666667,29.226666666666663,21.046666666666667,4.033333333333336,85.8,4.94,0.318,0.718,0.7,0.7,7.32,0,0,0,0,0,1,1,11,-0.5000000000000004,0.8660254037844384,1
111/11/24,24.12,28.76,21.58,1.9,0.118,0.3,88.6,5.82,24.26666666666667,28.959999999999997,21.27333333333333,3.0333333333333354,86.53333333333335,5.126666666666666,0.33599999999999997,0.736,1.0,1.0,7.180000000000003,0,0,0,0,0,1,2,11,-0.5000000000000004,0.8660254037844384,1
111/11/25,23.42,27.74,20.82,0.7,0.018,0.1,87.6,4.1,23.913333333333338,28.34,21.2,1.3000000000000023,87.73333333333333,4.98,0.354,0.654,1.0999999999999999,1.0999999999999999,6.919999999999998,0,0,0,0,0,1,3,11,-0.5000000000000004,0.8660254037844384,1
111/11/26,23.380000000000003,27.94,21.04,0.8,1.218,0.1,90.4,5.720000000000001,23.64,28.146666666666665,21.146666666666665,1.1333333333333355,88.86666666666667,5.213333333333334,1.3539999999999999,1.772,0.5,1.2,6.900000000000002,0,0,0,0,0,1,4,11,-0.5000000000000004,0.8660254037844384,1
111/11/27,23.4,26.44,20.68,1.6,0.318,0.1,81.4,7.959999999999999,23.400000000000002,27.37333333333333,20.846666666666664,1.0333333333333357,86.46666666666665,5.926666666666667,1.5539999999999998,1.99,0.30000000000000004,1.3,5.760000000000002,0,0,0,0,0,1,5,11,-0.5000000000000004,0.8660254037844384,1
111/11/28,24.4,29.46,20.72,5.7,0.0,0.0,80.2,5.220000000000001,23.72666666666667,27.94666666666667,20.813333333333333,2.700000000000003,84.0,6.3,1.536,1.8900000000000001,0.2,1.3,8.740000000000002,0,0,0,0,0,0,0,11,-0.5000000000000004,0.8660254037844384,1
111/11/29,26.44,32.88,20.9,9.5,0.0,0.0,76.2,6.58,24.746666666666666,29.593333333333334,20.766666666666666,5.600000000000002,79.26666666666667,6.586666666666667,0.318,1.8900000000000001,0.1,1.3,11.980000000000004,0,0,0,0,0,0,0,11,-0.5000000000000004,0.8660254037844384,1
111/11/30,26.8,32.72,22.96,8.8,0.0,0.0,77.0,6.62,25.88,31.686666666666667,21.526666666666667,8.000000000000002,77.8,6.140000000000001,0.0,1.672,0.0,0.6,9.759999999999998,0,0,0,0,0,0,0,11,-0.5000000000000004,0.8660254037844384,1
111/12/01,23.06,27.56,19.0,5.7,0.0,0.0,77.0,7.659999999999999,25.433333333333334,31.053333333333327,20.953333333333333,8.000000000000004,76.73333333333333,6.953333333333333,0.0,1.554,0.0,0.30000000000000004,8.559999999999999,0,0,0,0,0,0,0,12,-2.4492935982947064e-16,1.0,1
111/12/02,20.76,25.98,17.880000000000003,8.9,0.0,0.0,76.4,6.12,23.540000000000003,28.75333333333333,19.94666666666667,7.800000000000003,76.8,6.8,0.0,1.536,0.0,0.2,8.099999999999998,0,0,0,0,0,0,0,12,-2.4492935982947064e-16,1.0,1
111/12/03,20.64,26.160000000000004,17.740000000000002,5.5,0.0,0.0,81.0,6.8,21.486666666666668,26.566666666666663,18.206666666666667,6.700000000000003,78.13333333333334,6.859999999999999,0.0,0.318,0.0,0.1,8.420000000000002,0,0,0,0,0,0,0,12,-2.4492935982947064e-16,1.0,1
111/12/04,21.9,28.76,17.5,9.2,0.0,0.0,83.8,5.24,21.099999999999998,26.966666666666665,17.706666666666667,7.86666666666667,80.39999999999999,6.053333333333334,0.0,0.0,0.0,0.0,11.260000000000002,0,0,0,0,0,0,0,12,-2.4492935982947064e-16,1.0,1
111/12/05,21.22,24.62,18.82,0.1,0.0,0.0,88.8,5.7,21.253333333333334,26.513333333333332,18.02,4.933333333333335,84.53333333333333,5.913333333333334,0.0,0.0,0.0,0.0,5.800000000000001,0,0,0,0,0,0,0,12,-2.4492935982947064e-16,1.0,1
111/12/06,20.2,24.9,16.34,7.3,0.0,0.0,81.0,9.24,21.106666666666666,26.093333333333334,17.553333333333335,5.533333333333335,84.53333333333333,6.726666666666667,0.0,0.0,0.0,0.0,8.559999999999999,0,0,0,0,0,0,0,12,-2.4492935982947064e-16,1.0,1
111/12/07,18.86,24.46,15.72,3.7,0.0,0.0,80.0,4.9,20.093333333333334,24.659999999999997,16.959999999999997,3.7000000000000024,83.26666666666667,6.613333333333334,0.0,0.0,0.0,0.0,8.74,0,0,0,0,0,0,0,12,-2.4492935982947064e-16,1.0,1
111/12/08,20.28,26.42,16.86,8.7,0.0,0.0,79.4,8.080000000000002,19.78,25.26,16.30666666666667,6.566666666666669,80.13333333333334,7.406666666666667,0.0,0.0,0.0,0.0,9.560000000000002,0,0,0,0,0,0,0,12,-2.4492935982947064e-16,1.0,1
111/12/09,19.68,26.380000000000003,15.16,9.9,0.0,0.0,79.4,7.62,19.606666666666666,25.75333333333333,15.913333333333332,7.4333333333333345,79.60000000000001,6.866666666666667,0.0,0.0,0.0,0.0,11.220000000000002,0,0,0,0,0,0,0,12,-2.4492935982947064e-16,1.0,1
111/12/10,18.9,24.5,14.3,8.9,0.0,0.0,80.2,8.879999999999999,19.62,25.766666666666666,15.44,9.16666666666667,79.66666666666667,8.193333333333333,0.0,0.0,0.0,0.0,10.2,0,0,0,0,0,0,0,12,-2.4492935982947064e-16,1.0,1
111/12/11,19.84,25.76,15.3,7.1,0.0,0.0,79.4,6.26,19.473333333333333,25.546666666666667,14.920000000000002,8.633333333333335,79.66666666666667,7.586666666666666,0.0,0.0,0.0,0.0,10.46,0,0,0,0,0,0,0,12,-2.4492935982947064e-16,1.0,1
111/12/12,19.44,25.64,14.9,8.3,0.0,0.0,76.8,7.220000000000001,19.39333333333333,25.299999999999997,14.833333333333334,8.100000000000003,78.8,7.453333333333333,0.0,0.0,0.0,0.0,10.74,0,0,0,0,0,0,0,12,-2.4492935982947064e-16,1.0,1
111/12/13,18.66,24.28,16.24,4.7,0.0,0.0,75.8,8.919999999999998,19.313333333333336,25.226666666666663,15.479999999999999,6.700000000000003,77.33333333333333,7.466666666666666,0.0,0.0,0.0,0.0,8.040000000000003,0,0,0,0,0,0,0,12,-2.4492935982947064e-16,1.0,1
111/12/14,17.919999999999998,23.64,14.94,5.3,0.018,0.1,79.2,5.92,18.673333333333332,24.519999999999996,15.36,6.100000000000002,77.26666666666667,7.353333333333333,0.018,0.018,0.1,0.1,8.700000000000001,0,0,0,0,0,1,1,12,-2.4492935982947064e-16,1.0,1
111/12/15,16.759999999999998,18.96,15.04,0.0,0.0,0.0,79.6,5.779999999999999,17.78,22.293333333333333,15.406666666666666,3.3333333333333357,78.2,6.873333333333332,0.018,0.018,0.1,0.1,3.9200000000000017,0,0,0,0,0,0,0,12,-2.4492935982947064e-16,1.0,1
111/12/16,18.5,24.44,15.46,4.8,0.0,0.0,81.2,5.96,17.726666666666663,22.346666666666664,15.146666666666667,3.366666666666669,80.0,5.886666666666666,0.018,0.018,0.1,0.1,8.98,0,0,0,0,0,0,0,12,-2.4492935982947064e-16,1.0,1
111/12/17,19.74,25.74,16.380000000000003,4.2,0.0,0.0,84.0,7.2,18.333333333333332,23.046666666666663,15.626666666666667,3.000000000000002,81.60000000000001,6.313333333333333,0.0,0.018,0.0,0.1,9.359999999999996,0,0,0,0,0,0,0,12,-2.4492935982947064e-16,1.0,1
111/12/18,14.1,18.5,11.325,0.3,33.6,6.8,91.2,11.15,17.446666666666665,22.89333333333333,14.388333333333335,3.1000000000000028,85.46666666666665,8.103333333333333,33.6,33.618,6.8,6.8999999999999995,7.175000000000001,0,0,0,0,0,1,1,12,-2.4492935982947064e-16,1.0,1
111/12/19,11.46,14.4,9.45,0.6,0.718,1.0,65.8,8.325,15.100000000000001,19.546666666666663,12.385,1.7000000000000022,80.33333333333333,8.891666666666666,34.318,34.336,7.8,7.8999999999999995,4.950000000000001,1,0,0,0,0,1,2,12,-2.4492935982947064e-16,1.0,1
111/12/20,14.54,20.12,8.959999999999999,7.5,0.0,0.0,74.8,5.36,13.366666666666667,17.67333333333333,9.911666666666667,2.800000000000002,77.26666666666667,8.278333333333332,34.318,34.336,7.8,7.8999999999999995,11.160000000000002,1,0,0,0,0,0,0,12,-2.4492935982947064e-16,1.0,1
111/12/21,16.44,22.98,10.98,9.6,0.0,0.0,75.6,5.18,14.146666666666667,19.166666666666668,9.796666666666667,5.900000000000002,72.06666666666666,6.288333333333333,0.718,34.318,1.0,7.8,12.0,0,0,0,0,0,0,0,12,-2.4492935982947064e-16,1.0,1
111/12/22,16.3,21.025,12.375,6.1,0.0,0.0,79.8,9.175,15.76,21.374999999999996,10.771666666666667,7.733333333333337,76.73333333333333,6.571666666666666,0.0,34.318,0.0,7.8,8.649999999999999,0,0,0,0,0,0,0,12,-2.4492935982947064e-16,1.0,1
111/12/23,14.88,22.36,10.06,9.7,0.0,0.0,57.4,7.959999999999999,15.873333333333333,22.121666666666666,11.138333333333334,8.466666666666669,70.93333333333332,7.438333333333333,0.0,34.318,0.0,7.8,12.299999999999999,0,0,0,0,0,0,0,12,-2.4492935982947064e-16,1.0,1
111/12/24,13.32,20.4,7.975,9.5,0.0,0.0,64.2,7.300000000000001,14.833333333333334,21.26166666666666,10.136666666666668,8.433333333333335,67.13333333333334,8.145000000000001,0.0,34.318,0.0,7.8,12.424999999999999,1,0,0,0,0,0,0,12,-2.4492935982947064e-16,1.0,1
111/12/25,12.2,19.4,7.52,9.6,0.0,0.0,62.8,7.959999999999999,13.466666666666667,20.72,8.518333333333333,9.600000000000001,61.46666666666667,7.739999999999999,0.0,0.718,0.0,1.0,11.879999999999999,1,0,0,0,0,0,0,12,-2.4492935982947064e-16,1.0,1
111/12/26,12.66,20.44,6.82,9.6,0.0,0.0,67.2,5.16,12.726666666666667,20.08,7.438333333333333,9.56666666666667,64.73333333333333,6.8066666666666675,0.0,0.0,0.0,0.0,13.620000000000001,1,1,0,0,0,0,0,12,-2.4492935982947064e-16,1.0,1
111/12/27,14.18,21.08,8.24,9.5,0.0,0.0,71.4,7.540000000000001,13.013333333333334,20.30666666666666,7.526666666666666,9.56666666666667,67.13333333333334,6.886666666666667,0.0,0.0,0.0,0.0,12.839999999999998,1,0,0,0,0,0,0,12,-2.4492935982947064e-16,1.0,1
111/12/28,15.38,23.24,9.28,9.6,0.0,0.0,70.6,5.38,14.073333333333332,21.586666666666662,8.113333333333333,9.566666666666668,69.73333333333333,6.026666666666667,0.0,0.0,0.0,0.0,13.959999999999999,1,0,0,0,0,0,0,12,-2.4492935982947064e-16,1.0,1
111/12/29,16.36,24.06,9.92,9.6,0.0,0.0,73.0,5.08,15.306666666666667,22.793333333333333,9.146666666666667,9.56666666666667,71.66666666666667,6.0,0.0,0.0,0.0,0.0,14.139999999999999,1,0,0,0,0,0,0,12,-2.4492935982947064e-16,1.0,1
111/12/30,16.04,18.86,13.04,0.0,0.0,0.0,85.8,5.5,15.926666666666668,22.05333333333333,10.746666666666664,6.400000000000003,76.46666666666667,5.32,0.0,0.0,0.0,0.0,5.82,0,0,0,0,0,0,0,12,-2.4492935982947064e-16,1.0,1
111/12/31,16.74,20.74,14.94,0.2,0.0,0.0,85.0,7.159999999999999,16.38,21.22,12.633333333333333,3.266666666666669,81.26666666666667,5.913333333333334,0.0,0.0,0.0,0.0,5.799999999999999,0,0,0,0,0,0,0,12,-2.4492935982947064e-16,1.0,1
112/01/01,17.46,23.16,14.22,3.4,0.018,0.1,80.6,5.5200000000000005,16.746666666666666,20.919999999999998,14.066666666666665,1.2000000000000024,83.8,6.06,0.018,0.018,0.1,0.1,8.94,0,0,0,0,0,1,1,1,0.49999999999999994,0.8660254037844387,1
112/01/02,17.82,20.72,15.66,0.0,0.118,2.0,91.4,5.54,17.34,21.539999999999996,14.94,1.2000000000000024,85.66666666666667,6.073333333333333,0.13599999999999998,0.13599999999999998,2.1,2.1,5.059999999999999,0,0,0,0,0,1,2,1,0.49999999999999994,0.8660254037844387,1
112/01/03,17.78,19.32,16.9,0.0,11.1,10.8,97.8,5.58,17.686666666666667,21.066666666666666,15.593333333333334,1.1333333333333357,89.93333333333334,5.546666666666667,11.235999999999999,11.235999999999999,12.9,12.9,2.4200000000000017,0,0,0,0,0,1,3,1,0.49999999999999994,0.8660254037844387,1
112/01/04,17.1,20.48,15.419999999999998,0.2,0.1,0.0,88.4,5.5200000000000005,17.566666666666666,20.173333333333332,15.993333333333334,0.06666666666666904,92.53333333333335,5.546666666666667,11.317999999999998,11.335999999999999,12.8,12.9,5.060000000000002,0,0,0,0,0,1,4,1,0.49999999999999994,0.8660254037844387,1
112/01/05,17.18,22.95,14.325,5.3,0.0,0.0,83.2,5.3,17.353333333333335,20.916666666666664,15.548333333333332,1.8333333333333357,89.80000000000001,5.466666666666666,11.2,11.335999999999999,10.8,12.9,8.625,0,0,0,0,0,0,0,1,0.49999999999999994,0.8660254037844387,1
112/01/06,18.22,24.82,13.34,9.0,0.0,0.0,85.4,6.26,17.5,22.75,14.361666666666665,4.833333333333336,85.66666666666667,5.6933333333333325,0.1,11.335999999999999,0.0,12.9,11.48,0,0,0,0,0,0,0,1,0.49999999999999994,0.8660254037844387,1
112/01/07,18.12,22.84,14.94,5.9,0.0,0.0,86.2,7.959999999999999,17.84,23.53666666666666,14.201666666666666,6.733333333333337,84.93333333333334,6.506666666666667,0.0,11.335999999999999,0.0,12.9,7.9,0,0,0,0,0,0,0,1,0.49999999999999994,0.8660254037844387,1
112/01/08,18.380000000000003,24.880000000000003,14.2,4.5,0.0,0.0,78.6,4.84,18.24,24.179999999999996,14.159999999999998,6.466666666666669,83.40000000000002,6.353333333333333,0.0,11.317999999999998,0.0,12.8,10.680000000000003,0,0,0,0,0,0,0,1,0.49999999999999994,0.8660254037844387,1
112/01/09,19.04,24.92,15.3,7.9,0.0,0.0,80.0,5.119999999999999,18.513333333333335,24.213333333333335,14.813333333333333,6.100000000000002,81.60000000000001,5.973333333333333,0.0,11.2,0.0,10.8,9.620000000000001,0,0,0,0,0,0,0,1,0.49999999999999994,0.8660254037844387,1
112/01/10,18.4,23.52,15.86,2.1,0.0,0.0,88.6,6.56,18.606666666666666,24.439999999999998,15.12,4.833333333333336,82.39999999999999,5.506666666666667,0.0,0.1,0.0,0.0,7.66,0,0,0,0,0,0,0,1,0.49999999999999994,0.8660254037844387,1
112/01/11,19.2,23.04,17.2,0.6,0.0,0.0,88.4,6.24,18.88,23.826666666666664,16.12,3.5333333333333354,85.66666666666667,5.973333333333333,0.0,0.0,0.0,0.0,5.84,0,0,0,0,0,0,0,1,0.49999999999999994,0.8660254037844387,1
112/01/12,18.72,21.48,17.14,0.0,0.018,0.3,92.2,6.36,18.77333333333333,22.679999999999996,16.733333333333334,0.9000000000000025,89.73333333333335,6.386666666666667,0.018,0.018,0.3,0.3,4.34,0,0,0,0,0,1,1,1,0.49999999999999994,0.8660254037844387,1
112/01/13,19.6,24.52,16.94,1.7,0.0,0.0,89.4,4.86,19.173333333333336,23.013333333333332,17.093333333333334,0.7666666666666689,90.0,5.82,0.018,0.018,0.3,0.3,7.579999999999998,0,0,0,0,0,0,0,1,0.49999999999999994,0.8660254037844387,1
112/01/14,22.46,28.68,17.1,8.1,0.1,0.0,75.4,6.04,20.26,24.89333333333333,17.060000000000002,3.266666666666669,85.66666666666667,5.753333333333333,0.11800000000000001,0.11800000000000001,0.3,0.3,11.579999999999998,0,0,0,0,0,1,1,1,0.49999999999999994,0.8660254037844387,1
112/01/15,23.520000000000003,29.42,18.78,6.3,0.0,0.0,77.2,6.44,21.860000000000003,27.539999999999996,17.60666666666667,5.366666666666668,80.66666666666669,5.78,0.1,0.11800000000000001,0.0,0.3,10.64,0,0,0,0,0,0,0,1,0.49999999999999994,0.8660254037844387,1
112/01/16,18.96,24.32,13.88,5.4,0.018,0.1,84.0,6.959999999999999,21.646666666666665,27.47333333333333,16.58666666666667,6.600000000000002,78.86666666666667,6.48,0.11800000000000001,0.136,0.1,0.4,10.44,0,0,0,0,0,1,1,1,0.49999999999999994,0.8660254037844387,1
112/01/17,14.1,17.16,12.22,0.0,0.618,0.4,78.6,7.279999999999999,18.860000000000003,23.63333333333333,14.959999999999999,3.900000000000002,79.93333333333334,6.8933333333333335,0.636,0.754,0.5,0.8,4.9399999999999995,0,0,0,0,0,1,2,1,0.49999999999999994,0.8660254037844387,1
112/01/18,14.919999999999998,19.82,11.44,6.7,0.0,0.0,84.0,7.18,15.993333333333332,20.433333333333334,12.513333333333334,4.033333333333336,82.2,7.14,0.636,0.754,0.5,0.8,8.38,0,0,0,0,0,0,0,1,0.49999999999999994,0.8660254037844387,1
112/01/19,15.22,20.34,12.26,6.8,0.0,0.0,80.2,7.959999999999999,14.746666666666664,19.106666666666666,11.973333333333334,4.500000000000003,80.93333333333334,7.473333333333333,0.618,0.736,0.4,0.5,8.08,0,0,0,0,0,0,0,1,0.49999999999999994,0.8660254037844387,1
112/01/20,15.74,22.62,10.64,9.8,0.0,0.0,79.6,6.7,15.293333333333331,20.926666666666666,11.446666666666667,7.766666666666669,81.26666666666667,7.2799999999999985,0.0,0.736,0.0,0.5,11.98,0,0,0,0,0,0,0,1,0.49999999999999994,0.8660254037844387,1
112/01/21,16.66,22.78,12.02,4.5,0.0,0.0,79.8,6.0600000000000005,15.873333333333335,21.91333333333333,11.64,7.033333333333336,79.86666666666667,6.906666666666666,0.0,0.636,0.0,0.5,10.760000000000002,0,0,0,0,0,0,0,1,0.49999999999999994,0.8660254037844387,1
112/01/22,17.32,24.54,12.22,9.2,0.0,0.0,81.4,6.459999999999999,16.573333333333334,23.313333333333333,11.626666666666667,7.833333333333336,80.26666666666667,6.406666666666666,0.0,0.636,0.0,0.5,12.319999999999999,0,0,0,0,0,0,0,1,0.49999999999999994,0.8660254037844387,1
112/01/23,19.0,25.26,15.46,7.2,0.0,0.0,81.4,6.540000000000001,17.66,24.193333333333328,13.233333333333334,6.966666666666669,80.86666666666667,6.353333333333334,0.0,0.618,0.0,0.4,9.8,0,0,0,0,0,0,0,1,0.49999999999999994,0.8660254037844387,1
112/01/24,18.76,24.24,15.84,3.6,0.0,0.0,84.6,7.06,18.36,24.679999999999996,14.506666666666668,6.666666666666669,82.46666666666668,6.6866666666666665,0.0,0.0,0.0,0.0,8.399999999999999,0,0,0,0,0,0,0,1,0.49999999999999994,0.8660254037844387,1
112/01/25,13.12,16.66,9.46,5.8,0.0,0.0,70.8,12.82,16.96,22.05333333333333,13.586666666666668,5.533333333333336,78.93333333333334,8.806666666666667,0.0,0.0,0.0,0.0,7.199999999999999,1,0,0,0,0,0,0,1,0.49999999999999994,0.8660254037844387,1
112/01/26,12.2,18.64,7.1,9.6,0.0,0.0,66.2,6.36,14.693333333333333,19.846666666666664,10.800000000000002,6.333333333333336,73.86666666666667,8.746666666666668,0.0,0.0,0.0,0.0,11.540000000000001,1,0,0,0,0,0,0,1,0.49999999999999994,0.8660254037844387,1
112/01/27,15.18,21.32,10.36,10.2,0.0,0.0,74.4,7.340000000000001,13.5,18.87333333333333,8.973333333333333,8.533333333333335,70.46666666666668,8.84,0.0,0.0,0.0,0.0,10.96,0,0,0,0,0,0,0,1,0.49999999999999994,0.8660254037844387,1
112/01/28,13.52,18.94,9.58,10.0,0.0,0.0,69.2,11.92,13.633333333333333,19.63333333333333,9.013333333333334,9.933333333333335,69.93333333333334,8.54,0.0,0.0,0.0,0.0,9.360000000000001,1,0,0,0,0,0,0,1,0.49999999999999994,0.8660254037844387,1
112/01/29,10.76,15.560000000000002,7.42,6.8,0.0,0.0,58.4,8.059999999999999,13.15333333333333,18.606666666666666,9.12,9.000000000000002,67.33333333333334,9.106666666666667,0.0,0.0,0.0,0.0,8.140000000000002,1,0,0,0,0,0,0,1,0.49999999999999994,0.8660254037844387,1
112/01/30,12.72,19.96,6.959999999999999,8.8,0.0,0.0,69.4,8.02,12.333333333333334,18.153333333333332,7.986666666666667,8.533333333333337,65.66666666666667,9.33333333333333,0.0,0.0,0.0,0.0,13.000000000000002,1,1,0,0,0,0,0,1,0.49999999999999994,0.8660254037844387,1
112/01/31,14.3,22.08,8.3,10.1,0.0,0.0,72.8,6.7,12.593333333333334,19.2,7.56,8.56666666666667,66.86666666666667,7.593333333333333,0.0,0.0,0.0,0.0,13.779999999999998,1,0,0,0,0,0,0,1,0.49999999999999994,0.8660254037844387,1
